"Continent","Country","City","State/Province","Airport Name","ICAO","IATA","Channel Description","Stream URL","Webcam URL","NearbyICAOs"
"Africa","Ethiopia","Addis Ababa","","Bole International Airport","HAAB","ADD","HAAB Approach","https://www.liveatc.net/play/haab2_app.pls","",""
"Africa","Ethiopia","Addis Ababa","","Bole International Airport","HAAB","ADD","HAAB Tower","https://www.liveatc.net/play/haab2_twr.pls","",""
"Africa","Kenya","Mombasa","Mombasa","Mombasa Moi International Airport","HKMO","MBA","HKMO Gnd/Twr/App/Radar","https://www.liveatc.net/play/hkmo2.pls","",""
"Africa","Mauritius","Plaine Magnien","","Sir Seewoosagur Ramgoolam International Airport","FIMP","MRU","FIMP Twr/App/Ctr #2","https://www.liveatc.net/play/fimp2.pls","",""
"Asia","Hong Kong","Hong Kong","","Hong Kong International - Chek Lap Kok","VHHH","HKG","VHHH App/Dep/Dir/Zone","https://www.liveatc.net/play/vhhh5.pls","",""
"Asia","Hong Kong","Hong Kong","","Hong Kong International - Chek Lap Kok","VHHH","HKG","VHHH Del/Gnd/Twr/Dir/Misc","https://www.liveatc.net/play/vhhh9.pls","",""
"Asia","Indonesia","Jakarta","","Soekarno-Hatta International Airport","WIII","CGK","Jakarta Radar","https://www.liveatc.net/play/wiii_dep_119750.pls","",""
"Asia","Indonesia","Jakarta","","Soekarno-Hatta International Airport","WIII","CGK","WIII Tower 1","https://www.liveatc.net/play/wiii_twr_120250.pls","",""
"Asia","Indonesia","Jakarta","","Soekarno-Hatta International Airport","WIII","CGK","WIII Tower 2","https://www.liveatc.net/play/wiii_twr_118200.pls","",""
"Asia","Israel","Herzliya","Tel-Aviv","Herzliya Airport","LLHZ","","LLHZ Ground","https://www.liveatc.net/play/llhz2_gnd.pls","","LLBG"
"Asia","Israel","Herzliya","Tel-Aviv","Herzliya Airport","LLHZ","","LLHZ Tower","https://www.liveatc.net/play/llhz2_twr.pls","","LLBG"
"Asia","Israel","Jerusalem","","Ben Gurion International Airport","LLBG","TLV","LLBG Gnd/Twr/App","https://www.liveatc.net/play/llbg2.pls","",""
"Asia","Japan","Fukuoka","","Fukuoka Airport","RJFF","FUK","RJFF App/Radar","https://www.liveatc.net/play/rjff3_app1.pls","",""
"Asia","Japan","Fukuoka","","Fukuoka Airport","RJFF","FUK","RJFF Control (Misc)","https://www.liveatc.net/play/rjff3_ctl.pls","",""
"Asia","Japan","Fukuoka","","Fukuoka Airport","RJFF","FUK","RJFF Del/Gnd/TCA","https://www.liveatc.net/play/rjff3_app2.pls","",""
"Asia","Japan","Fukuoka","","Fukuoka Airport","RJFF","FUK","RJFF Departure","https://www.liveatc.net/play/rjff3_dep.pls","https://youtu.be/cTD7nITGhE0",""
"Asia","Japan","Fukuoka","","Fukuoka Airport","RJFF","FUK","RJFF Tower","https://www.liveatc.net/play/rjff3_twr.pls","https://youtu.be/cTD7nITGhE0",""
"Asia","Japan","Miyazaki","","Miyazaki Airport","RJFM","KMI","RJFM Tower","https://www.liveatc.net/play/rjfm_twr_118300.pls","",""
"Asia","Japan","Osaka","","Osaka International Airport","RJOO","ITM","RJOO Tower","https://www.liveatc.net/play/rjoo1.pls","",""
"Asia","Japan","Sukagawa","","Fukushima Airport","RJSF","FKS","RJSF RDO","https://www.liveatc.net/play/rjsf.pls","",""
"Asia","Japan","Tokyo","","Narita International Airport","RJAA","NRT","RJAA Approach","https://www.liveatc.net/play/rjaa_app_s.pls","https://youtu.be/ZIHxOzhFFUc",""
"Asia","Japan","Tokyo","","Narita International Airport","RJAA","NRT","RJAA ATIS","https://www.liveatc.net/play/rjaa_atis.pls","",""
"Asia","Japan","Tokyo","","Narita International Airport","RJAA","NRT","RJAA Clearance Delivery","https://www.liveatc.net/play/rjaa_del.pls","",""
"Asia","Japan","Tokyo","","Narita International Airport","RJAA","NRT","RJAA Clearance Delivery #1","https://www.liveatc.net/play/rjaa_del1.pls","",""
"Asia","Japan","Tokyo","","Narita International Airport","RJAA","NRT","RJAA Clearance Delivery #2","https://www.liveatc.net/play/rjaa_del2.pls","",""
"Asia","Japan","Tokyo","","Narita International Airport","RJAA","NRT","RJAA Company Channels","https://www.liveatc.net/play/rjaa_co.pls","",""
"Asia","Japan","Tokyo","","Narita International Airport","RJAA","NRT","RJAA Departure","https://www.liveatc.net/play/rjaa_dep.pls","https://youtu.be/ZIHxOzhFFUc",""
"Asia","Japan","Tokyo","","Narita International Airport","RJAA","NRT","RJAA Departure #1","https://www.liveatc.net/play/rjaa_dep1.pls","",""
"Asia","Japan","Tokyo","","Narita International Airport","RJAA","NRT","RJAA Departure #2","https://www.liveatc.net/play/rjaa_dep2.pls","",""
"Asia","Japan","Tokyo","","Narita International Airport","RJAA","NRT","RJAA Emergency/Guard","https://www.liveatc.net/play/rjaa_guard.pls","",""
"Asia","Japan","Tokyo","","Narita International Airport","RJAA","NRT","RJAA Ground #1","https://www.liveatc.net/play/rjaa_gnd1.pls","",""
"Asia","Japan","Tokyo","","Narita International Airport","RJAA","NRT","RJAA Ground #2","https://www.liveatc.net/play/rjaa_gnd2.pls","",""
"Asia","Japan","Tokyo","","Narita International Airport","RJAA","NRT","RJAA Radar 119.025","https://www.liveatc.net/play/rjaa_rdr3.pls","",""
"Asia","Japan","Tokyo","","Narita International Airport","RJAA","NRT","RJAA Radar 120.2","https://www.liveatc.net/play/rjaa_rdr.pls","",""
"Asia","Japan","Tokyo","","Narita International Airport","RJAA","NRT","RJAA Radar 120.6","https://www.liveatc.net/play/rjaa_rdr2.pls","",""
"Asia","Japan","Tokyo","","Narita International Airport","RJAA","NRT","RJAA Radar 132.1","https://www.liveatc.net/play/rjaa_rdr4.pls","",""
"Asia","Japan","Tokyo","","Narita International Airport","RJAA","NRT","RJAA Radar 133.35","https://www.liveatc.net/play/rjaa_rdr5.pls","",""
"Asia","Japan","Tokyo","","Narita International Airport","RJAA","NRT","RJAA Ramp #1","https://www.liveatc.net/play/rjaa_ramp1.pls","",""
"Asia","Japan","Tokyo","","Narita International Airport","RJAA","NRT","RJAA Ramp #2","https://www.liveatc.net/play/rjaa_ramp2.pls","",""
"Asia","Japan","Tokyo","","Narita International Airport","RJAA","NRT","RJAA TCA","https://www.liveatc.net/play/rjaa_tca.pls","",""
"Asia","Japan","Tokyo","","Narita International Airport","RJAA","NRT","RJAA Tokyo Control","https://www.liveatc.net/play/rjaa_control1.pls","",""
"Asia","Japan","Tokyo","","Narita International Airport","RJAA","NRT","RJAA Tower (Both)","https://www.liveatc.net/play/rjaa_twr.pls","https://youtu.be/ZIHxOzhFFUc",""
"Asia","Japan","Tokyo","","Narita International Airport","RJAA","NRT","RJAA Tower #1","https://www.liveatc.net/play/rjaa_twr1.pls","",""
"Asia","Japan","Tokyo","","Narita International Airport","RJAA","NRT","RJAA Tower #2","https://www.liveatc.net/play/rjaa_twr2.pls","",""
"Asia","Japan","Tokyo","","Tokyo International Airport","RJTT","HND","RJTT App/Dep","https://www.liveatc.net/play/rjtt_app_dep.pls","https://youtu.be/2f9NOSw-FqM",""
"Asia","Japan","Tokyo","","Tokyo International Airport","RJTT","HND","RJTT Approach","https://www.liveatc.net/play/rjtt_app.pls","",""
"Asia","Japan","Tokyo","","Tokyo International Airport","RJTT","HND","RJTT ATIS","https://www.liveatc.net/play/rjtt_atis.pls","",""
"Asia","Japan","Tokyo","","Tokyo International Airport","RJTT","HND","RJTT Company Channels","https://www.liveatc.net/play/rjtt2.pls","",""
"Asia","Japan","Tokyo","","Tokyo International Airport","RJTT","HND","RJTT Del/Ground","https://www.liveatc.net/play/rjtt_gnd.pls","",""
"Asia","Japan","Tokyo","","Tokyo International Airport","RJTT","HND","RJTT Del/Twr/TCA/Gnd","https://www.liveatc.net/play/rjtt_twr_tca.pls","",""
"Asia","Japan","Tokyo","","Tokyo International Airport","RJTT","HND","RJTT Departure","https://www.liveatc.net/play/rjtt_dep.pls","",""
"Asia","Japan","Tokyo","","Tokyo International Airport","RJTT","HND","RJTT Tokyo Control","https://www.liveatc.net/play/rjtt_control.pls","",""
"Asia","Japan","Tokyo","","Tokyo International Airport","RJTT","HND","RJTT Twr/TCA","https://www.liveatc.net/play/rjtt_twr.pls","",""
"Asia","Japan","Tokyo","","Yokota Air Base","RJTY","OKO","RJTY Approach","https://www.liveatc.net/play/rjty1_app.pls","",""
"Asia","Japan","Tokyo","","Yokota Air Base","RJTY","OKO","RJTY Approach (UHF)","https://www.liveatc.net/play/rjty1_app_uhf.pls","",""
"Asia","Japan","Tokyo","","Yokota Air Base","RJTY","OKO","RJTY ATIS","https://www.liveatc.net/play/rjty1_atis.pls","",""
"Asia","Japan","Tokyo","","Yokota Air Base","RJTY","OKO","RJTY Ground","https://www.liveatc.net/play/rjty1_gnd.pls","",""
"Asia","Japan","Tokyo","","Yokota Air Base","RJTY","OKO","RJTY Ground/Tower","https://www.liveatc.net/play/rjty1_gnd_twr.pls","",""
"Asia","Japan","Tokyo","","Yokota Air Base","RJTY","OKO","RJTY Tower","https://www.liveatc.net/play/rjty1_twr.pls","",""
"Asia","Malaysia","Kota Kinabalu","","Kota Kinabalu International Airport","WBKK","BKI","WBKK Gnd/Twr/Radar/Control","https://www.liveatc.net/play/wbkk2.pls","",""
"Asia","Malaysia","Panang","","Butterworth Airport","WMKB","BWH","WMKB Radar","https://www.liveatc.net/play/wmkb.pls","",""
"Asia","Pakistan","Karachi","","Jinnah International Airport","OPKC","KHI","OPKC Gnd/Twr/Radar","https://www.liveatc.net/play/opkc.pls","",""
"Asia","Philippines","Manila","","Ninoy Aquino International Airport","RPLL","MNL","Manila Center 120.5","https://www.liveatc.net/play/rpll_control_120500.pls","",""
"Asia","Philippines","Manila","","Ninoy Aquino International Airport","RPLL","MNL","RPLL App/Dep 119.9","https://www.liveatc.net/play/rpll_app_119900.pls","",""
"Asia","Philippines","Manila","","Ninoy Aquino International Airport","RPLL","MNL","RPLL App/Dep 124.4","https://www.liveatc.net/play/rpll_app_124400.pls","",""
"Asia","Philippines","Manila","","Ninoy Aquino International Airport","RPLL","MNL","RPLL App/Dep 124.8","https://www.liveatc.net/play/rpll_app_124800.pls","",""
"Asia","Philippines","Manila","","Ninoy Aquino International Airport","RPLL","MNL","RPLL Ground","https://www.liveatc.net/play/rpll_gnd.pls","",""
"Asia","Philippines","Manila","","Ninoy Aquino International Airport","RPLL","MNL","RPLL Ramp T3","https://www.liveatc.net/play/rpll_ramp1.pls","",""
"Asia","Philippines","Manila","","Ninoy Aquino International Airport","RPLL","MNL","RPLL Ramp T4","https://www.liveatc.net/play/rpll_ramp_t4.pls","",""
"Asia","Philippines","Manila","","Ninoy Aquino International Airport","RPLL","MNL","RPLL Ramp/Taxi 121.7","https://www.liveatc.net/play/rpll_ramp2.pls","",""
"Asia","Philippines","Manila","","Ninoy Aquino International Airport","RPLL","MNL","RPLL Tower","https://www.liveatc.net/play/rpll.pls","",""
"Asia","Russia","Novosibirsk","","Tolmachevo Airport","UNNT","OVB","UNNT Gnd/Twr/App/Radar/Misc","https://www.liveatc.net/play/unnt.pls","",""
"Asia","Singapore","Singapore","","Changi International Airport","WSSS","SIN","WSSS Del/Gnd/App/Radar","https://www.liveatc.net/play/wsss3.pls","",""
"Asia","Taiwan","Kaohsiung","","Kaohsiung International Airport","RCKH","KHH","RCKH Del/Gnd/Twr/App","https://www.liveatc.net/play/rckh2.pls","https://youtu.be/iYCfNQSCqwY",""
"Asia","Taiwan","Taipei","","Taipei Songshan Airport","RCSS","TSA","RCSS Tower/App/Dep","https://www.liveatc.net/play/rcss2.pls","",""
"Europe","Bulgaria","Burgas","","Burgas International Airport","LBBG","BOJ","LBBG Twr/App","https://www.liveatc.net/play/lbbg2.pls","","LBWN"
"Europe","Bulgaria","Plovdiv","","Plovdiv International Airport","LBPD","PDV","LBPD Tower","https://www.liveatc.net/play/lbsf2_lbpd_twr.pls","",""
"Europe","Bulgaria","Sofia","","Sofia International Airport","LBSF","SOF","LBSF Twr/App #2","https://www.liveatc.net/play/lbsf1.pls","",""
"Europe","Estonia","Tallinn","","Tallinn Airport","EETN","TLL","EETN ATIS","https://www.liveatc.net/play/eetn2_atis.pls","",""
"Europe","Estonia","Tallinn","","Tallinn Airport","EETN","TLL","EETN Radar","https://www.liveatc.net/play/eetn2_radar.pls","",""
"Europe","Estonia","Tallinn","","Tallinn Airport","EETN","TLL","EETN Tower","https://www.liveatc.net/play/eetn2_twr.pls","",""
"Europe","Estonia","Tallinn","","Tallinn Airport","EETN","TLL","Tallinn Control (W11)","https://www.liveatc.net/play/eetn3_w11_134325.pls","",""
"Europe","Estonia","Tallinn","","Tallinn Airport","EETN","TLL","Tallinn Control (W12)","https://www.liveatc.net/play/eetn3_w12_127175.pls","",""
"Europe","Greece","Skiathos","","Skiathos International Airport","LGSK","JSI","LGSK Twr/App/ACC","https://www.liveatc.net/play/lgav2.pls","",""
"Europe","Hungary","Budapest","","Budapest Ferihegy International Airport","LHBP","BUD","LHBP Approach (Director)","https://www.liveatc.net/play/lhbp_dir_119510.pls","",""
"Europe","Hungary","Budapest","","Budapest Ferihegy International Airport","LHBP","BUD","LHBP Approach #1","https://www.liveatc.net/play/lhbp_app_122980.pls","",""
"Europe","Hungary","Budapest","","Budapest Ferihegy International Airport","LHBP","BUD","LHBP Approach #2","https://www.liveatc.net/play/lhbp_app_123860.pls","",""
"Europe","Hungary","Budapest","","Budapest Ferihegy International Airport","LHBP","BUD","LHBP ATIS","https://www.liveatc.net/play/lhbp_atis.pls","",""
"Europe","Hungary","Budapest","","Budapest Ferihegy International Airport","LHBP","BUD","LHBP Clearance Delivery #1","https://www.liveatc.net/play/lhbp_del_134540.pls","",""
"Europe","Hungary","Budapest","","Budapest Ferihegy International Airport","LHBP","BUD","LHBP Clearance Delivery #2","https://www.liveatc.net/play/lhbp_del.pls","",""
"Europe","Hungary","Budapest","","Budapest Ferihegy International Airport","LHBP","BUD","LHBP Ground #1","https://www.liveatc.net/play/lhbp_gnd_121905.pls","",""
"Europe","Hungary","Budapest","","Budapest Ferihegy International Airport","LHBP","BUD","LHBP Ground #2","https://www.liveatc.net/play/lhbp_gnd.pls","",""
"Europe","Hungary","Budapest","","Budapest Ferihegy International Airport","LHBP","BUD","LHBP Info #1","https://www.liveatc.net/play/lhbp_info_119350.pls","",""
"Europe","Hungary","Budapest","","Budapest Ferihegy International Airport","LHBP","BUD","LHBP Info #2","https://www.liveatc.net/play/lhbp1_2.pls","",""
"Europe","Hungary","Budapest","","Budapest Ferihegy International Airport","LHBP","BUD","LHBP Tower (Backup)","https://www.liveatc.net/play/lhbp_twr_119980.pls","",""
"Europe","Hungary","Budapest","","Budapest Ferihegy International Airport","LHBP","BUD","LHBP Tower (Main)","https://www.liveatc.net/play/lhbp_twr_118715.pls","",""
"Europe","Hungary","Budapest","","Budapest Ferihegy International Airport","LHBP","BUD","LHCC Budapest Control (118.465)","https://www.liveatc.net/play/lhbp_ctl_118465.pls","",""
"Europe","Hungary","Budapest","","Budapest Ferihegy International Airport","LHBP","BUD","LHCC Budapest Control (120.380)","https://www.liveatc.net/play/lhbp_ctl_120380.pls","",""
"Europe","Hungary","Budapest","","Budapest Ferihegy International Airport","LHBP","BUD","LHCC Budapest Control (120.465)","https://www.liveatc.net/play/lhbp_ctl_120465.pls","",""
"Europe","Hungary","Budapest","","Budapest Ferihegy International Airport","LHBP","BUD","LHCC Budapest Control (127.860)","https://www.liveatc.net/play/lhbp_ctl_127860.pls","",""
"Europe","Hungary","Budapest","","Budapest Ferihegy International Airport","LHBP","BUD","LHCC Budapest Control (132.790)","https://www.liveatc.net/play/lhbp_ctl_132790.pls","",""
"Europe","Hungary","Budapest","","Budapest Ferihegy International Airport","LHBP","BUD","LHCC Budapest Control (136.215)","https://www.liveatc.net/play/lhbp_ctl_136215.pls","",""
"Europe","Hungary","Debrecen","","Debrecen Airport","LHDC","DEB","LHDC Info/Tower","https://www.liveatc.net/play/lhdc.pls","",""
"Europe","Ireland","Charlestown","","Ireland West Airport Knock","EIKN","NOC","EIKN Gnd/Twr/App","https://www.liveatc.net/play/eikn2.pls","",""
"Europe","Ireland","Cork","","Cork Airport","EICK","ORK","EICK Gnd/Twr/App/Dep","https://www.liveatc.net/play/eick4_gta.pls","",""
"Europe","Ireland","Dublin","","Dublin International Airport","EIDW","DUB","EIDW Gnd/Twr/App/Centre","https://www.liveatc.net/play/eidw8.pls","",""
"Europe","Ireland","Dublin","","Dublin International Airport","EIDW","DUB","EIDW Tower (North/South)/App","https://www.liveatc.net/play/eidw82.pls","",""
"Europe","Ireland","Dublin","","Dublin International Airport","EIDW","DUB","London Control (North Sea)","https://www.liveatc.net/play/eidw9_ctr_n.pls","",""
"Europe","Ireland","Dublin","","Dublin International Airport","EIDW","DUB","Scottish Control (STAFA)","https://www.liveatc.net/play/eidw9_sc_stafa.pls","",""
"Europe","Ireland","Shannon","","Shannon Airport","EINN","SNN","EINN Shannon Control High (East)","https://www.liveatc.net/play/einn2_high1.pls","",""
"Europe","Ireland","Shannon","","Shannon Airport","EINN","SNN","EINN Shannon Control High (West/Coastal)","https://www.liveatc.net/play/einn2_high2.pls","",""
"Europe","Ireland","Shannon","","Shannon Airport","EINN","SNN","EINN Shannon Control Low","https://www.liveatc.net/play/einn2_low1.pls","",""
"Europe","Ireland","Shannon","","Shannon Airport","EINN","SNN","EINN Twr/App #1","https://www.liveatc.net/play/einn2.pls","",""
"Europe","Latvia","Riga","Riga","Spilve Aerodrome","EVRS","","Spilve CTAF","https://www.liveatc.net/play/evra1_spilve_atz.pls","","EVRA"
"Europe","Latvia","Riga","","Riga International Airport","EVRA","RIX","EVRA Approach","https://www.liveatc.net/play/evra1_app.pls","",""
"Europe","Latvia","Riga","","Riga International Airport","EVRA","RIX","EVRA ATIS","https://www.liveatc.net/play/evra1_atis.pls","",""
"Europe","Latvia","Riga","","Riga International Airport","EVRA","RIX","EVRA FIC","https://www.liveatc.net/play/evra1_fic.pls","",""
"Europe","Latvia","Riga","","Riga International Airport","EVRA","RIX","EVRA Tower","https://www.liveatc.net/play/evra1_twr.pls","",""
"Europe","Latvia","Riga","","Riga International Airport","EVRA","RIX","EVRA Tower/Guard","https://www.liveatc.net/play/evra1_twr_guard.pls","",""
"Europe","Lithuania","Vilnius","","Vilnius International Airport","EYVI","VNO","EYVI App/Dep","https://www.liveatc.net/play/eyvi2_app.pls","",""
"Europe","Lithuania","Vilnius","","Vilnius International Airport","EYVI","VNO","EYVI Twr/App/Misc","https://www.liveatc.net/play/eyvi.pls","",""
"Europe","Moldova","Chisinau","","Chisinau International Airport","LUKK","KIV","LUKK Approach #2","https://www.liveatc.net/play/lukk_app.pls","",""
"Europe","Netherlands","Texel","North-Holland","Texel Airport","EHTX","","EHTX Radio","https://www.liveatc.net/play/ehtx2.pls","","EHKD"
"Europe","Netherlands","Middelburg","Zeeland","Midden-Zeeland Airport","EHMZ","","EHMZ","https://www.liveatc.net/play/ehmz2.pls","","EHFS"
"Europe","Netherlands","Amsterdam","","Schiphol International Airport","EHAM","AMS","EHAA Radar (124.230)","https://www.liveatc.net/play/eham_rdr_124230.pls","",""
"Europe","Netherlands","Amsterdam","","Schiphol International Airport","EHAM","AMS","EHAA Radar ARTIP","https://www.liveatc.net/play/eham_rdr_120555.pls","",""
"Europe","Netherlands","Amsterdam","","Schiphol International Airport","EHAM","AMS","EHAA Radar East Outbound","https://www.liveatc.net/play/eham_rdr_e_out.pls","",""
"Europe","Netherlands","Amsterdam","","Schiphol International Airport","EHAM","AMS","EHAA Radar Northwest","https://www.liveatc.net/play/eham_rdr_nw.pls","",""
"Europe","Netherlands","Amsterdam","","Schiphol International Airport","EHAM","AMS","EHAA Radar RIVER","https://www.liveatc.net/play/eham_rdr_127780.pls","",""
"Europe","Netherlands","Amsterdam","","Schiphol International Airport","EHAM","AMS","EHAA Radar South","https://www.liveatc.net/play/eham_rdr_s.pls","",""
"Europe","Netherlands","Amsterdam","","Schiphol International Airport","EHAM","AMS","EHAA Radar Southwest","https://www.liveatc.net/play/eham_rdr_sw.pls","",""
"Europe","Netherlands","Amsterdam","","Schiphol International Airport","EHAM","AMS","EHAA Radar SUGOL","https://www.liveatc.net/play/eham_rdr_118805.pls","",""
"Europe","Netherlands","Amsterdam","","Schiphol International Airport","EHAM","AMS","EHAM App/Dep (118.080)","https://www.liveatc.net/play/eham_app_118080.pls","",""
"Europe","Netherlands","Amsterdam","","Schiphol International Airport","EHAM","AMS","EHAM App/Dep (119.055)","https://www.liveatc.net/play/eham_app_119055.pls","",""
"Europe","Netherlands","Amsterdam","","Schiphol International Airport","EHAM","AMS","EHAM App/Dep (121.205)","https://www.liveatc.net/play/eham_app_121205.pls","",""
"Europe","Netherlands","Amsterdam","","Schiphol International Airport","EHAM","AMS","EHAM Apron Control (North)","https://www.liveatc.net/play/eham_apron_n.pls","",""
"Europe","Netherlands","Amsterdam","","Schiphol International Airport","EHAM","AMS","EHAM Apron Control (South)","https://www.liveatc.net/play/eham_apron_s.pls","",""
"Europe","Netherlands","Amsterdam","","Schiphol International Airport","EHAM","AMS","EHAM Arrival","https://www.liveatc.net/play/eham_arr_126680.pls","",""
"Europe","Netherlands","Amsterdam","","Schiphol International Airport","EHAM","AMS","EHAM Arrival","https://www.liveatc.net/play/eham_arr_118405.pls","",""
"Europe","Netherlands","Amsterdam","","Schiphol International Airport","EHAM","AMS","EHAM ATIS (Arrival)","https://www.liveatc.net/play/eham_atis_arr.pls","",""
"Europe","Netherlands","Amsterdam","","Schiphol International Airport","EHAM","AMS","EHAM ATIS (Departure)","https://www.liveatc.net/play/eham_atis_dep.pls","",""
"Europe","Netherlands","Amsterdam","","Schiphol International Airport","EHAM","AMS","EHAM Clearance Delivery","https://www.liveatc.net/play/eham_del.pls","",""
"Europe","Netherlands","Amsterdam","","Schiphol International Airport","EHAM","AMS","EHAM Company Channels","https://www.liveatc.net/play/eham_co.pls","",""
"Europe","Netherlands","Amsterdam","","Schiphol International Airport","EHAM","AMS","EHAM Emergency/Guard","https://www.liveatc.net/play/eham_guard.pls","",""
"Europe","Netherlands","Amsterdam","","Schiphol International Airport","EHAM","AMS","EHAM Ground (Rwy 06/24)","https://www.liveatc.net/play/eham_gnd_0624.pls","",""
"Europe","Netherlands","Amsterdam","","Schiphol International Airport","EHAM","AMS","EHAM Ground (Rwy 18C/36C)","https://www.liveatc.net/play/eham_gnd_18c36c.pls","",""
"Europe","Netherlands","Amsterdam","","Schiphol International Airport","EHAM","AMS","EHAM Ground (Rwy 18R)","https://www.liveatc.net/play/eham_gnd_18r.pls","",""
"Europe","Netherlands","Amsterdam","","Schiphol International Airport","EHAM","AMS","EHAM Ground (Rwys 04/22 09/27 18L/36R)","https://www.liveatc.net/play/eham_gnd_0422092718l36r.pls","",""
"Europe","Netherlands","Amsterdam","","Schiphol International Airport","EHAM","AMS","EHAM Info North Sea (North)","https://www.liveatc.net/play/eham_info_n.pls","",""
"Europe","Netherlands","Amsterdam","","Schiphol International Airport","EHAM","AMS","EHAM Info North Sea (Over Land)","https://www.liveatc.net/play/eham_info_land.pls","",""
"Europe","Netherlands","Amsterdam","","Schiphol International Airport","EHAM","AMS","EHAM Info North Sea (South)","https://www.liveatc.net/play/eham_info_s.pls","",""
"Europe","Netherlands","Amsterdam","","Schiphol International Airport","EHAM","AMS","EHAM Outbound Planner","https://www.liveatc.net/play/eham_planner.pls","",""
"Europe","Netherlands","Amsterdam","","Schiphol International Airport","EHAM","AMS","EHAM Tower (Rwy 06/24)","https://www.liveatc.net/play/eham_twr_0624.pls","",""
"Europe","Netherlands","Amsterdam","","Schiphol International Airport","EHAM","AMS","EHAM Tower (Rwy 18C/36C)","https://www.liveatc.net/play/eham_twr_18c36c.pls","",""
"Europe","Netherlands","Amsterdam","","Schiphol International Airport","EHAM","AMS","EHAM Tower (Rwy 18R/36L)","https://www.liveatc.net/play/eham_twr_18r36l.pls","",""
"Europe","Netherlands","Amsterdam","","Schiphol International Airport","EHAM","AMS","EHAM Tower (Rwys 04/22 18L/36R)","https://www.liveatc.net/play/eham_twr_042218l36r.pls","",""
"Europe","Netherlands","Amsterdam","","Schiphol International Airport","EHAM","AMS","Maastricht Radar (Delta High)","https://www.liveatc.net/play/eham_muac_132085.pls","",""
"Europe","Netherlands","Amsterdam","","Schiphol International Airport","EHAM","AMS","Maastricht Radar (Delta Low)","https://www.liveatc.net/play/eham_muac_135960.pls","",""
"Europe","Netherlands","Amsterdam","","Schiphol International Airport","EHAM","AMS","Maastricht Radar (Delta Medium)","https://www.liveatc.net/play/eham_muac_135510.pls","",""
"Europe","Netherlands","Beek","","Maastricht Aachen Airport","EHBK","MST","EHBK ATIS","https://www.liveatc.net/play/ehbk1_atis.pls","",""
"Europe","Netherlands","Beek","","Maastricht Aachen Airport","EHBK","MST","EHBK Gnd/Twr/App","https://www.liveatc.net/play/ehbk1_twr.pls","",""
"Europe","Netherlands","Beek","","Maastricht Aachen Airport","EHBK","MST","EHBK Gnd/Twr/App","https://www.liveatc.net/play/ehbk2.pls","",""
"Europe","Netherlands","Beek","","Maastricht Aachen Airport","EHBK","MST","MUAC/Eurocontrol Delta High","https://www.liveatc.net/play/ehbk1_muac_delta_hi.pls","",""
"Europe","Netherlands","Beek","","Maastricht Aachen Airport","EHBK","MST","MUAC/Eurocontrol Koksy","https://www.liveatc.net/play/ehbk1_muac_koksy.pls","",""
"Europe","Netherlands","Beek","","Maastricht Aachen Airport","EHBK","MST","MUAC/Eurocontrol Koksy High","https://www.liveatc.net/play/ehbk1_muac_koksy_hi.pls","",""
"Europe","Netherlands","Beek","","Maastricht Aachen Airport","EHBK","MST","MUAC/Eurocontrol Lux High","https://www.liveatc.net/play/ehbk1_muac_lux_hi.pls","",""
"Europe","Netherlands","Beek","","Maastricht Aachen Airport","EHBK","MST","MUAC/Eurocontrol Lux Low","https://www.liveatc.net/play/ehbk1_muac_lux_low.pls","",""
"Europe","Netherlands","Beek","","Maastricht Aachen Airport","EHBK","MST","MUAC/Eurocontrol Olno Low","https://www.liveatc.net/play/ehbk1_muac_olno_low.pls","",""
"Europe","Netherlands","Beek","","Maastricht Aachen Airport","EHBK","MST","MUAC/Eurocontrol Ruhr","https://www.liveatc.net/play/ehbk1_muac_ruhr.pls","",""
"Europe","Netherlands","Beek","","Maastricht Aachen Airport","EHBK","MST","MUAC/Eurocontrol Sollingen High","https://www.liveatc.net/play/ehbk1_muac_sgn_hi.pls","",""
"Europe","Netherlands","Breda","","Gilze-Rijen Air Base","EHGR","GLZ","EHGR Area Gliders","https://www.liveatc.net/play/ehgr4_gliders.pls","",""
"Europe","Netherlands","Breda","","Gilze-Rijen Air Base","EHGR","GLZ","EHGR Tower","https://www.liveatc.net/play/ehgr4_twr.pls","",""
"Europe","Netherlands","Eindhoven","","Eindhoven Airport","EHEH","EIN","EHEH Approach #1","https://www.liveatc.net/play/eheh3_app.pls","",""
"Europe","Netherlands","Eindhoven","","Eindhoven Airport","EHEH","EIN","EHEH Ground #3","https://www.liveatc.net/play/eheh7_gnd.pls","",""
"Europe","Netherlands","Eindhoven","","Eindhoven Airport","EHEH","EIN","EHEH Tower #1","https://www.liveatc.net/play/eheh3_twr.pls","",""
"Europe","Netherlands","Eindhoven","","Eindhoven Airport","EHEH","EIN","EHEH Tower #2","https://www.liveatc.net/play/eheh7_twr2.pls","",""
"Europe","Netherlands","Eindhoven","","Eindhoven Airport","EHEH","EIN","EHEH Tower 122.1","https://www.liveatc.net/play/eheh7_twr1.pls","",""
"Europe","Netherlands","Groningen","","Groningen Airport Eelde","EHGG","GRQ","EHGG Approach","https://www.liveatc.net/play/ehgg1_app.pls","",""
"Europe","Netherlands","Groningen","","Groningen Airport Eelde","EHGG","GRQ","EHGG ATIS","https://www.liveatc.net/play/ehgg1_atis.pls","",""
"Europe","Netherlands","Groningen","","Groningen Airport Eelde","EHGG","GRQ","EHGG Ground","https://www.liveatc.net/play/ehgg1_gnd.pls","",""
"Europe","Netherlands","Groningen","","Groningen Airport Eelde","EHGG","GRQ","EHGG Guard/Emergency","https://www.liveatc.net/play/ehgg1_guard.pls","",""
"Europe","Netherlands","Groningen","","Groningen Airport Eelde","EHGG","GRQ","EHGG Tower","https://www.liveatc.net/play/ehgg1_twr.pls","",""
"Europe","Netherlands","Groningen","","Groningen Airport Eelde","EHGG","GRQ","EHGG Twr/App (Secondary)","https://www.liveatc.net/play/ehgg1_bu.pls","",""
"Europe","Netherlands","Groningen","","Groningen Airport Eelde","EHGG","GRQ","Maastricht Radar (Holstein High Sector)","https://www.liveatc.net/play/ehgg1_muac_132775.pls","",""
"Europe","Netherlands","Groningen","","Groningen Airport Eelde","EHGG","GRQ","Maastricht Radar (Jever High Sector)","https://www.liveatc.net/play/ehgg1_muac_129735.pls","",""
"Europe","Netherlands","Groningen","","Groningen Airport Eelde","EHGG","GRQ","Maastricht Radar (Jever Low Sector)","https://www.liveatc.net/play/ehgg1_muac_136465.pls","",""
"Europe","Netherlands","Lelystad","","Lelystad Airport","EHLE","LEY","Dutch Mil Radar","https://www.liveatc.net/play/ehle1_dutchmil.pls","",""
"Europe","Netherlands","Lelystad","","Lelystad Airport","EHLE","LEY","EHAM FIC (Amsterdam Info)","https://www.liveatc.net/play/ehle1_fic.pls","",""
"Europe","Netherlands","Lelystad","","Lelystad Airport","EHLE","LEY","EHLE App/Dep","https://www.liveatc.net/play/ehle1_app_134530.pls","",""
"Europe","Netherlands","Lelystad","","Lelystad Airport","EHLE","LEY","EHLE ATIS","https://www.liveatc.net/play/ehle1_atis.pls","",""
"Europe","Netherlands","Lelystad","","Lelystad Airport","EHLE","LEY","EHLE Clearance Delivery/Ground","https://www.liveatc.net/play/ehle1_del.pls","",""
"Europe","Netherlands","Lelystad","","Lelystad Airport","EHLE","LEY","EHLE Del/Gnd/Twr/App","https://www.liveatc.net/play/ehle1_gnd_twr_app.pls","",""
"Europe","Netherlands","Lelystad","","Lelystad Airport","EHLE","LEY","EHLE Tower","https://www.liveatc.net/play/ehle1_twr.pls","",""
"Europe","Netherlands","Rotterdam","","Rotterdam The Hague Airport","EHRD","RTM","EHRD Airside Ops Manager","https://www.liveatc.net/play/ehrd1_aom.pls","",""
"Europe","Netherlands","Rotterdam","","Rotterdam The Hague Airport","EHRD","RTM","EHRD Approach 122.99","https://www.liveatc.net/play/ehrd1_app1.pls","",""
"Europe","Netherlands","Rotterdam","","Rotterdam The Hague Airport","EHRD","RTM","EHRD Approach 127.025","https://www.liveatc.net/play/ehrd1_app2.pls","",""
"Europe","Netherlands","Rotterdam","","Rotterdam The Hague Airport","EHRD","RTM","EHRD Area Baankanaal","https://www.liveatc.net/play/ehrd1_baank.pls","",""
"Europe","Netherlands","Rotterdam","","Rotterdam The Hague Airport","EHRD","RTM","EHRD ATIS","https://www.liveatc.net/play/ehrd1_atis.pls","",""
"Europe","Netherlands","Rotterdam","","Rotterdam The Hague Airport","EHRD","RTM","EHRD Ground/Clearance","https://www.liveatc.net/play/ehrd1_gnd.pls","",""
"Europe","Netherlands","Rotterdam","","Rotterdam The Hague Airport","EHRD","RTM","EHRD Ground/Tower","https://www.liveatc.net/play/ehrd1_gnd_twr.pls","",""
"Europe","Netherlands","Rotterdam","","Rotterdam The Hague Airport","EHRD","RTM","EHRD Ground/Tower/Approach","https://www.liveatc.net/play/ehrd1_gnd_twr_app.pls","",""
"Europe","Netherlands","Rotterdam","","Rotterdam The Hague Airport","EHRD","RTM","EHRD Tower","https://www.liveatc.net/play/ehrd1_twr.pls","",""
"Europe","Netherlands","Rotterdam","","Rotterdam The Hague Airport","EHRD","RTM","EHRD Tower (Regional Guard)","https://www.liveatc.net/play/ehrd1_twr2.pls","",""
"Europe","Netherlands","Rotterdam","","Rotterdam The Hague Airport","EHRD","RTM","EHRD Tower/Approach","https://www.liveatc.net/play/ehrd1_twr_app.pls","",""
"Europe","Netherlands","Rotterdam","","Rotterdam The Hague Airport","EHRD","RTM","Schiphol Approach (EHRD Area)","https://www.liveatc.net/play/ehrd1_eham_app.pls","",""
"Europe","Netherlands","Rotterdam","","Rotterdam The Hague Airport","EHRD","RTM","Vliegclub Rotterdam","https://www.liveatc.net/play/ehrd1_vr.pls","",""
"Europe","North Macedonia, Republic of","Petrovec","","Skopje Airport","LWSK","SKP","LWSK ACC (Lower)","https://www.liveatc.net/play/lwsk2_4.pls","",""
"Europe","North Macedonia, Republic of","Petrovec","","Skopje Airport","LWSK","SKP","LWSK ACC (Upper)","https://www.liveatc.net/play/lwsk2_1.pls","",""
"Europe","North Macedonia, Republic of","Petrovec","","Skopje Airport","LWSK","SKP","LWSK Approach","https://www.liveatc.net/play/lwsk2_3.pls","",""
"Europe","North Macedonia, Republic of","Petrovec","","Skopje Airport","LWSK","SKP","LWSK ATIS","https://www.liveatc.net/play/lwsk2_atis.pls","",""
"Europe","North Macedonia, Republic of","Petrovec","","Skopje Airport","LWSK","SKP","LWSK Tower","https://www.liveatc.net/play/lwsk2_2.pls","",""
"Europe","Norway","Arendal","Aust-Agder","Gullknapp Flpl Airport","ENGK","","ENGK Info","https://www.liveatc.net/play/engk3.pls","","ENCN"
"Europe","Norway","Honefoss","Buskerud","Eggemoen Airport","ENEG","","ENGM App/Polaris ACC","https://www.liveatc.net/play/eneg2.pls","","ENGM"
"Europe","Norway","Karmoy","Rogaland","Haugesund Airport","ENHD","HAU","ENHD App/Dep","https://www.liveatc.net/play/enhd3_app.pls","",""
"Europe","Norway","Karmoy","Rogaland","Haugesund Airport","ENHD","HAU","ENHD ATIS","https://www.liveatc.net/play/enhd3_atis.pls","",""
"Europe","Norway","Karmoy","Rogaland","Haugesund Airport","ENHD","HAU","ENHD Emergency/Guard","https://www.liveatc.net/play/enhd3_guard.pls","",""
"Europe","Norway","Karmoy","Rogaland","Haugesund Airport","ENHD","HAU","ENHD Tower","https://www.liveatc.net/play/enhd3_twr.pls","",""
"Europe","Norway","Alesund","","Alesund Airport, Vigra","ENAL","AES","ENAL Tower","https://www.liveatc.net/play/enal4.pls","",""
"Europe","Norway","Alta","","Alta Airport","ENAT","ALF","ENAT Twr/App/Control","https://www.liveatc.net/play/enat2.pls","",""
"Europe","Norway","Bergen","","Bergen Airport - Flesland","ENBR","BGO","ENBR Approach","https://www.liveatc.net/play/enbr4_app.pls","",""
"Europe","Norway","Bergen","","Bergen Airport - Flesland","ENBR","BGO","ENBR Area Emergency/Guard","https://www.liveatc.net/play/enbr4_guard.pls","",""
"Europe","Norway","Bergen","","Bergen Airport - Flesland","ENBR","BGO","ENBR Tower","https://www.liveatc.net/play/enbr4_twr.pls","",""
"Europe","Norway","Bodo","","Bodo Airport","ENBO","BOO","ENBO Approach","https://www.liveatc.net/play/enbo_app.pls","",""
"Europe","Norway","Bodo","","Bodo Airport","ENBO","BOO","ENBO Tower","https://www.liveatc.net/play/enbo_twr.pls","",""
"Europe","Norway","Evenes","","Harstad/Narvik Airport","ENEV","EVE","ENEV Twr/App/ACC","https://www.liveatc.net/play/enev.pls","",""
"Europe","Norway","Farsund","","Farsund Airport, Lista","ENLI","FAN","ENLI CTAF","https://www.liveatc.net/play/enli3_ctaf.pls","","ENCN;ENZV"
"Europe","Norway","Farsund","","Farsund Airport, Lista","ENLI","FAN","ENLI GA","https://www.liveatc.net/play/enli3_ga.pls","","ENCN;ENZV"
"Europe","Norway","Farsund","","Farsund Airport, Lista","ENLI","FAN","Polaris FIR Sector 09/12","https://www.liveatc.net/play/enli3_pol9.pls","","ENCN;ENZV"
"Europe","Norway","Farsund","","Farsund Airport, Lista","ENLI","FAN","Polaris FIR Sector 10/11","https://www.liveatc.net/play/enli3_pol10.pls","","ENCN;ENZV"
"Europe","Norway","Kirkenes","","Kirkenes Airport","ENKR","KKN","ENKR/ENVD Twr/App","https://www.liveatc.net/play/enkr2.pls","",""
"Europe","Norway","Kristiansand","","Kristiansand Airport - Kjevik","ENCN","KRS","ENCN Tower/Approach","https://www.liveatc.net/play/encn.pls","",""
"Europe","Norway","Langnes","","Tromso Airport","ENTC","TOS","ENTC Tower/App","https://www.liveatc.net/play/entc.pls","",""
"Europe","Norway","Moss","","Moss Airport - Rygge","ENRY","RYG","ENOR Sector 8","https://www.liveatc.net/play/enor_sector8.pls","",""
"Europe","Norway","Moss","","Moss Airport - Rygge","ENRY","RYG","ENRY Tower","https://www.liveatc.net/play/enry_twr.pls","",""
"Europe","Norway","Oslo","","Oslo Gardermoen Airport","ENGM","OSL","ENGM App/Polaris ACC","https://www.liveatc.net/play/eneg2.pls","",""
"Europe","Norway","Sandefjord","","Sandefjord Airport - Torp","ENTO","TRF","ENTO App/Dep","https://www.liveatc.net/play/ento_tma.pls","",""
"Europe","Norway","Sandefjord","","Sandefjord Airport - Torp","ENTO","TRF","ENTO Control Sector 4","https://www.liveatc.net/play/ento_ctl_4.pls","",""
"Europe","Norway","Sandefjord","","Sandefjord Airport - Torp","ENTO","TRF","ENTO Tower","https://www.liveatc.net/play/ento_twr.pls","",""
"Europe","Norway","Sandefjord","","Sandefjord Airport - Torp","ENTO","TRF","ENTO Tower/App","https://www.liveatc.net/play/ento.pls","",""
"Europe","Norway","Sandefjord","","Sandefjord Airport - Torp","ENTO","TRF","ENTO Twr/App","https://www.liveatc.net/play/ento_twr_tma.pls","",""
"Europe","Norway","Stavanger","","Stavanger Sola Airport","ENZV","SVG","ENZV Approach/Radar","https://www.liveatc.net/play/enzv5_arr_radar.pls","",""
"Europe","Norway","Stavanger","","Stavanger Sola Airport","ENZV","SVG","ENZV Arrival","https://www.liveatc.net/play/enzv5_arr.pls","",""
"Europe","Norway","Stavanger","","Stavanger Sola Airport","ENZV","SVG","ENZV Gnd/Twr/App","https://www.liveatc.net/play/enzv2.pls","",""
"Europe","Norway","Stavanger","","Stavanger Sola Airport","ENZV","SVG","ENZV Ground","https://www.liveatc.net/play/enzv5_gnd.pls","",""
"Europe","Norway","Stavanger","","Stavanger Sola Airport","ENZV","SVG","ENZV Tower","https://www.liveatc.net/play/enzv5_twr.pls","",""
"Europe","Norway","Stavanger","","Stavanger Sola Airport","ENZV","SVG","Polaris ACC (09/12)","https://www.liveatc.net/play/enzv5_acc_pol912.pls","",""
"Europe","Norway","Stavanger","","Stavanger Sola Airport","ENZV","SVG","Polaris ACC (10/11)","https://www.liveatc.net/play/enzv5_acc_pol1011.pls","",""
"Europe","Norway","Stavanger","","Stavanger Sola Airport","ENZV","SVG","Polaris ACC (21)","https://www.liveatc.net/play/enzv5_acc_pol21.pls","",""
"Europe","Norway","Stavanger","","Stavanger Sola Airport","ENZV","SVG","Polaris ACC (22)","https://www.liveatc.net/play/enzv5_acc_pol22.pls","",""
"Europe","Norway","Vadso","","Vadso Airport","ENVD","VDS","ENKR/ENVD Twr/App","https://www.liveatc.net/play/enkr2.pls","",""
"Europe","Poland","Leszno","Greater-Poland","Leszno Strzyzewi Airport","EPLS","","EPLS CTAF/Radio","https://www.liveatc.net/play/epls2.pls","","EPZG"
"Europe","Poland","Krosno","Subcarpathian-Voivodeship","Krosno Airport","EPKR","","EPKR CTAF","https://www.liveatc.net/play/epkr.pls","","EPRZ"
"Europe","Poland","Krosno","Subcarpathian-Voivodeship","Krosno Airport","EPKR","","EPKR Krakow Info","https://www.liveatc.net/play/epkr2_info.pls","","EPRZ"
"Europe","Poland","Bydgoszcz","","Bydgoszcz Ignacy Jan Paderewski Airport","EPBY","BZG","EPBY ATIS","https://www.liveatc.net/play/epby3_atis.pls","",""
"Europe","Poland","Bydgoszcz","","Bydgoszcz Ignacy Jan Paderewski Airport","EPBY","BZG","EPBY Tower","https://www.liveatc.net/play/epby3_twr.pls","",""
"Europe","Poland","Katowice","","Katowice International Airport","EPKT","KTW","EPKT Del/Twr/App","https://www.liveatc.net/play/epkt.pls","",""
"Europe","Poland","Katowice","","Katowice International Airport","EPKT","KTW","EPKT Delivery/Approach","https://www.liveatc.net/play/epkt_gnd.pls","",""
"Europe","Poland","Katowice","","Katowice International Airport","EPKT","KTW","EPKT Tower/Approach","https://www.liveatc.net/play/epkt_twr_app.pls","",""
"Europe","Poland","Krakow","","John Paul II Balice International Airport","EPKK","KRK","EPKK Tower/App","https://www.liveatc.net/play/epkk_app.pls","",""
"Europe","Poland","Lodz","","Lublinek Airport","EPLL","LCJ","EPLL Clearance Delivery","https://www.liveatc.net/play/epll_del.pls","",""
"Europe","Poland","Lodz","","Lublinek Airport","EPLL","LCJ","EPLL Tower","https://www.liveatc.net/play/epll.pls","",""
"Europe","Poland","Lodz","","Lublinek Airport","EPLL","LCJ","EPLL Tower/Clearance Delivery","https://www.liveatc.net/play/epll_twr_del.pls","",""
"Europe","Poland","Poznan","","Poznan-Lawica Henryk Wieniawski Airport","EPPO","POZ","EPPO Twr/App/FIS","https://www.liveatc.net/play/eppo2.pls","",""
"Europe","Poland","Warsaw","","Fredric Chopin Warsaw Airport","EPWA","WAW","EPWA Approach #1","https://www.liveatc.net/play/epwa_app.pls","",""
"Europe","Poland","Warsaw","","Fredric Chopin Warsaw Airport","EPWA","WAW","EPWA Approach #2","https://www.liveatc.net/play/epwa_app2.pls","",""
"Europe","Poland","Warsaw","","Fredric Chopin Warsaw Airport","EPWA","WAW","EPWA Ground","https://www.liveatc.net/play/epwa_gnd.pls","",""
"Europe","Poland","Warsaw","","Fredric Chopin Warsaw Airport","EPWA","WAW","EPWA Tower","https://www.liveatc.net/play/epwa_twr2.pls","",""
"Europe","Poland","Wroclaw","","Strachowice Airport","EPWR","WRO","EPWR Approach #2","https://www.liveatc.net/play/epwr4_app2.pls","",""
"Europe","Poland","Wroclaw","","Strachowice Airport","EPWR","WRO","EPWR Area Emergency/Guard","https://www.liveatc.net/play/epwr4_guard.pls","",""
"Europe","Poland","Wroclaw","","Strachowice Airport","EPWR","WRO","EPWR ATIS","https://www.liveatc.net/play/epwr4_atis.pls","",""
"Europe","Poland","Wroclaw","","Strachowice Airport","EPWR","WRO","EPWR Clearance Delivery","https://www.liveatc.net/play/epwr4_del.pls","",""
"Europe","Poland","Wroclaw","","Strachowice Airport","EPWR","WRO","EPWR FIS (South)","https://www.liveatc.net/play/epwr4_fis_s.pls","",""
"Europe","Poland","Wroclaw","","Strachowice Airport","EPWR","WRO","EPWR Tower","https://www.liveatc.net/play/epwr4_twr.pls","",""
"Europe","Portugal","Ponta Delgada","Azores","Joao Paulo II Airport","LPPD","PDL","LPPD Twr/App","https://www.liveatc.net/play/lppd2.pls","",""
"Europe","Portugal","Beja","","Beja Airport","LPBJ","BYJ","LPBJ App/Dep","https://www.liveatc.net/play/lpbj2_app.pls","",""
"Europe","Portugal","Lisbon","","Lisboa Airport","LPPT","LIS","LPPT Approach #1","https://www.liveatc.net/play/lppt_app_1191_2.pls","",""
"Europe","Portugal","Madeira","","Madeira International Airport","LPMA","FNC","LPMA Approach","https://www.liveatc.net/play/lpma2.pls","",""
"Europe","Romania","Brasov","","Brasov-Ghimbav International Airport","LRBV","GHV","LRBV Tower","https://www.liveatc.net/play/lrbv2.pls","https://live2.freecam.ro:5443/LiveApp/streams/aeroclubul-romaniei-aeroclubul-aerodrom-brasov-ghimbav.m3u8",""
"Europe","Romania","Bucharest","","Otopeni International Airport","LROP","OTP","LROP Ground","https://www.liveatc.net/play/lrop2.pls","",""
"Europe","Romania","Bucharest","","Otopeni International Airport","LROP","OTP","LROP Radar","https://www.liveatc.net/play/lrop_rdr.pls","",""
"Europe","Romania","Bucharest","","Otopeni International Airport","LROP","OTP","LROP Tower/Approach","https://www.liveatc.net/play/lrop_twr.pls","",""
"Europe","Romania","Bucharest","","Otopeni International Airport","LROP","OTP","LROP Twr/App/Radar","https://www.liveatc.net/play/lrop.pls","",""
"Europe","Romania","Cluj-Napoca","","Cluj-Napoca International Airport","LRCL","CLJ","LRCL Twr/App #1","https://www.liveatc.net/play/lrcl.pls","",""
"Europe","Romania","Sibiu","","Sibiu International Airport","LRSB","SBZ","LRSB Tower/CTAF","https://www.liveatc.net/play/lrsb2.pls","",""
"Europe","Romania","Timisoara","","Traian Vuia International Airport","LRTR","TSR","LRTR Tower","https://www.liveatc.net/play/lrtr.pls","",""
"Europe","Russia","Salekhard","","Salekhard Airport","USDD","SLY","USDD Gnd/Twr/App/Control","https://www.liveatc.net/play/usdd1.pls","",""
"Europe","Russia","Sochi","","Sochi International Airport","URSS","AER","URSS Gnd/Twr/App","https://www.liveatc.net/play/urss.pls","",""
"Europe","Serbia","Belgrade","","Belgrade Nikola Tesla Airport","LYBE","BEG","LYBE Ground","https://www.liveatc.net/play/lybe2_gnd_118300.pls","",""
"Europe","Serbia","Belgrade","","Belgrade Nikola Tesla Airport","LYBE","BEG","LYBE Tower","https://www.liveatc.net/play/lybe2_twr_118100.pls","",""
"Europe","Serbia","Nis","","Constantine the Great Airport","LYNI","INI","LYNI Twr/App","https://www.liveatc.net/play/lyni2.pls","",""
"Europe","Slovakia","Nitra","Nitriansky","Nitra Glider Airport","LZNI","","LZNI CTAF","https://www.liveatc.net/play/lzni2.pls","","LZPP"
"Europe","Slovakia","Prievidza","Nitriansky","Prievidza Glider Airport","LZPE","","LZPE CTAF/UNICOM","https://www.liveatc.net/play/lzpe.pls","","LZZI"
"Europe","Slovakia","Bratislava","","Milan Rastislav Stefanik Airport","LZIB","BTS","LZIB Tower","https://www.liveatc.net/play/lzib3_twr.pls","",""
"Europe","Slovakia","Piestany","","Piestany Airport","LZPP","PZY","LZPP Ground/Tower","https://www.liveatc.net/play/lzpp2.pls","",""
"Europe","Slovakia","Poprad","","Poprad-Tatry Airport","LZTT","TAT","LZTT Tower","https://www.liveatc.net/play/lztt2_twr.pls","",""
"Europe","Slovenia","Novo mesto","Novo-Mesto","Novo Mesto Airport","LJNM","","LJNM CTAF","https://www.liveatc.net/play/ljnm2.pls","","LJCE"
"Europe","Slovenia","Ljubljana","","Ljubljana Joze Pucnik Airport","LJLJ","LJU","LJLJ Info","https://www.liveatc.net/play/ljlj_info.pls","",""
"Europe","Slovenia","Ljubljana","","Ljubljana Joze Pucnik Airport","LJLJ","LJU","LJLJ Radar","https://www.liveatc.net/play/ljlj_app.pls","",""
"Europe","Slovenia","Ljubljana","","Ljubljana Joze Pucnik Airport","LJLJ","LJU","LJLJ Tower","https://www.liveatc.net/play/ljlj_twr.pls","",""
"Europe","Slovenia","Maribor","","Maribor Edvard Rusjan Airport","LJMB","MBX","LJMB Tower","https://www.liveatc.net/play/ljmb3.pls","",""
"Europe","Sweden","Borlange","","Dala Airport","ESSD","BLE","ESSD Tower/Control","https://www.liveatc.net/play/essd2.pls","",""
"Europe","Sweden","Kalmar","","Kalmar Airport","ESMQ","KLR","ESMQ Tower","https://www.liveatc.net/play/esmq2.pls","",""
"Europe","Sweden","Linkoping","","Linkoping City (Saab) Airport","ESSL","LPI","ESSL Twr/App/Control","https://www.liveatc.net/play/essl.pls","",""
"Europe","Sweden","Lulea","","Lulea Airport","ESPA","LLA","ESPA Twr/Control","https://www.liveatc.net/play/espa.pls","",""
"Europe","Sweden","Norrkoping","","Kungsangen Airport","ESSP","NRK","ESSP Twr/App/Control","https://www.liveatc.net/play/essp2_twr_app_ctrl.pls","",""
"Europe","Sweden","Orebro","","Orebro Airport","ESOE","ORB","ESOE Tower/Control","https://www.liveatc.net/play/esoe2.pls","",""
"Europe","Sweden","Stockholm","","Stockholm-Bromma Airport","ESSB","BMA","ESSB Tower","https://www.liveatc.net/play/essb4.pls","",""
"Europe","Sweden","Svedala","","Malmo Airport","ESMS","MMX","ESMS Radar","https://www.liveatc.net/play/esms3_app.pls","",""
"Europe","Switzerland","Saanen","Bern","Saanen Airport","LSGK","","LSGK CTAF","https://www.liveatc.net/play/lsgk.pls","","LSGS"
"Europe","Switzerland","Fribourg","Fribourg","Ecuvillens Airport","LSGE","","LSGE CTAF/Radio","https://www.liveatc.net/play/lsge.pls","","LSMP"
"Europe","Switzerland","Locarno","Ticino","Locarno Airport","LSZL","ZJI","LSZL Tower","https://www.liveatc.net/play/lszl2.pls","",""
"Europe","Switzerland","Quinto","Ticino","Ambri Airport","LSPM","","LSPM AFIS","https://www.liveatc.net/play/lspm.pls","","LSZL"
"Europe","Switzerland","Lausanne","Vaud","Lausanne-la Blecherette Airport","LSGL","QLS","LSGL CTAF","https://www.liveatc.net/play/lsgl.pls","","LSMP"
"Europe","Switzerland","Payerne","Vaud","Payerne Airport","LSMP","VIP","LSMP Arrival","https://www.liveatc.net/play/lsmp_arr.pls","",""
"Europe","Switzerland","Payerne","Vaud","Payerne Airport","LSMP","VIP","LSMP Arrival/Tower","https://www.liveatc.net/play/lsmp_arr_twr.pls","",""
"Europe","Switzerland","Payerne","Vaud","Payerne Airport","LSMP","VIP","LSMP Tower","https://www.liveatc.net/play/lsmp_twr.pls","",""
"Europe","Switzerland","Yverdon-les-Bains","Vaud","Yverdon-les-Bains Airport","LSGY","","LSGY AFIS","https://www.liveatc.net/play/lsgy_afis.pls","","LSMP"
"Europe","Switzerland","Zurich","Zurich","Dubendorf Airport","LSMD","","LSMD Tower","https://www.liveatc.net/play/lszh1_lsmd_twr.pls","",""
"Europe","Switzerland","Altenrhein","","St. Gallen-Altenrhein Airport","LSZR","ACH","LSZR Tower","https://www.liveatc.net/play/lszr.pls","",""
"Europe","Switzerland","Bern","","Bern-Belp Airport","LSZB","BRN","LSZB App/Dep","https://www.liveatc.net/play/lszb2_app_dep.pls","",""
"Europe","Switzerland","Bern","","Bern-Belp Airport","LSZB","BRN","LSZB ATIS","https://www.liveatc.net/play/lszb2_atis.pls","",""
"Europe","Switzerland","Bern","","Bern-Belp Airport","LSZB","BRN","LSZB Clearance Delivery","https://www.liveatc.net/play/lszb2_del.pls","",""
"Europe","Switzerland","Bern","","Bern-Belp Airport","LSZB","BRN","LSZB Del/Twr/App/Dep","https://www.liveatc.net/play/lszb2_del_twr_app.pls","",""
"Europe","Switzerland","Bern","","Bern-Belp Airport","LSZB","BRN","LSZB Tower","https://www.liveatc.net/play/lszb2_twr.pls","",""
"Europe","Switzerland","Bern","","Bern-Belp Airport","LSZB","BRN","LSZB Twr/App/Dep","https://www.liveatc.net/play/lszb2_twr_app.pls","",""
"Europe","Switzerland","Geneva","","Geneve-Cointrin International Airport","LSGG","GVA","LSGG Arr/Dep","https://www.liveatc.net/play/lsgg_afdt.pls","",""
"Europe","Switzerland","Geneva","","Geneve-Cointrin International Airport","LSGG","GVA","LSGG Arrival","https://www.liveatc.net/play/lsgg_arr.pls","",""
"Europe","Switzerland","Geneva","","Geneve-Cointrin International Airport","LSGG","GVA","LSGG ATIS","https://www.liveatc.net/play/lsgg_atis.pls","",""
"Europe","Switzerland","Geneva","","Geneve-Cointrin International Airport","LSGG","GVA","LSGG Delta (VFR)","https://www.liveatc.net/play/lsgg_delta.pls","",""
"Europe","Switzerland","Geneva","","Geneve-Cointrin International Airport","LSGG","GVA","LSGG Departure","https://www.liveatc.net/play/lsgg_dep.pls","",""
"Europe","Switzerland","Geneva","","Geneve-Cointrin International Airport","LSGG","GVA","LSGG Glider","https://www.liveatc.net/play/lsgg_glider.pls","",""
"Europe","Switzerland","Geneva","","Geneve-Cointrin International Airport","LSGG","GVA","LSGG Info (VFR)","https://www.liveatc.net/play/lsgg_info.pls","",""
"Europe","Switzerland","Geneva","","Geneve-Cointrin International Airport","LSGG","GVA","LSGG Radar Ini N/E/S","https://www.liveatc.net/play/lsgg_rdr_ini.pls","",""
"Europe","Switzerland","Geneva","","Geneve-Cointrin International Airport","LSGG","GVA","LSGG Radar Initial East","https://www.liveatc.net/play/lsgg_rdr_ini_e.pls","",""
"Europe","Switzerland","Geneva","","Geneve-Cointrin International Airport","LSGG","GVA","LSGG Radar Initial North","https://www.liveatc.net/play/lsgg_rdr_ini_n.pls","",""
"Europe","Switzerland","Geneva","","Geneve-Cointrin International Airport","LSGG","GVA","LSGG Radar Initial South","https://www.liveatc.net/play/lsgg_rdr_ini_s.pls","",""
"Europe","Switzerland","Geneva","","Geneve-Cointrin International Airport","LSGG","GVA","LSGG Radar L1 250-280","https://www.liveatc.net/play/lsgg_rdr_l1.pls","",""
"Europe","Switzerland","Geneva","","Geneve-Cointrin International Airport","LSGG","GVA","LSGG Radar L1/L2/L3/L4/L5","https://www.liveatc.net/play/lsgg_rdr.pls","",""
"Europe","Switzerland","Geneva","","Geneve-Cointrin International Airport","LSGG","GVA","LSGG Radar L2 290-310","https://www.liveatc.net/play/lsgg_rdr_l2.pls","",""
"Europe","Switzerland","Geneva","","Geneve-Cointrin International Airport","LSGG","GVA","LSGG Radar L3 320-330","https://www.liveatc.net/play/lsgg_rdr_l3.pls","",""
"Europe","Switzerland","Geneva","","Geneve-Cointrin International Airport","LSGG","GVA","LSGG Radar L4 340-350","https://www.liveatc.net/play/lsgg_rdr_l4.pls","",""
"Europe","Switzerland","Geneva","","Geneve-Cointrin International Airport","LSGG","GVA","LSGG Radar L5 360-370","https://www.liveatc.net/play/lsgg_rdr_l5.pls","",""
"Europe","Switzerland","Glarus","","Mollis Airfield","LSZM","QYW","LSZM AFIS","https://www.liveatc.net/play/lszm_afis.pls","","LSMD"
"Europe","Switzerland","Grenchen","","Grenchen Airport","LSZG","ZHI","LSZG Tower","https://www.liveatc.net/play/lszg.pls","","LSMD"
"Europe","Switzerland","Sion","","Sion International Airport","LSGS","SIR","LSGS Gnd/Twr/App","https://www.liveatc.net/play/lsgs.pls","",""
"Europe","Switzerland","Zurich","","Zurich International Airport","LSZH","ZRH","LSZH Approach (East)","https://www.liveatc.net/play/lszh1_app_east.pls","",""
"Europe","Switzerland","Zurich","","Zurich International Airport","LSZH","ZRH","LSZH Approach (Final)","https://www.liveatc.net/play/lszh1_app_fin2.pls","",""
"Europe","Switzerland","Zurich","","Zurich International Airport","LSZH","ZRH","LSZH Apron (North)","https://www.liveatc.net/play/lszh1_apr_w.pls","",""
"Europe","Switzerland","Zurich","","Zurich International Airport","LSZH","ZRH","LSZH Apron (South)","https://www.liveatc.net/play/lszh1_apr_s.pls","",""
"Europe","Switzerland","Zurich","","Zurich International Airport","LSZH","ZRH","LSZH ATIS (Arrival)","https://www.liveatc.net/play/lszh1_atis_arr.pls","",""
"Europe","Switzerland","Zurich","","Zurich International Airport","LSZH","ZRH","LSZH Clearance Delivery","https://www.liveatc.net/play/lszh1_del.pls","",""
"Europe","Switzerland","Zurich","","Zurich International Airport","LSZH","ZRH","LSZH Departure","https://www.liveatc.net/play/lszh1_dep.pls","",""
"Europe","Switzerland","Zurich","","Zurich International Airport","LSZH","ZRH","LSZH Ground","https://www.liveatc.net/play/lszh1_gnd.pls","",""
"Europe","Switzerland","Zurich","","Zurich International Airport","LSZH","ZRH","LSZH Radar East 133.905","https://www.liveatc.net/play/lszh1_rdr_133900.pls","",""
"Europe","Switzerland","Zurich","","Zurich International Airport","LSZH","ZRH","LSZH Radar M1 133.050","https://www.liveatc.net/play/lszh1_rdr_133050.pls","",""
"Europe","Switzerland","Zurich","","Zurich International Airport","LSZH","ZRH","LSZH Radar M2 133.405","https://www.liveatc.net/play/lszh1_rdr_133400.pls","",""
"Europe","Switzerland","Zurich","","Zurich International Airport","LSZH","ZRH","LSZH Radar M3 132.815","https://www.liveatc.net/play/lszh1_rdr_132815.pls","",""
"Europe","Switzerland","Zurich","","Zurich International Airport","LSZH","ZRH","LSZH Radar M4 134.605","https://www.liveatc.net/play/lszh1_rdr_134605.pls","",""
"Europe","Switzerland","Zurich","","Zurich International Airport","LSZH","ZRH","LSZH Radar M5 132.835","https://www.liveatc.net/play/lszh1_rdr_132835.pls","",""
"Europe","Switzerland","Zurich","","Zurich International Airport","LSZH","ZRH","LSZH Radar M6 133.690","https://www.liveatc.net/play/lszh1_rdr_133690.pls","",""
"Europe","Switzerland","Zurich","","Zurich International Airport","LSZH","ZRH","LSZH Radar North 136.155","https://www.liveatc.net/play/lszh1_rdr_136150.pls","",""
"Europe","Switzerland","Zurich","","Zurich International Airport","LSZH","ZRH","LSZH Radar West 135.680","https://www.liveatc.net/play/lszh1_rdr_135675.pls","",""
"Europe","Switzerland","Zurich","","Zurich International Airport","LSZH","ZRH","LSZH TMA","https://www.liveatc.net/play/lszh1_tma.pls","",""
"Europe","Switzerland","Zurich","","Zurich International Airport","LSZH","ZRH","LSZH Tower","https://www.liveatc.net/play/lszh1_twr.pls","",""
"Europe","Switzerland","Zurich","","Zurich International Airport","LSZH","ZRH","LSZH Tower (14/32)","https://www.liveatc.net/play/lszh1_twr_1432.pls","",""
"Europe","Switzerland","Zurich","","Zurich International Airport","LSZH","ZRH","LSZH Twr/Gnd (backup)","https://www.liveatc.net/play/lszh1_gndtwr_sec.pls","",""
"North America","Anguilla","The Valley","","Clayton J. Lloyd International Airport","TQPF","AXA","TQPF Tower","https://www.liveatc.net/play/tncs_tqpf_twr.pls","",""
"North America","Barbados","Bridgetown","","Grantley Adams International Airport","TBPB","BGI","TBPB Gnd/Twr/Radar/Center","https://www.liveatc.net/play/tbpb.pls","",""
"North America","Bermuda","Hamilton","","L F Wade International Airport","TXKF","BDA","TXKF ATIS","https://www.liveatc.net/play/txkf2_atis.pls","",""
"North America","Bermuda","Hamilton","","L F Wade International Airport","TXKF","BDA","TXKF Del/Gnd/Twr/CTAF","https://www.liveatc.net/play/txkf2_local.pls","",""
"North America","Bermuda","Hamilton","","L F Wade International Airport","TXKF","BDA","TXKF Tower","https://www.liveatc.net/play/txkf2_twr.pls","",""
"North America","Bermuda","Hamilton","","L F Wade International Airport","TXKF","BDA","ZNY Sector 81 (Bermuda)/App","https://www.liveatc.net/play/txkf2_app_ctr.pls","",""
"North America","Canada","Calgary","Alberta","Springbank Airport","CYBW","YBW","CYBW Ground","https://www.liveatc.net/play/cybw3_gnd.pls","",""
"North America","Canada","Calgary","Alberta","Springbank Airport","CYBW","YBW","CYBW Tower (Inner)","https://www.liveatc.net/play/cybw3_twr_inner.pls","",""
"North America","Canada","Calgary","Alberta","Springbank Airport","CYBW","YBW","CYBW Tower (Outer)","https://www.liveatc.net/play/cybw3_twr_outer.pls","",""
"North America","Canada","Calgary","Alberta","Calgary International Airport","CYYC","YYC","CYYC App/Dep","https://www.liveatc.net/play/cyyc2_app.pls","",""
"North America","Canada","Calgary","Alberta","Calgary International Airport","CYYC","YYC","CYYC Tower #1","https://www.liveatc.net/play/cyyc2_twr.pls","",""
"North America","Canada","Calgary","Alberta","Calgary International Airport","CYYC","YYC","CYYC Twr/App/Dep","https://www.liveatc.net/play/cyyc2_1.pls","",""
"North America","Canada","Edmonton","Alberta","Edmonton International Airport","CYEG","YEG","CYEG Approach","https://www.liveatc.net/play/cyeg_app.pls","",""
"North America","Canada","Edmonton","Alberta","Edmonton International Airport","CYEG","YEG","CYEG Del/Gnd/Misc","https://www.liveatc.net/play/cyeg_gnd_misc.pls","",""
"North America","Canada","Edmonton","Alberta","Edmonton International Airport","CYEG","YEG","CYEG Departure","https://www.liveatc.net/play/cyeg_dep.pls","",""
"North America","Canada","Edmonton","Alberta","Edmonton International Airport","CYEG","YEG","CYEG Tower","https://www.liveatc.net/play/cyeg_twr.pls","",""
"North America","Canada","Edmonton","Alberta","Edmonton International Airport","CYEG","YEG","CYEG VFR Advisory","https://www.liveatc.net/play/cyeg_vfr.pls","",""
"North America","Canada","Edmonton","Alberta","Edmonton International Airport","CYEG","YEG","CZEG Edmonton Center (FL280/below)","https://www.liveatc.net/play/czeg_yeg_1.pls","",""
"North America","Canada","Edmonton","Alberta","Edmonton International Airport","CYEG","YEG","CZEG Edmonton Center (Lloydminster Sector)","https://www.liveatc.net/play/czeg_yeg_2.pls","",""
"North America","Canada","Rocky Mountain House","Alberta","Rocky Mountain House Airport","CYRM","YRM","CYRM CTAF","https://www.liveatc.net/play/cyrm2.pls","","CYQF;CYEG"
"North America","Canada","Abbotsford","British Columbia","Abbotsford International Airport","CYXX","YXX","CYXX Tower","https://www.liveatc.net/play/cyxx.pls","",""
"North America","Canada","Boundary Bay","British Columbia","Boundary Bay Airport","CZBB","YDT","CZBB Tower (Inner)","https://www.liveatc.net/play/czbb2.pls","https://tor.rtsp.me/lepty6jw3bBRnFTQYBIuAw/1776370525/hls/d2f2H7yD.m3u8",""
"North America","Canada","Chilliwack","British Columbia","Chilliwack Airport","CYCW","YCW","CYCW CTAF","https://www.liveatc.net/play/cycw.pls","","CYXX"
"North America","Canada","Pitt Meadows","British Columbia","Pitt Meadows Airport","CYPK","YPK","CYPK Tower","https://www.liveatc.net/play/cypk2.pls","https://s138.ipcamlive.com/streams/8a9wft31dava6qdjo/stream.m3u8",""
"North America","Canada","Vancouver","British Columbia","Vancouver Harbour Airport","CYHC","YHC","CYHC Del/Twr/App","https://www.liveatc.net/play/cyhc2.pls","",""
"North America","Canada","Vancouver","British Columbia","Vancouver International Airport","CYVR","YVR","CYVR App/Dep #1","https://www.liveatc.net/play/cyvr1_app.pls","",""
"North America","Canada","Vancouver","British Columbia","Vancouver International Airport","CYVR","YVR","CYVR App/Dep #2","https://www.liveatc.net/play/cyvr2.pls","",""
"North America","Canada","Vancouver","British Columbia","Vancouver International Airport","CYVR","YVR","CYVR Del/Gnd","https://www.liveatc.net/play/cyvr1_gnd.pls","",""
"North America","Canada","Vancouver","British Columbia","Vancouver International Airport","CYVR","YVR","CYVR Del/Gnd/Twr #1","https://www.liveatc.net/play/cyvr1_gnd_twr.pls","",""
"North America","Canada","Vancouver","British Columbia","Vancouver International Airport","CYVR","YVR","CYVR Del/Gnd/Twr/App","https://www.liveatc.net/play/cyvr_s.pls","",""
"North America","Canada","Vancouver","British Columbia","Vancouver International Airport","CYVR","YVR","CYVR Tower","https://www.liveatc.net/play/cyvr1_twr.pls","",""
"North America","Canada","Vancouver","British Columbia","Vancouver International Airport","CYVR","YVR","CZVR Vancouver ACC","https://www.liveatc.net/play/cyvr1_ctr.pls","",""
"North America","Canada","Victoria","British Columbia","Victoria International Airport","CYYJ","YYJ","CYYJ Tower (Inner)","https://www.liveatc.net/play/cyyj2_twr_inner.pls","https://youtu.be/rwcLVVAUVWw",""
"North America","Canada","Winnipeg","Manitoba","Winnipeg St. Andrews Airport","CYAV","YAV","CYAV Tower","https://www.liveatc.net/play/cyav.pls","https://mia.rtsp.me/hDRy_lZYXKZYemY4XBs4ZQ/1776373219/hls/DRftb3B5.m3u8",""
"North America","Canada","Winnipeg","Manitoba","Winnipeg James Armstrong Richardson International Airport","CYWG","YWG","CYWG App/Dep","https://www.liveatc.net/play/cywg2_misc1.pls","",""
"North America","Canada","Winnipeg","Manitoba","Winnipeg James Armstrong Richardson International Airport","CYWG","YWG","CYWG ATIS","https://www.liveatc.net/play/cywg2_misc3.pls","",""
"North America","Canada","Winnipeg","Manitoba","Winnipeg James Armstrong Richardson International Airport","CYWG","YWG","CYWG Center","https://www.liveatc.net/play/cywg2_misc2.pls","",""
"North America","Canada","Winnipeg","Manitoba","Winnipeg James Armstrong Richardson International Airport","CYWG","YWG","CYWG Del/Gnd/Twr","https://www.liveatc.net/play/cywg2_misc.pls","",""
"North America","Canada","Fredericton","New Brunswick","Fredericton International Airport","CYFC","YFC","CYFC Ground/Tower","https://www.liveatc.net/play/cyfc2.pls","",""
"North America","Canada","Gander","Newfoundland","Gander International Airport","CYQX","YQX","CYQX ATIS","https://www.liveatc.net/play/cyqx1_atis.pls","",""
"North America","Canada","Gander","Newfoundland","Gander International Airport","CYQX","YQX","CYQX FIC 1","https://www.liveatc.net/play/cyqx1_fic1.pls","",""
"North America","Canada","Gander","Newfoundland","Gander International Airport","CYQX","YQX","CYQX FIC 2","https://www.liveatc.net/play/cyqx1_fic2.pls","",""
"North America","Canada","Gander","Newfoundland","Gander International Airport","CYQX","YQX","CYQX Ground/Tower","https://www.liveatc.net/play/cyqx1_gnd_twr.pls","",""
"North America","Canada","Gander","Newfoundland","Gander International Airport","CYQX","YQX","Gander Center (High/124.175)","https://www.liveatc.net/play/cyqx1_acc_124175.pls","",""
"North America","Canada","Gander","Newfoundland","Gander International Airport","CYQX","YQX","Gander Center (High/125.9)","https://www.liveatc.net/play/cyqx1_acc_125900.pls","",""
"North America","Canada","Gander","Newfoundland","Gander International Airport","CYQX","YQX","Gander Center (High/132.6)","https://www.liveatc.net/play/cyqx1_acc_132600.pls","",""
"North America","Canada","Gander","Newfoundland","Gander International Airport","CYQX","YQX","Gander Center (High/133.9)","https://www.liveatc.net/play/cyqx1_acc_133900.pls","",""
"North America","Canada","Gander","Newfoundland","Gander International Airport","CYQX","YQX","Gander Center (Low/128.5)","https://www.liveatc.net/play/cyqx1_acc_128500.pls","",""
"North America","Canada","Gander","Newfoundland","Gander International Airport","CYQX","YQX","Gander Center (Low/132.1)","https://www.liveatc.net/play/cyqx1_acc_132100.pls","",""
"North America","Canada","Gander","Newfoundland","Gander International Airport","CYQX","YQX","Gander Radio (North Sector)","https://www.liveatc.net/play/cyqx1_gr_127100.pls","",""
"North America","Canada","Gander","Newfoundland","Gander International Airport","CYQX","YQX","Gander Radio (South Sector)","https://www.liveatc.net/play/cyqx1_gr_126900.pls","",""
"North America","Canada","Goose Bay","Newfoundland","Goose Bay Airport/CFB Goose Bay","CYYR","YYR","CYYR Del/Gnd/Twr/App #1","https://www.liveatc.net/play/cyyr_local.pls","",""
"North America","Canada","Goose Bay","Newfoundland","Goose Bay Airport/CFB Goose Bay","CYYR","YYR","CYYR Del/Gnd/Twr/App #2","https://www.liveatc.net/play/cyyr2.pls","",""
"North America","Canada","Goose Bay","Newfoundland","Goose Bay Airport/CFB Goose Bay","CYYR","YYR","CYYR Del/Gnd/Twr/App/Center","https://www.liveatc.net/play/cyyr_s.pls","",""
"North America","Canada","Goose Bay","Newfoundland","Goose Bay Airport/CFB Goose Bay","CYYR","YYR","CYYR Gander Center","https://www.liveatc.net/play/cyyr_center.pls","",""
"North America","Canada","St. John's","Newfoundland","St. John's International Airport","CYYT","YYT","CYYT ATIS","https://www.liveatc.net/play/cyyt1_atis.pls","",""
"North America","Canada","St. John's","Newfoundland","St. John's International Airport","CYYT","YYT","CYYT Ground","https://www.liveatc.net/play/cyyt1_gnd.pls","",""
"North America","Canada","St. John's","Newfoundland","St. John's International Airport","CYYT","YYT","CYYT Ground/Tower","https://www.liveatc.net/play/cyyt1_gnd_twr.pls","",""
"North America","Canada","St. John's","Newfoundland","St. John's International Airport","CYYT","YYT","CYYT Tower","https://www.liveatc.net/play/cyyt1_twr.pls","",""
"North America","Canada","St. John's","Newfoundland","St. John's International Airport","CYYT","YYT","Gander Center 133.150","https://www.liveatc.net/play/cyyt1_ctr_133150.pls","",""
"North America","Canada","St. John's","Newfoundland","St. John's International Airport","CYYT","YYT","Gander Radio 122.375","https://www.liveatc.net/play/cyyt1_iar_122375.pls","",""
"North America","Canada","Yellowknife","Northwest Territories","Yellowknife Airport","CYZF","YZF","CYZF Gnd/Twr/Center","https://www.liveatc.net/play/cyzf.pls","",""
"North America","Canada","Greenwood","Nova Scotia","CFB Greenwood Airport","CYZX","YZX","CYZX App/Dep/PAR","https://www.liveatc.net/play/cyzx1_app.pls","",""
"North America","Canada","Greenwood","Nova Scotia","CFB Greenwood Airport","CYZX","YZX","CYZX Ground/Tower","https://www.liveatc.net/play/cyzx1_twr.pls","",""
"North America","Canada","Halifax","Nova Scotia","Halifax International Airport","CYHZ","YHZ","CYHZ Del/Gnd/Twr/App","https://www.liveatc.net/play/cyhz3.pls","",""
"North America","Canada","Yarmouth","Nova Scotia","Yarmouth Airport","CYQI","YQI","Moncton Center Low","https://www.liveatc.net/play/cyqi2.pls","",""
"North America","Canada","Iqaluit","Nunavut","Iqaluit Airport","CYFB","YFB","CYFB CTAF/RDO","https://www.liveatc.net/play/cyfb_ctaf.pls","",""
"North America","Canada","Iqaluit","Nunavut","Iqaluit Airport","CYFB","YFB","CYFB Montreal Center","https://www.liveatc.net/play/cyfb_zul.pls","",""
"North America","Canada","Iqaluit","Nunavut","Iqaluit Airport","CYFB","YFB","CYFB RDO/FIC/Edmonton Ctr","https://www.liveatc.net/play/cyfb_rdo.pls","",""
"North America","Canada","Brantford","Ontario","Brantford Airport","CYFD","YFD","CYFD ATF (CTAF)","https://www.liveatc.net/play/cyfd.pls","","CYHM;CYKF"
"North America","Canada","Brantford","Ontario","Brantford Airport","CYFD","YFD","CYFD ATF (CTAF)/App","https://www.liveatc.net/play/cyfd2.pls","","CYHM;CYKF"
"North America","Canada","Fort Frances","Ontario","Fort Frances Municipal Airport","CYAG","YAG","KINL/CYAG CTAF","https://www.liveatc.net/play/kinl1_ctaf.pls","","KINL"
"North America","Canada","London","Ontario","London International Airport","CYXU","YXU","CYXU App/Dep (London Sector)","https://www.liveatc.net/play/cyxu1_ctr_135300.pls","",""
"North America","Canada","London","Ontario","London International Airport","CYXU","YXU","CYXU Area Guard 121.5","https://www.liveatc.net/play/cyxu1_guard.pls","",""
"North America","Canada","London","Ontario","London International Airport","CYXU","YXU","CYXU ATIS","https://www.liveatc.net/play/cyxu1_atis.pls","",""
"North America","Canada","London","Ontario","London International Airport","CYXU","YXU","CYXU Ground","https://www.liveatc.net/play/cyxu1_gnd.pls","",""
"North America","Canada","London","Ontario","London International Airport","CYXU","YXU","CYXU Tower (Both)","https://www.liveatc.net/play/cyxu1_twr.pls","",""
"North America","Canada","London","Ontario","London International Airport","CYXU","YXU","CYXU Tower 119.4","https://www.liveatc.net/play/cyxu1_twr_119400.pls","",""
"North America","Canada","London","Ontario","London International Airport","CYXU","YXU","CYXU Tower 125.65","https://www.liveatc.net/play/cyxu1_twr_125650.pls","",""
"North America","Canada","London","Ontario","London International Airport","CYXU","YXU","CZYZ Toronto Center (Kitchener Sector)","https://www.liveatc.net/play/cyxu1_ctr_135625.pls","",""
"North America","Canada","London","Ontario","London International Airport","CYXU","YXU","CZYZ Toronto Center (Lucan Sector)","https://www.liveatc.net/play/cyxu1_ctr_135825.pls","",""
"North America","Canada","Niagara-on-the-Lake","Ontario","St. Catharines/Niagara District Airport","CYSN","YSN","CYSN Area Emergency/Guard","https://www.liveatc.net/play/cysn2_guard.pls","",""
"North America","Canada","Niagara-on-the-Lake","Ontario","St. Catharines/Niagara District Airport","CYSN","YSN","CYSN ATIS","https://www.liveatc.net/play/cysn2_atis.pls","",""
"North America","Canada","Niagara-on-the-Lake","Ontario","St. Catharines/Niagara District Airport","CYSN","YSN","CYSN Niagara Tours","https://www.liveatc.net/play/cysn2_tour.pls","",""
"North America","Canada","Niagara-on-the-Lake","Ontario","St. Catharines/Niagara District Airport","CYSN","YSN","CYSN St Catharines Radio","https://www.liveatc.net/play/cysn2_radio.pls","",""
"North America","Canada","Ottawa","Ontario","Ottawa MacDonald Cartier International Airport","CYOW","YOW","CYOW Gnd/Twr/App","https://www.liveatc.net/play/cyow3.pls","",""
"North America","Canada","Ottawa","Ontario","Ottawa/Rockcliffe Airport","CYRO","YRO","CYRO Area Guard","https://www.liveatc.net/play/cyro1_guard.pls","","CYND;CYOW"
"North America","Canada","Ottawa","Ontario","Ottawa/Rockcliffe Airport","CYRO","YRO","CYRO CTAF","https://www.liveatc.net/play/cyro1_ctaf.pls","","CYND;CYOW"
"North America","Canada","Ottawa","Ontario","Ottawa/Rockcliffe Airport","CYRO","YRO","Gatineau Radio","https://www.liveatc.net/play/cyro1_radio.pls","","CYND;CYOW"
"North America","Canada","Peterborough","Ontario","Peterborough Airport","CYPQ","YPQ","CYPQ AWOS","https://www.liveatc.net/play/cypq6_awos.pls","",""
"North America","Canada","Peterborough","Ontario","Peterborough Airport","CYPQ","YPQ","CYPQ Dispatch/UNICOM","https://www.liveatc.net/play/cypq6_dispatch.pls","",""
"North America","Canada","Peterborough","Ontario","Peterborough Airport","CYPQ","YPQ","CYPQ Regional/Radar","https://www.liveatc.net/play/cypq6_app.pls","",""
"North America","Canada","Peterborough","Ontario","Peterborough Airport","CYPQ","YPQ","CYPQ UNICOM/Guard","https://www.liveatc.net/play/cypq6_unicom.pls","",""
"North America","Canada","Sault Ste. Marie","Ontario","Sault Ste. Marie Airport","CYAM","YAM","CYAM ATIS","https://www.liveatc.net/play/cyam_atis.pls","",""
"North America","Canada","Sault Ste. Marie","Ontario","Sault Ste. Marie Airport","CYAM","YAM","CYAM Ground/Misc","https://www.liveatc.net/play/cyam_gnd_misc.pls","",""
"North America","Canada","Sault Ste. Marie","Ontario","Sault Ste. Marie Airport","CYAM","YAM","CYAM Tower","https://www.liveatc.net/play/cyam_twr.pls","",""
"North America","Canada","Sault Ste. Marie","Ontario","Sault Ste. Marie Airport","CYAM","YAM","Toronto Center (Sault High)","https://www.liveatc.net/play/czyz_yam_high.pls","",""
"North America","Canada","Sault Ste. Marie","Ontario","Sault Ste. Marie Airport","CYAM","YAM","Toronto Center (Sault Low)","https://www.liveatc.net/play/czyz_yam_low.pls","",""
"North America","Canada","Timmins","Ontario","Timmins/Victor M. Power Airport","CYTS","YTS","CZUL ACC (Noranda Sector)","https://www.liveatc.net/play/cyul_timmins.pls","",""
"North America","Canada","Timmins","Ontario","Timmins/Victor M. Power Airport","CYTS","YTS","Toronto Center (Timmins)","https://www.liveatc.net/play/czyz_timmins.pls","",""
"North America","Canada","Toronto","Ontario","Billy Bishop Toronto City Airport","CYTZ","YTZ","CYTZ Approach","https://www.liveatc.net/play/cytz_app.pls","",""
"North America","Canada","Toronto","Ontario","Lester B. Pearson International Airport","CYYZ","YYZ","CYYZ Apron (Backup)","https://www.liveatc.net/play/cyyz1_apron_backup.pls","",""
"North America","Canada","Toronto","Ontario","Lester B. Pearson International Airport","CYYZ","YYZ","CYYZ Apron (North)","https://www.liveatc.net/play/cyyz1_apron_north.pls","",""
"North America","Canada","Toronto","Ontario","Lester B. Pearson International Airport","CYYZ","YYZ","CYYZ Apron (South)","https://www.liveatc.net/play/cyyz1_apron_south.pls","",""
"North America","Canada","Toronto","Ontario","Lester B. Pearson International Airport","CYYZ","YYZ","CYYZ Apron Coordinator","https://www.liveatc.net/play/cyyz1_apron_coordinator.pls","",""
"North America","Canada","Toronto","Ontario","Lester B. Pearson International Airport","CYYZ","YYZ","CYYZ Arrival 1","https://www.liveatc.net/play/cyyz1_app_132800.pls","",""
"North America","Canada","Toronto","Ontario","Lester B. Pearson International Airport","CYYZ","YYZ","CYYZ Arrival 2","https://www.liveatc.net/play/cyyz1_app_124475.pls","",""
"North America","Canada","Toronto","Ontario","Lester B. Pearson International Airport","CYYZ","YYZ","CYYZ Arrival 3","https://www.liveatc.net/play/cyyz1_app_125400.pls","",""
"North America","Canada","Toronto","Ontario","Lester B. Pearson International Airport","CYYZ","YYZ","CYYZ Arrival 4","https://www.liveatc.net/play/cyyz1_app_134175.pls","",""
"North America","Canada","Toronto","Ontario","Lester B. Pearson International Airport","CYYZ","YYZ","CYYZ ATIS","https://www.liveatc.net/play/cyyz1_atis.pls","",""
"North America","Canada","Toronto","Ontario","Lester B. Pearson International Airport","CYYZ","YYZ","CYYZ Clearance Delivery","https://www.liveatc.net/play/cyyz1_del.pls","",""
"North America","Canada","Toronto","Ontario","Lester B. Pearson International Airport","CYYZ","YYZ","CYYZ Departure 1","https://www.liveatc.net/play/cyyz1_dep_128800.pls","",""
"North America","Canada","Toronto","Ontario","Lester B. Pearson International Airport","CYYZ","YYZ","CYYZ Departure 2","https://www.liveatc.net/play/cyyz1_dep_127575.pls","",""
"North America","Canada","Toronto","Ontario","Lester B. Pearson International Airport","CYYZ","YYZ","CYYZ Discrete/Emergency","https://www.liveatc.net/play/cyyz1_emer.pls","",""
"North America","Canada","Toronto","Ontario","Lester B. Pearson International Airport","CYYZ","YYZ","CYYZ Ground (Center)","https://www.liveatc.net/play/cyyz1_gnd_center.pls","",""
"North America","Canada","Toronto","Ontario","Lester B. Pearson International Airport","CYYZ","YYZ","CYYZ Ground (North)","https://www.liveatc.net/play/cyyz1_gnd_north.pls","",""
"North America","Canada","Toronto","Ontario","Lester B. Pearson International Airport","CYYZ","YYZ","CYYZ Ground (South)","https://www.liveatc.net/play/cyyz1_gnd_south.pls","",""
"North America","Canada","Toronto","Ontario","Lester B. Pearson International Airport","CYYZ","YYZ","CYYZ Tower (Backup)","https://www.liveatc.net/play/cyyz1_twr_backup.pls","",""
"North America","Canada","Toronto","Ontario","Lester B. Pearson International Airport","CYYZ","YYZ","CYYZ Tower (North)","https://www.liveatc.net/play/cyyz1_twr_north.pls","",""
"North America","Canada","Toronto","Ontario","Lester B. Pearson International Airport","CYYZ","YYZ","CYYZ Tower (South)","https://www.liveatc.net/play/cyyz1_twr_south.pls","",""
"North America","Canada","Toronto","Ontario","Lester B. Pearson International Airport","CYYZ","YYZ","Toronto Center (Barrie/East High)","https://www.liveatc.net/play/cyyz1_czyz_134575.pls","",""
"North America","Canada","Toronto","Ontario","Lester B. Pearson International Airport","CYYZ","YYZ","Toronto Center (East Radar Low)","https://www.liveatc.net/play/cyyz1_czyz_124925.pls","",""
"North America","Canada","Toronto","Ontario","Lester B. Pearson International Airport","CYYZ","YYZ","Toronto Center (East Satellite)","https://www.liveatc.net/play/cyyz1_czyz_133400.pls","",""
"North America","Canada","Toronto","Ontario","Lester B. Pearson International Airport","CYYZ","YYZ","Toronto Center (Hamilton/West Low)","https://www.liveatc.net/play/cyyz1_czyz_132475.pls","",""
"North America","Canada","Toronto","Ontario","Lester B. Pearson International Airport","CYYZ","YYZ","Toronto Center (Oakville/West High)","https://www.liveatc.net/play/cyyz1_czyz_134925.pls","",""
"North America","Canada","Toronto","Ontario","Lester B. Pearson International Airport","CYYZ","YYZ","Toronto Center (Simcoe/East Low)","https://www.liveatc.net/play/cyyz1_czyz_127000.pls","",""
"North America","Canada","Toronto","Ontario","Lester B. Pearson International Airport","CYYZ","YYZ","Toronto Center (Spare)","https://www.liveatc.net/play/cyyz1_czyz_119775.pls","",""
"North America","Canada","Toronto","Ontario","Lester B. Pearson International Airport","CYYZ","YYZ","Toronto Center (Spare)","https://www.liveatc.net/play/cyyz1_czyz_120175.pls","",""
"North America","Canada","Toronto","Ontario","Lester B. Pearson International Airport","CYYZ","YYZ","Toronto Center (West High)","https://www.liveatc.net/play/cyyz1_czyz_125775.pls","",""
"North America","Canada","Toronto","Ontario","Lester B. Pearson International Airport","CYYZ","YYZ","Toronto Center (West Satellite)","https://www.liveatc.net/play/cyyz1_czyz_119300.pls","",""
"North America","Canada","Waterloo","Ontario","Waterloo Airport","CYKF","YKF","CYKF Area Emergency/Guard","https://www.liveatc.net/play/cykf3_guard.pls","",""
"North America","Canada","Waterloo","Ontario","Waterloo Airport","CYKF","YKF","CYKF Area Traffic Advisory","https://www.liveatc.net/play/cykf3_ta.pls","",""
"North America","Canada","Waterloo","Ontario","Waterloo Airport","CYKF","YKF","CYKF ATIS","https://www.liveatc.net/play/cykf3_atis.pls","",""
"North America","Canada","Waterloo","Ontario","Waterloo Airport","CYKF","YKF","CYKF Ground","https://www.liveatc.net/play/cykf3_gnd.pls","",""
"North America","Canada","Waterloo","Ontario","Waterloo Airport","CYKF","YKF","CYKF Toronto Center (West Sat)","https://www.liveatc.net/play/cykf3_ctr.pls","",""
"North America","Canada","Waterloo","Ontario","Waterloo Airport","CYKF","YKF","CYKF Tower","https://www.liveatc.net/play/cykf3_twr.pls","",""
"North America","Canada","Windsor","Ontario","Windsor Airport","CYQG","YQG","CYQG Gnd/Twr/App/Misc","https://www.liveatc.net/play/cyqg2.pls","",""
"North America","Canada","Montreal","Quebec","Saint-Hubert Airport","CYHU","YHU","CYHU Tower","https://www.liveatc.net/play/cyhu.pls","",""
"North America","Canada","Montreal","Quebec","Montreal-Mirabel International Airport","CYMX","YMX","CYMX Gnd/Twr/Radio","https://www.liveatc.net/play/cymx2.pls","",""
"North America","Canada","Montreal","Quebec","Pierre Elliott Trudeau International Airport","CYUL","YUL","CYUL Approach/Departure","https://www.liveatc.net/play/cyul_app.pls","https://youtu.be/C6eSiTr3SE8",""
"North America","Canada","Montreal","Quebec","Pierre Elliott Trudeau International Airport","CYUL","YUL","CYUL Del/Gnd/Twr/App/Center","https://www.liveatc.net/play/cyul_all.pls","",""
"North America","Canada","Montreal","Quebec","Pierre Elliott Trudeau International Airport","CYUL","YUL","CYUL Del/Ground/Apron","https://www.liveatc.net/play/cyul_gnd.pls","https://youtu.be/C6eSiTr3SE8",""
"North America","Canada","Montreal","Quebec","Pierre Elliott Trudeau International Airport","CYUL","YUL","CYUL Tower","https://www.liveatc.net/play/cyul_twr.pls","https://youtu.be/C6eSiTr3SE8",""
"North America","Canada","Montreal","Quebec","Pierre Elliott Trudeau International Airport","CYUL","YUL","CZUL Center (Montreal)","https://www.liveatc.net/play/cyul_ctr_mtl.pls","https://youtu.be/C6eSiTr3SE8",""
"North America","Canada","Montreal","Quebec","Pierre Elliott Trudeau International Airport","CYUL","YUL","CZUL Center (Vallie Sector)","https://www.liveatc.net/play/czul_yow.pls","",""
"North America","Canada","Quebec","Quebec","Quebec Jean Lesage International Airport","CYQB","YQB","CYQB App/Dep (Terminal/124.0)","https://www.liveatc.net/play/cyqb1_app_124000.pls","",""
"North America","Canada","Quebec","Quebec","Quebec Jean Lesage International Airport","CYQB","YQB","CYQB App/Dep (Terminal/127.85)","https://www.liveatc.net/play/cyqb1_app_127850.pls","",""
"North America","Canada","Quebec","Quebec","Quebec Jean Lesage International Airport","CYQB","YQB","CYQB ATIS (English)","https://www.liveatc.net/play/cyqb1_atis_en.pls","",""
"North America","Canada","Quebec","Quebec","Quebec Jean Lesage International Airport","CYQB","YQB","CYQB ATIS (French)","https://www.liveatc.net/play/cyqb1_atis_fr.pls","",""
"North America","Canada","Quebec","Quebec","Quebec Jean Lesage International Airport","CYQB","YQB","CYQB Flight Service","https://www.liveatc.net/play/cyqb1_fs.pls","",""
"North America","Canada","Quebec","Quebec","Quebec Jean Lesage International Airport","CYQB","YQB","CYQB Flight Service (FIS)","https://www.liveatc.net/play/cyqb1_fis.pls","",""
"North America","Canada","Quebec","Quebec","Quebec Jean Lesage International Airport","CYQB","YQB","CYQB Ground/Tower","https://www.liveatc.net/play/cyqb1_gnd_twr.pls","",""
"North America","Canada","Quebec","Quebec","Quebec Jean Lesage International Airport","CYQB","YQB","Montreal Center (Drummond/133.225)","https://www.liveatc.net/play/cyqb1_ctr_133225.pls","",""
"North America","Canada","Quebec","Quebec","Quebec Jean Lesage International Airport","CYQB","YQB","Montreal Center (Drummond/135.025)","https://www.liveatc.net/play/cyqb1_ctr_135025.pls","",""
"North America","Canada","Quebec","Quebec","Quebec Jean Lesage International Airport","CYQB","YQB","Montreal Center (Levis/123.925)","https://www.liveatc.net/play/cyqb1_ctr_123925.pls","",""
"North America","Canada","Rouyn-Noranda","Quebec","Rouyn Noranda Airport","CYUY","YUY","CYUY Gnd/Twr/Misc","https://www.liveatc.net/play/cyuy2.pls","",""
"North America","Canada","Sherbrooke","Quebec","Sherbrooke Airport","CYSC","YSC","CYSC CTAF","https://www.liveatc.net/play/cysc1_ctaf.pls","",""
"North America","Canada","Sherbrooke","Quebec","Sherbrooke Airport","CYSC","YSC","CYSC Emergency/Guard","https://www.liveatc.net/play/cysc1_guard.pls","",""
"North America","Canada","Sherbrooke","Quebec","Sherbrooke Airport","CYSC","YSC","CYSC RCO/GCO","https://www.liveatc.net/play/cysc1_rco.pls","",""
"North America","Canada","Sherbrooke","Quebec","Sherbrooke Airport","CYSC","YSC","CYSC ZUL 132.55","https://www.liveatc.net/play/cysc1_zul_132550.pls","",""
"North America","Canada","Sherbrooke","Quebec","Sherbrooke Airport","CYSC","YSC","CYSC ZUL 133.225","https://www.liveatc.net/play/cysc1_zul_133225.pls","",""
"North America","Canada","St. Jean","Quebec","St. Jean Airport","CYJN","YJN","CYJN Ground/Tower","https://www.liveatc.net/play/cyjn.pls","",""
"North America","Canada","Trois-Rivieres","Quebec","Trois Rivieres Airport","CYRQ","YRQ","CYRQ CTAF","https://www.liveatc.net/play/cyrq.pls","",""
"North America","Canada","Trois-Rivieres","Quebec","Trois Rivieres Airport","CYRQ","YRQ","CYRQ/CSR3 CTAF","https://www.liveatc.net/play/cyrq_s.pls","",""
"North America","Canada","Saskatoon","Saskatchewan","John G. Diefenbaker International Airport","CYXE","YXE","CYXE App/Dep/Center","https://www.liveatc.net/play/cyxe2_cywg.pls","",""
"North America","Canada","Saskatoon","Saskatchewan","John G. Diefenbaker International Airport","CYXE","YXE","CYXE Area VFR/Misc","https://www.liveatc.net/play/cyxe2_vfr_misc.pls","",""
"North America","Canada","Saskatoon","Saskatchewan","John G. Diefenbaker International Airport","CYXE","YXE","CYXE Gnd/Twr","https://www.liveatc.net/play/cyxe2_twr.pls","",""
"North America","Costa Rica","San Jose","","Tobias Bolanos International Airport","MRPV","SYQ","MRPV Ground/Tower","https://www.liveatc.net/play/mrpv_gnd_twr.pls","",""
"North America","Guatemala","Guatemala City","","La Aurora International Airport","MGGT","GUA","MGGT Gnd/Twr/App/Center","https://www.liveatc.net/play/mggt3_all.pls","",""
"North America","Guatemala","Quezaltenango","","Quetzaltenango Airport","MGQZ","AAZ","MGQZ CTAF","https://www.liveatc.net/play/mgqz2_ctaf.pls","",""
"North America","Honduras","Comayagua","","Palmerola International Airport","MHPR","XPL","MHPR Gnd/Twr/App","https://www.liveatc.net/play/mhsc2.pls","",""
"North America","Honduras","La Ceiba","","Goloson International Airport","MHLC","LCE","MHLC Gnd/Twr/Center","https://www.liveatc.net/play/mhlc.pls","",""
"North America","Honduras","San Pedro Sula","","Ramon Villeda Morales International Airport","MHLM","SAP","MHLM Gnd/Twr/App","https://www.liveatc.net/play/mhlm.pls","",""
"North America","Honduras","Tegucigalpa","","Toncontin International Airport","MHTG","TGU","MHTG Gnd/Twr/App/Ctr/Ops","https://www.liveatc.net/play/mhtg.pls","",""
"North America","Mexico","Brownsville-Matamoros","","Matamoros International Airport","MMMA","MAM","MMMA Twr/App","https://www.liveatc.net/play/kbro2_mmma_app.pls","",""
"North America","Mexico","Cuernavaca","","Cuernavaca Airport","MMCB","CVJ","MMCB Tower","https://www.liveatc.net/play/mmcb2.pls","",""
"North America","Mexico","Guadalajara","","Don Miguel Hidalgo y Costilla International","MMGL","GDL","MMGL Twr/App","https://www.liveatc.net/play/mmgl.pls","",""
"North America","Mexico","Hermosillo","","Hermosillo International Airport","MMHO","HMO","MMHO App/Dep","https://www.liveatc.net/play/mmho_app.pls","",""
"North America","Mexico","Hermosillo","","Hermosillo International Airport","MMHO","HMO","MMHO Tower","https://www.liveatc.net/play/mmho_twr.pls","",""
"North America","Mexico","Hermosillo","","Hermosillo International Airport","MMHO","HMO","MMHO Twr/App","https://www.liveatc.net/play/mmho_twr_app.pls","",""
"North America","Mexico","La Paz","","Gen Manuel Marquez Airport","MMLP","LAP","MMLP Twr/App","https://www.liveatc.net/play/mmlp.pls","",""
"North America","Mexico","Merida","","Licenciado Manuel Crescencio Rejon International Airport","MMMD","MID","MMMD App/Dep","https://www.liveatc.net/play/mmmd1_app.pls","",""
"North America","Mexico","Merida","","Licenciado Manuel Crescencio Rejon International Airport","MMMD","MID","MMMD Merida Center 125.8/123.75","https://www.liveatc.net/play/mmmd1_ctr.pls","",""
"North America","Mexico","Merida","","Licenciado Manuel Crescencio Rejon International Airport","MMMD","MID","MMMD Tower","https://www.liveatc.net/play/mmmd1_twr.pls","",""
"North America","Mexico","Mexico City","","Licenciado Benito Juarez International Airport","MMMX","MEX","MMMX Aeromexico Ops","https://www.liveatc.net/play/mmmx1_am_ops.pls","",""
"North America","Mexico","Mexico City","","Licenciado Benito Juarez International Airport","MMMX","MEX","MMMX Approach","https://www.liveatc.net/play/mmmx1_app.pls","https://youtu.be/C_ylLv_JXyg",""
"North America","Mexico","Mexico City","","Licenciado Benito Juarez International Airport","MMMX","MEX","MMMX Approach (CVJ/PBC)","https://www.liveatc.net/play/mmmx1_app_cvj.pls","",""
"North America","Mexico","Mexico City","","Licenciado Benito Juarez International Airport","MMMX","MEX","MMMX Approach (Final)","https://www.liveatc.net/play/mmmx1_app_final.pls","",""
"North America","Mexico","Mexico City","","Licenciado Benito Juarez International Airport","MMMX","MEX","MMMX Arrival (North)","https://www.liveatc.net/play/mmmx1_arr_n.pls","https://youtu.be/vnFlLT3J3lY",""
"North America","Mexico","Mexico City","","Licenciado Benito Juarez International Airport","MMMX","MEX","MMMX Arrival (North/South)","https://www.liveatc.net/play/mmmx1_arr.pls","https://youtu.be/vnFlLT3J3lY",""
"North America","Mexico","Mexico City","","Licenciado Benito Juarez International Airport","MMMX","MEX","MMMX Arrival (South)","https://www.liveatc.net/play/mmmx1_arr_s.pls","https://youtu.be/C_ylLv_JXyg",""
"North America","Mexico","Mexico City","","Licenciado Benito Juarez International Airport","MMMX","MEX","MMMX ATIS","https://www.liveatc.net/play/mmmx1_atis.pls","",""
"North America","Mexico","Mexico City","","Licenciado Benito Juarez International Airport","MMMX","MEX","MMMX Center (Southeast)","https://www.liveatc.net/play/mmmx1_ctr_se.pls","https://youtu.be/C_ylLv_JXyg",""
"North America","Mexico","Mexico City","","Licenciado Benito Juarez International Airport","MMMX","MEX","MMMX Clearance Delivery","https://www.liveatc.net/play/mmmx1_del.pls","",""
"North America","Mexico","Mexico City","","Licenciado Benito Juarez International Airport","MMMX","MEX","MMMX Departure (North)","https://www.liveatc.net/play/mmmx1_dep_n.pls","https://youtu.be/vnFlLT3J3lY",""
"North America","Mexico","Mexico City","","Licenciado Benito Juarez International Airport","MMMX","MEX","MMMX Departure (South)","https://www.liveatc.net/play/mmmx1_dep_s.pls","https://youtu.be/C_ylLv_JXyg",""
"North America","Mexico","Mexico City","","Licenciado Benito Juarez International Airport","MMMX","MEX","MMMX Ground (North)","https://www.liveatc.net/play/mmmx1_gnd_n.pls","https://youtu.be/vnFlLT3J3lY",""
"North America","Mexico","Mexico City","","Licenciado Benito Juarez International Airport","MMMX","MEX","MMMX Ground (North/South)","https://www.liveatc.net/play/mmmx1_gnd.pls","https://youtu.be/vnFlLT3J3lY",""
"North America","Mexico","Mexico City","","Licenciado Benito Juarez International Airport","MMMX","MEX","MMMX Ground (South)","https://www.liveatc.net/play/mmmx1_gnd_s.pls","https://youtu.be/C_ylLv_JXyg",""
"North America","Mexico","Mexico City","","Licenciado Benito Juarez International Airport","MMMX","MEX","MMMX Ground 122.8","https://www.liveatc.net/play/mmmx1_gnd_122800.pls","",""
"North America","Mexico","Mexico City","","Licenciado Benito Juarez International Airport","MMMX","MEX","MMMX Mexico Center North","https://www.liveatc.net/play/mmmx1_ctr_n.pls","",""
"North America","Mexico","Mexico City","","Licenciado Benito Juarez International Airport","MMMX","MEX","MMMX Tower","https://www.liveatc.net/play/mmmx1_twr.pls","https://youtu.be/vnFlLT3J3lY",""
"North America","Mexico","Mexico City","","Licenciado Benito Juarez International Airport","MMMX","MEX","MMMX Tower (Helicopters)","https://www.liveatc.net/play/mmmx1_twr_heli.pls","",""
"North America","Mexico","Mexico City","","Licenciado Benito Juarez International Airport","MMMX","MEX","MMMX Tower (Primary)","https://www.liveatc.net/play/mmmx1_twr_pri_r.pls","",""
"North America","Mexico","Mexico City","","Licenciado Benito Juarez International Airport","MMMX","MEX","MMMX UNICOM","https://www.liveatc.net/play/mmmx1_unicom.pls","",""
"North America","Mexico","Mexico City","","Licenciado Benito Juarez International Airport","MMMX","MEX","MMMX Volaris Ops","https://www.liveatc.net/play/mmmx1_vol_ops.pls","",""
"North America","Mexico","Monterrey","","General Mariano Escobedo International Airport","MMMY","MTY","MMMY Approach","https://www.liveatc.net/play/mmmy3_app.pls","",""
"North America","Mexico","San Luis Potosi","","Ponciano Arriaga International Airport","MMSP","SLP","MMSP Twr/App/Center","https://www.liveatc.net/play/mmsp3.pls","",""
"North America","Mexico","Santa Lucia","","Felipe Angeles International Airport","MMSM","NLU","MMMX Departure (North)","https://www.liveatc.net/play/mmmx1_dep_n.pls","",""
"North America","Mexico","Santa Lucia","","Felipe Angeles International Airport","MMSM","NLU","MMSM Approach (119.0)","https://www.liveatc.net/play/mmmx1_mmsm_app1.pls","",""
"North America","Mexico","Santa Lucia","","Felipe Angeles International Airport","MMSM","NLU","MMSM Approach (128.85)","https://www.liveatc.net/play/mmmx1_mmsm_app2.pls","",""
"North America","Mexico","Santa Lucia","","Felipe Angeles International Airport","MMSM","NLU","MMSM ATIS","https://www.liveatc.net/play/mmmx1_mmsm_atis.pls","",""
"North America","Mexico","Santa Lucia","","Felipe Angeles International Airport","MMSM","NLU","MMSM Clearance Delivery","https://www.liveatc.net/play/mmmx1_mmsm_del.pls","",""
"North America","Mexico","Santa Lucia","","Felipe Angeles International Airport","MMSM","NLU","MMSM Ground","https://www.liveatc.net/play/mmmx1_mmsm_gnd.pls","",""
"North America","Mexico","Santa Lucia","","Felipe Angeles International Airport","MMSM","NLU","MMSM Tower 118.25","https://www.liveatc.net/play/mmmx1_mmsm_twr_118250.pls","",""
"North America","Mexico","Santa Lucia","","Felipe Angeles International Airport","MMSM","NLU","MMSM Tower 118.3","https://www.liveatc.net/play/mmmx1_mmsm_twr.pls","",""
"North America","Mexico","Santa Maria Huatulco","","Bahias de Huatulco International Airport","MMBT","HUX","MMBT Twr/Center","https://www.liveatc.net/play/mmbt_misc.pls","",""
"North America","Mexico","Toluca","","Toluca International Airport","MMTO","TLC","MMTO App/Dep","https://www.liveatc.net/play/mmto3_app.pls","",""
"North America","Mexico","Toluca","","Toluca International Airport","MMTO","TLC","MMTO Ground","https://www.liveatc.net/play/mmto3_gnd.pls","",""
"North America","Mexico","Toluca","","Toluca International Airport","MMTO","TLC","MMTO Tower","https://www.liveatc.net/play/mmto3_twr.pls","",""
"North America","Mexico","Torreon","","Torreon International Airport","MMTC","TRC","MMTC Twr/App/Center #1","https://www.liveatc.net/play/mmtc.pls","",""
"North America","Mexico","Torreon","","Torreon International Airport","MMTC","TRC","MMTC Twr/App/Center #2","https://www.liveatc.net/play/mmtc3.pls","",""
"North America","Saba","Hell's Gate","","Juancho E. Yrausquin Airport","TNCS","SAB","TNCS Info/TFFJ Twr","https://www.liveatc.net/play/tncs2.pls","","TNCM;TNCE"
"North America","Saint Barthelemy","Gustavia","","Saint Barthelemy Airport","TFFJ","SBH","TNCS Info/TFFJ Twr","https://www.liveatc.net/play/tncs2.pls","",""
"North America","Sint Maarten","Philipsburg","","Princess Juliana International Airport","TNCM","SXM","TNCM Tower #3","https://www.liveatc.net/play/tncm_twr2.pls","",""
"North America","United States","Auburn","Alabama","Auburn University Regional Airport","KAUO","AUO","KAUO ATIS","https://www.liveatc.net/play/kauo1_atis.pls","",""
"North America","United States","Auburn","Alabama","Auburn University Regional Airport","KAUO","AUO","KAUO Del/App","https://www.liveatc.net/play/kauo1_del_app.pls","",""
"North America","United States","Auburn","Alabama","Auburn University Regional Airport","KAUO","AUO","KAUO Gnd/Twr/CTAF #1","https://www.liveatc.net/play/kauo1_gnd_twr.pls","",""
"North America","United States","Birmingham","Alabama","Birmingham-Shuttlesworth International Airport","KBHM","BHM","KBHM Del/Gnd/Twr/App","https://www.liveatc.net/play/kbhm.pls","",""
"North America","United States","Gulf Shores","Alabama","Jack Edwards National Airport","KJKA","JKA","KJKA Tower","https://www.liveatc.net/play/kjka2_twr.pls","",""
"North America","United States","Huntsville","Alabama","Huntsville International Airport-Carl T Jones Field","KHSV","HSV","KHSV App/Dep","https://www.liveatc.net/play/khsv3_app_dep.pls","",""
"North America","United States","Huntsville","Alabama","Huntsville International Airport-Carl T Jones Field","KHSV","HSV","KHSV ATIS","https://www.liveatc.net/play/khsv_atis.pls","",""
"North America","United States","Huntsville","Alabama","Huntsville International Airport-Carl T Jones Field","KHSV","HSV","KHSV Del/Gnd (VHF)","https://www.liveatc.net/play/khsv_del_gnd.pls","",""
"North America","United States","Huntsville","Alabama","Huntsville International Airport-Carl T Jones Field","KHSV","HSV","KHSV Emergency/Guard","https://www.liveatc.net/play/khsv3_guard.pls","",""
"North America","United States","Huntsville","Alabama","Huntsville International Airport-Carl T Jones Field","KHSV","HSV","KHSV Gnd/Twr (VHF/UHF)","https://www.liveatc.net/play/khsv3_gnd_twr.pls","",""
"North America","United States","Huntsville","Alabama","Huntsville International Airport-Carl T Jones Field","KHSV","HSV","KHSV Gnd/Twr/App/Dep","https://www.liveatc.net/play/khsv3.pls","",""
"North America","United States","Huntsville","Alabama","Huntsville International Airport-Carl T Jones Field","KHSV","HSV","KHSV Tower (VHF)","https://www.liveatc.net/play/khsv_twr2.pls","",""
"North America","United States","Huntsville","Alabama","Huntsville International Airport-Carl T Jones Field","KHSV","HSV","ZME Memphis Center (Hamilton)","https://www.liveatc.net/play/zme_hsv_120800.pls","",""
"North America","United States","Huntsville","Alabama","Huntsville International Airport-Carl T Jones Field","KHSV","HSV","ZTL Atlanta Center (HSV/Sector 02)","https://www.liveatc.net/play/khsv_ztl_126825.pls","",""
"North America","United States","Mobile","Alabama","Mobile Downtown Airport","KBFM","BFM","KBFM Tower","https://www.liveatc.net/play/kbfm2.pls","",""
"North America","United States","Montgomery","Alabama","Montgomery Regional Airport (Dannelly Field)","KMGM","MGM","KMGM App/Dep","https://www.liveatc.net/play/kmgm1_app.pls","",""
"North America","United States","Montgomery","Alabama","Montgomery Regional Airport (Dannelly Field)","KMGM","MGM","KMGM ATIS","https://www.liveatc.net/play/kmgm1_atis.pls","",""
"North America","United States","Montgomery","Alabama","Montgomery Regional Airport (Dannelly Field)","KMGM","MGM","KMGM Emergency/Guard","https://www.liveatc.net/play/kmgm1_guard.pls","",""
"North America","United States","Montgomery","Alabama","Montgomery Regional Airport (Dannelly Field)","KMGM","MGM","KMGM Ground","https://www.liveatc.net/play/kmgm1_gnd.pls","",""
"North America","United States","Montgomery","Alabama","Montgomery Regional Airport (Dannelly Field)","KMGM","MGM","KMGM Ground/Tower","https://www.liveatc.net/play/kmgm1_gnd_twr.pls","",""
"North America","United States","Montgomery","Alabama","Montgomery Regional Airport (Dannelly Field)","KMGM","MGM","KMGM Tower","https://www.liveatc.net/play/kmgm1_twr.pls","",""
"North America","United States","Montgomery","Alabama","Montgomery Regional Airport (Dannelly Field)","KMGM","MGM","KMGM Tower/Approach","https://www.liveatc.net/play/kmgm1_twr_app.pls","",""
"North America","United States","Montgomery","Alabama","Montgomery Regional Airport (Dannelly Field)","KMGM","MGM","ZTL Atlanta Center (Sector 08)","https://www.liveatc.net/play/kmgm1_ztl08.pls","",""
"North America","United States","Montgomery","Alabama","Montgomery Regional Airport (Dannelly Field)","KMGM","MGM","ZTL Atlanta Center (Sector 11)","https://www.liveatc.net/play/kmgm1_ztl11.pls","",""
"North America","United States","Montgomery","Alabama","Montgomery Regional Airport (Dannelly Field)","KMGM","MGM","ZTL Atlanta Center (Sector 13)","https://www.liveatc.net/play/kmgm1_ztl13.pls","",""
"North America","United States","Anchorage","Alaska","Elmendorf Air Force Base","PAED","EDF","PAED Tower","https://www.liveatc.net/play/pamr2_paed_twr.pls","",""
"North America","United States","Anchorage","Alaska","Lake Hood Seaplane Base","PALH","LHD","PALH Tower","https://www.liveatc.net/play/panc3_palh.pls","https://youtu.be/61pi8UjLOlo",""
"North America","United States","Anchorage","Alaska","Merrill Field Airport","PAMR","MRI","Anchorage Area CTAF 122.9","https://www.liveatc.net/play/pamr2_area_ctaf.pls","",""
"North America","United States","Anchorage","Alaska","Merrill Field Airport","PAMR","MRI","PAMR Ground","https://www.liveatc.net/play/pamr2_gnd.pls","",""
"North America","United States","Anchorage","Alaska","Merrill Field Airport","PAMR","MRI","PAMR Tower","https://www.liveatc.net/play/pamr2_twr.pls","",""
"North America","United States","Anchorage","Alaska","Merrill Field Airport","PAMR","MRI","PAMR Tower (Backup)","https://www.liveatc.net/play/pamr2_twr2.pls","",""
"North America","United States","Anchorage","Alaska","Ted Stevens Anchorage International Airport","PANC","ANC","PANC Del/Gnd/App","https://www.liveatc.net/play/panc3_del_gnd_app.pls","",""
"North America","United States","Anchorage","Alaska","Ted Stevens Anchorage International Airport","PANC","ANC","PANC Tower","https://www.liveatc.net/play/panc3_twr.pls","",""
"North America","United States","Anchorage","Alaska","Ted Stevens Anchorage International Airport","PANC","ANC","ZAN Anchorage Center (Misc)","https://www.liveatc.net/play/panc3_zan.pls","",""
"North America","United States","Bethel","Alaska","Bethel Airport","PABE","BET","PABE ATIS","https://www.liveatc.net/play/pabe1_atis.pls","",""
"North America","United States","Bethel","Alaska","Bethel Airport","PABE","BET","PABE Ground/Tower","https://www.liveatc.net/play/pabe1_gnd_twr.pls","",""
"North America","United States","Bethel","Alaska","Bethel Airport","PABE","BET","ZAN Anchorage Center (Bethel)","https://www.liveatc.net/play/pabe1_zan.pls","",""
"North America","United States","Deadhorse","Alaska","Deadhorse Airport","PASC","SCC","PASC CTAF/Unicom/AFIS/App","https://www.liveatc.net/play/pasc.pls","",""
"North America","United States","Kenai","Alaska","Kenai Municipal Airport","PAEN","ENA","PAEN Tower","https://www.liveatc.net/play/paen_twr.pls","",""
"North America","United States","Kodiak","Alaska","Kodiak Airport","PADQ","ADQ","PADQ Gnd/Twr/ZAN","https://www.liveatc.net/play/padq.pls","",""
"North America","United States","Buckeye","Arizona","Buckeye Municipal Airport","KBXK","BXK","KBXK AWOS","https://www.liveatc.net/play/kbxk1_awos.pls","",""
"North America","United States","Buckeye","Arizona","Buckeye Municipal Airport","KBXK","BXK","KBXK CTAF","https://www.liveatc.net/play/kbxk1_ctaf.pls","",""
"North America","United States","Bullhead City","Arizona","Laughlin Bullhead International Airport","KIFP","IFP","KIFP Tower","https://www.liveatc.net/play/kifp_twr.pls","",""
"North America","United States","Casa Grande","Arizona","Casa Grande Municipal Airport","KCGZ","CGZ","KCGZ AWOS","https://www.liveatc.net/play/kcgz1_awos.pls","",""
"North America","United States","Casa Grande","Arizona","Casa Grande Municipal Airport","KCGZ","CGZ","KCGZ CTAF","https://www.liveatc.net/play/kcgz1_ctaf.pls","",""
"North America","United States","Casa Grande","Arizona","Casa Grande Municipal Airport","KCGZ","CGZ","KCGZ SE/SW Practice Area","https://www.liveatc.net/play/kcgz1_se_pract.pls","",""
"North America","United States","Casa Grande","Arizona","Casa Grande Municipal Airport","KCGZ","CGZ","ZAB Sector 46 (Tucson Low)","https://www.liveatc.net/play/zab46.pls","",""
"North America","United States","Chandler","Arizona","Chandler Municipal Airport","KCHD","CHD","KCHD Tower (North)","https://www.liveatc.net/play/kchd_twr1.pls","",""
"North America","United States","Chandler","Arizona","Chandler Municipal Airport","KCHD","CHD","KCHD Tower (South)","https://www.liveatc.net/play/kchd_twr2.pls","",""
"North America","United States","Chandler","Arizona","Chandler Municipal Airport","KCHD","CHD","KPHX Approach (East Tempe Sector)","https://www.liveatc.net/play/kphx4_app_123700.pls","",""
"North America","United States","Chandler","Arizona","Chandler Municipal Airport","KCHD","CHD","KPHX Approach (Pima/Willy Sectors)","https://www.liveatc.net/play/kphx4_app_pima_willy.pls","",""
"North America","United States","Flagstaff","Arizona","Flagstaff Pulliam Airport","KFLG","FLG","KFLG Ground/Tower","https://www.liveatc.net/play/kflg.pls","",""
"North America","United States","Fort Huachuca/Sierra Vista","Arizona","Sierra Vista Municipal Airport-Libby Army Airfield","KFHU","FHU","KFHU Gnd/Twr/Radar","https://www.liveatc.net/play/kfhu.pls","",""
"North America","United States","Glendale","Arizona","Glendale Municipal Airport","KGEU","GEU","KGEU App/Dep","https://www.liveatc.net/play/kgeu1_app.pls","",""
"North America","United States","Glendale","Arizona","Glendale Municipal Airport","KGEU","GEU","KGEU ATIS","https://www.liveatc.net/play/kgeu1_atis.pls","",""
"North America","United States","Glendale","Arizona","Glendale Municipal Airport","KGEU","GEU","KGEU Ground","https://www.liveatc.net/play/kgeu1_gnd.pls","",""
"North America","United States","Glendale","Arizona","Glendale Municipal Airport","KGEU","GEU","KGEU Tower","https://www.liveatc.net/play/kgeu1_twr.pls","",""
"North America","United States","Glendale","Arizona","Luke Air Force Base","KLUF","LUF","KLUF App/Dep","https://www.liveatc.net/play/kphx5_kluf_app.pls","",""
"North America","United States","Glendale","Arizona","Luke Air Force Base","KLUF","LUF","KLUF Del/Gnd/Twr/Misc","https://www.liveatc.net/play/kphx5_kluf_gnd_twr.pls","",""
"North America","United States","Goodyear","Arizona","Phoenix Goodyear Airport","KGYR","GYR","KGYR Ground","https://www.liveatc.net/play/kgyr2_gnd.pls","",""
"North America","United States","Goodyear","Arizona","Phoenix Goodyear Airport","KGYR","GYR","KGYR Ground/Tower","https://www.liveatc.net/play/kgyr2_gnd_twr.pls","",""
"North America","United States","Goodyear","Arizona","Phoenix Goodyear Airport","KGYR","GYR","KGYR Tower","https://www.liveatc.net/play/kgyr2_twr.pls","",""
"North America","United States","Marana","Arizona","Marana Regional Airport","KAVQ","AVQ","KAVQ CTAF","https://www.liveatc.net/play/kavq2_ctaf.pls","",""
"North America","United States","Marana","Arizona","Marana Regional Airport","KAVQ","AVQ","KAVQ Emergency/Guard","https://www.liveatc.net/play/kavq2_guard.pls","",""
"North America","United States","Mesa","Arizona","Falcon Field Airport","KFFZ","FFZ","KFFZ ATIS","https://www.liveatc.net/play/kffz_atis.pls","",""
"North America","United States","Mesa","Arizona","Falcon Field Airport","KFFZ","FFZ","KFFZ Ground","https://www.liveatc.net/play/kffz_gnd.pls","",""
"North America","United States","Phoenix","Arizona","Phoenix Deer Valley Airport","KDVT","DVT","KDVT ATIS","https://www.liveatc.net/play/kdvt3_atis.pls","",""
"North America","United States","Phoenix","Arizona","Phoenix Deer Valley Airport","KDVT","DVT","KDVT Clearance Delivery","https://www.liveatc.net/play/kdvt3_del.pls","",""
"North America","United States","Phoenix","Arizona","Phoenix Deer Valley Airport","KDVT","DVT","KDVT Delivery/Ground","https://www.liveatc.net/play/kdvt3_del_gnd.pls","",""
"North America","United States","Phoenix","Arizona","Phoenix Deer Valley Airport","KDVT","DVT","KDVT Ground","https://www.liveatc.net/play/kdvt3_gnd.pls","",""
"North America","United States","Phoenix","Arizona","Phoenix Deer Valley Airport","KDVT","DVT","KDVT Tower (Both)","https://www.liveatc.net/play/kdvt3_twr.pls","",""
"North America","United States","Phoenix","Arizona","Phoenix Deer Valley Airport","KDVT","DVT","KDVT Tower (North)","https://www.liveatc.net/play/kdvt3_twr2.pls","",""
"North America","United States","Phoenix","Arizona","Phoenix Deer Valley Airport","KDVT","DVT","KDVT Tower (South)","https://www.liveatc.net/play/kdvt3_twr1.pls","",""
"North America","United States","Phoenix","Arizona","Phoenix-Mesa Gateway Airport","KIWA","IWA","KIWA ATIS","https://www.liveatc.net/play/kiwa1_atis.pls","",""
"North America","United States","Phoenix","Arizona","Phoenix-Mesa Gateway Airport","KIWA","IWA","KIWA Clearance Delivery","https://www.liveatc.net/play/kiwa1_del.pls","",""
"North America","United States","Phoenix","Arizona","Phoenix-Mesa Gateway Airport","KIWA","IWA","KIWA Ground","https://www.liveatc.net/play/kiwa1_gnd.pls","",""
"North America","United States","Phoenix","Arizona","Phoenix-Mesa Gateway Airport","KIWA","IWA","KIWA Tower","https://www.liveatc.net/play/kiwa1_twr.pls","",""
"North America","United States","Phoenix","Arizona","Phoenix-Mesa Gateway Airport","KIWA","IWA","KPHX Approach (Pima/Willy Sectors)","https://www.liveatc.net/play/kphx4_app_pima_willy.pls","",""
"North America","United States","Phoenix","Arizona","Phoenix Sky Harbor International Airport","KPHX","PHX","KPHX Approach (Biltmore Sector)","https://www.liveatc.net/play/kphx4_app_sdl.pls","",""
"North America","United States","Phoenix","Arizona","Phoenix Sky Harbor International Airport","KPHX","PHX","KPHX Approach (N/S)/S Final","https://www.liveatc.net/play/kphx_app_s.pls","",""
"North America","United States","Phoenix","Arizona","Phoenix Sky Harbor International Airport","KPHX","PHX","KPHX Approach (North Final)","https://www.liveatc.net/play/kphx_app_nf.pls","",""
"North America","United States","Phoenix","Arizona","Phoenix Sky Harbor International Airport","KPHX","PHX","KPHX Approach (Pima Sector)","https://www.liveatc.net/play/kphx4_app_123700.pls","",""
"North America","United States","Phoenix","Arizona","Phoenix Sky Harbor International Airport","KPHX","PHX","KPHX Approach (Pima/Willy Sectors)","https://www.liveatc.net/play/kphx4_app_pima_willy.pls","",""
"North America","United States","Phoenix","Arizona","Phoenix Sky Harbor International Airport","KPHX","PHX","KPHX Approach (SDL/Tempe/West)","https://www.liveatc.net/play/kphx_app_sat.pls","",""
"North America","United States","Phoenix","Arizona","Phoenix Sky Harbor International Airport","KPHX","PHX","KPHX Departure","https://www.liveatc.net/play/kphx_dep.pls","",""
"North America","United States","Phoenix","Arizona","Phoenix Sky Harbor International Airport","KPHX","PHX","KPHX Ground (North/Pri)","https://www.liveatc.net/play/kphx_gnd_n1.pls","",""
"North America","United States","Phoenix","Arizona","Phoenix Sky Harbor International Airport","KPHX","PHX","KPHX Ground (North/Sec)","https://www.liveatc.net/play/kphx_gnd_n2.pls","",""
"North America","United States","Phoenix","Arizona","Phoenix Sky Harbor International Airport","KPHX","PHX","KPHX Ground (South)","https://www.liveatc.net/play/kphx_gnd_s.pls","",""
"North America","United States","Phoenix","Arizona","Phoenix Sky Harbor International Airport","KPHX","PHX","KPHX Tower (Discrete/Emergency)","https://www.liveatc.net/play/kphx4_twr_em.pls","",""
"North America","United States","Phoenix","Arizona","Phoenix Sky Harbor International Airport","KPHX","PHX","KPHX Tower (North)","https://www.liveatc.net/play/kphx_twr_n.pls","",""
"North America","United States","Phoenix","Arizona","Phoenix Sky Harbor International Airport","KPHX","PHX","KPHX Tower (North/South)","https://www.liveatc.net/play/kphx_twr_both.pls","",""
"North America","United States","Phoenix","Arizona","Phoenix Sky Harbor International Airport","KPHX","PHX","KPHX Tower (South)","https://www.liveatc.net/play/kphx_twr_s.pls","",""
"North America","United States","Phoenix","Arizona","Phoenix Sky Harbor International Airport","KPHX","PHX","ZAB Sector 38 (Miami Low)","https://www.liveatc.net/play/kphx4_zab38.pls","",""
"North America","United States","Prescott","Arizona","Ernest A. Love Field Airport","KPRC","PRC","KPRC Area Emergency/Guard","https://www.liveatc.net/play/kprc1_guard.pls","",""
"North America","United States","Prescott","Arizona","Ernest A. Love Field Airport","KPRC","PRC","KPRC ATIS","https://www.liveatc.net/play/kprc1_atis.pls","",""
"North America","United States","Prescott","Arizona","Ernest A. Love Field Airport","KPRC","PRC","KPRC Ground","https://www.liveatc.net/play/kprc1_gnd.pls","",""
"North America","United States","Prescott","Arizona","Ernest A. Love Field Airport","KPRC","PRC","KPRC Ground/Tower","https://www.liveatc.net/play/kprc1_gnd_twr.pls","",""
"North America","United States","Prescott","Arizona","Ernest A. Love Field Airport","KPRC","PRC","KPRC Practice Area","https://www.liveatc.net/play/kprc1_pa.pls","",""
"North America","United States","Prescott","Arizona","Ernest A. Love Field Airport","KPRC","PRC","KPRC Tower (1/2)","https://www.liveatc.net/play/kprc1_twr.pls","",""
"North America","United States","Prescott","Arizona","Ernest A. Love Field Airport","KPRC","PRC","KPRC Tower 1","https://www.liveatc.net/play/kprc1_twr1.pls","",""
"North America","United States","Prescott","Arizona","Ernest A. Love Field Airport","KPRC","PRC","KPRC Tower 2","https://www.liveatc.net/play/kprc1_twr2.pls","",""
"North America","United States","Prescott","Arizona","Ernest A. Love Field Airport","KPRC","PRC","Phoenix Approach (Jerome Sector/PRC/SEZ Area)","https://www.liveatc.net/play/kprc1_app_133575.pls","",""
"North America","United States","Prescott","Arizona","Ernest A. Love Field Airport","KPRC","PRC","Phoenix Approach (Jerome/Kachina Sectors)","https://www.liveatc.net/play/kprc1_app.pls","",""
"North America","United States","Prescott","Arizona","Ernest A. Love Field Airport","KPRC","PRC","Phoenix Approach (Kachina Sector/FLG Area)","https://www.liveatc.net/play/kprc1_app_126375.pls","",""
"North America","United States","Prescott","Arizona","Ernest A. Love Field Airport","KPRC","PRC","ZAB Sector 43","https://www.liveatc.net/play/kprc1_zab_128450.pls","",""
"North America","United States","Prescott","Arizona","Ernest A. Love Field Airport","KPRC","PRC","ZAB Sector 45","https://www.liveatc.net/play/kprc1_zab_127675.pls","",""
"North America","United States","Prescott","Arizona","Ernest A. Love Field Airport","KPRC","PRC","ZAB Sector 92","https://www.liveatc.net/play/kprc1_zab_135325.pls","",""
"North America","United States","Scottsdale","Arizona","Scottsdale Airport","KSDL","SDL","KPHX Approach (Biltmore Sector)","https://www.liveatc.net/play/kphx4_app_sdl.pls","",""
"North America","United States","Scottsdale","Arizona","Scottsdale Airport","KSDL","SDL","KSDL ATIS","https://www.liveatc.net/play/ksdl2_atis.pls","",""
"North America","United States","Scottsdale","Arizona","Scottsdale Airport","KSDL","SDL","KSDL Emergency/Guard","https://www.liveatc.net/play/ksdl2_guard.pls","",""
"North America","United States","Scottsdale","Arizona","Scottsdale Airport","KSDL","SDL","KSDL Ground","https://www.liveatc.net/play/ksdl2_gnd.pls","",""
"North America","United States","Scottsdale","Arizona","Scottsdale Airport","KSDL","SDL","KSDL Tower #2","https://www.liveatc.net/play/ksdl2_twr.pls","",""
"North America","United States","Tucson","Arizona","Davis Monthan Air Force Base","KDMA","DMA","KDMA/KTUS Twr/Ops/ZAB","https://www.liveatc.net/play/ktus.pls","",""
"North America","United States","Tucson","Arizona","Davis Monthan Air Force Base","KDMA","DMA","KTUS Del/Gnd/Twr/App/KDMA","https://www.liveatc.net/play/ktus2.pls","",""
"North America","United States","Tucson","Arizona","Tucson International Airport","KTUS","TUS","KDMA/KTUS Twr/Ops/ZAB","https://www.liveatc.net/play/ktus.pls","",""
"North America","United States","Tucson","Arizona","Tucson International Airport","KTUS","TUS","KTUS Del/Gnd/Twr/App/KDMA","https://www.liveatc.net/play/ktus2.pls","",""
"North America","United States","Tucson","Arizona","Tucson International Airport","KTUS","TUS","ZAB Sector 46 (Tucson Low)","https://www.liveatc.net/play/zab46.pls","",""
"North America","United States","Tucson","Arizona","Tucson International Airport","KTUS","TUS","ZAB Sector 91 (Gila Bend High)","https://www.liveatc.net/play/kphx4_zab91.pls","",""
"North America","United States","Yuma","Arizona","Yuma MCAS/International Airport","KNYL","NYL","KNYL Del/Gnd/Twr/App/ZLA","https://www.liveatc.net/play/knyl1_local.pls","",""
"North America","United States","Fayetteville","Arkansas","Drake Field Airport","KFYV","FYV","KFYV ATIS","https://www.liveatc.net/play/kfyv1_atis.pls","",""
"North America","United States","Fayetteville","Arkansas","Drake Field Airport","KFYV","FYV","KFYV Ground","https://www.liveatc.net/play/kfyv1_gnd.pls","",""
"North America","United States","Fayetteville","Arkansas","Drake Field Airport","KFYV","FYV","KFYV Razorback Approach","https://www.liveatc.net/play/kfyv1_app.pls","",""
"North America","United States","Fayetteville","Arkansas","Drake Field Airport","KFYV","FYV","KFYV Tower","https://www.liveatc.net/play/kfyv1_twr.pls","",""
"North America","United States","Fayetteville","Arkansas","Drake Field Airport","KFYV","FYV","Memphis Center (Sector 02 Fayetteville Low)","https://www.liveatc.net/play/kfyv1_zme02_126100.pls","",""
"North America","United States","Fayetteville","Arkansas","Drake Field Airport","KFYV","FYV","Memphis Center (Sector 22 Razorback High)","https://www.liveatc.net/play/kfyv1_zme22_132550.pls","",""
"North America","United States","Fort Smith","Arkansas","Fort Smith Regional Airport","KFSM","FSM","KFSM Gnd/Twr/App","https://www.liveatc.net/play/kfsm1.pls","",""
"North America","United States","Harrison","Arkansas","Boone County Airport","KHRO","HRO","KHRO CTAF/ZME/Misc","https://www.liveatc.net/play/khro.pls","",""
"North America","United States","Walnut Ridge","Arkansas","Walnut Ridge Regional Airport","KARG","ARG","KARG CTAF/Memphis Center","https://www.liveatc.net/play/karg1.pls","","K4M9"
"North America","United States","Bakersfield","California","Meadows Field","KBFL","BFL","KBFL Approach (North)","https://www.liveatc.net/play/kbfl_app_118900.pls","",""
"North America","United States","Bakersfield","California","Meadows Field","KBFL","BFL","KBFL Approach (South)","https://www.liveatc.net/play/kbfl_app_118800.pls","",""
"North America","United States","Bakersfield","California","Meadows Field","KBFL","BFL","KBFL ATIS","https://www.liveatc.net/play/kbfl_atis.pls","",""
"North America","United States","Bakersfield","California","Meadows Field","KBFL","BFL","KBFL Departure (North)","https://www.liveatc.net/play/kbfl_dep_126450.pls","",""
"North America","United States","Bakersfield","California","Meadows Field","KBFL","BFL","KBFL Departure (South)","https://www.liveatc.net/play/kbfl_dep_119075.pls","",""
"North America","United States","Bakersfield","California","Meadows Field","KBFL","BFL","KBFL Tower","https://www.liveatc.net/play/kbfl_twr.pls","",""
"North America","United States","Bakersfield","California","Meadows Field","KBFL","BFL","ZLA Sector 03","https://www.liveatc.net/play/kbfl_zla03.pls","",""
"North America","United States","Bakersfield","California","Meadows Field","KBFL","BFL","ZLA Sector 27","https://www.liveatc.net/play/kbfl_zla27.pls","",""
"North America","United States","Burbank","California","Bob Hope Airport","KBUR","BUR","KBUR Tower","https://www.liveatc.net/play/kbur3_gnd_twr.pls","",""
"North America","United States","Burbank","California","Bob Hope Airport","KBUR","BUR","SOCAL Approach (Fillmore VHF)","https://www.liveatc.net/play/kbur1_app_120400.pls","",""
"North America","United States","Burbank","California","Bob Hope Airport","KBUR","BUR","SOCAL Approach (Moorpark Sector) #2","https://www.liveatc.net/play/kbur1_app_128750.pls","",""
"North America","United States","Burbank","California","Bob Hope Airport","KBUR","BUR","SOCAL Approach (Pasadena VHF)","https://www.liveatc.net/play/kbur3_gnd_twr_119_85.pls","",""
"North America","United States","Burbank","California","Bob Hope Airport","KBUR","BUR","SOCAL Approach (Valley Sector) #1","https://www.liveatc.net/play/kbur3_gnd_twr_124_6.pls","",""
"North America","United States","Burbank","California","Bob Hope Airport","KBUR","BUR","SOCAL Approach (Woodland VHF) #1","https://www.liveatc.net/play/kbur3_gnd_twr_134_2.pls","",""
"North America","United States","Burbank","California","Bob Hope Airport","KBUR","BUR","SOCAL Approach (Woodland VHF) #2","https://www.liveatc.net/play/kbur1_app_134200.pls","",""
"North America","United States","Camarillo","California","Camarillo Airport","KCMA","CMA","KCMA App/Dep (Mugu App)","https://www.liveatc.net/play/kcma_app.pls","",""
"North America","United States","Camarillo","California","Camarillo Airport","KCMA","CMA","KCMA ATIS","https://www.liveatc.net/play/kcma_atis.pls","",""
"North America","United States","Camarillo","California","Camarillo Airport","KCMA","CMA","KCMA Ground/Tower","https://www.liveatc.net/play/kcma.pls","",""
"North America","United States","Carlsbad","California","Mc Clellan-Palomar Airport","KCRQ","CLD","KCRQ Tower","https://www.liveatc.net/play/kcrq1.pls","",""
"North America","United States","Chino","California","Chino Airport","KCNO","CNO","KCNO ATIS","https://www.liveatc.net/play/kont1_kcno_atis.pls","",""
"North America","United States","Chino","California","Chino Airport","KCNO","CNO","KCNO Ground #1","https://www.liveatc.net/play/kcno1_gnd.pls","",""
"North America","United States","Chino","California","Chino Airport","KCNO","CNO","KCNO Ground #2","https://www.liveatc.net/play/kont1_kcno_gnd.pls","",""
"North America","United States","Chino","California","Chino Airport","KCNO","CNO","KCNO Ground/Tower","https://www.liveatc.net/play/kcno1_gnd_twr.pls","",""
"North America","United States","Chino","California","Chino Airport","KCNO","CNO","KCNO Tower #1","https://www.liveatc.net/play/kcno1_twr.pls","",""
"North America","United States","Chino","California","Chino Airport","KCNO","CNO","KCNO Tower #2","https://www.liveatc.net/play/kont1_kcno_twr.pls","",""
"North America","United States","Compton","California","Compton Woodley Airport","KCPM","CPM","KCPM CTAF","https://www.liveatc.net/play/kcpm2.pls","","KHHR"
"North America","United States","Concord","California","Buchanan Field","KCCR","CCR","KCCR ATIS","https://www.liveatc.net/play/kccr1_atis.pls","",""
"North America","United States","Concord","California","Buchanan Field","KCCR","CCR","KCCR Gnd/Twr #1","https://www.liveatc.net/play/kccr1_gnd_twr.pls","",""
"North America","United States","Concord","California","Buchanan Field","KCCR","CCR","KCCR Gnd/Twr #2","https://www.liveatc.net/play/kccr2.pls","",""
"North America","United States","Concord","California","Buchanan Field","KCCR","CCR","KCCR Ground #1","https://www.liveatc.net/play/kccr1_gnd.pls","",""
"North America","United States","Concord","California","Buchanan Field","KCCR","CCR","KCCR Tower #1","https://www.liveatc.net/play/kccr1_twr.pls","",""
"North America","United States","Concord","California","Buchanan Field","KCCR","CCR","KCCR Tower #2","https://www.liveatc.net/play/kccr1_twr_r.pls","",""
"North America","United States","Davis","California","University Airport","KEDU","","KEDU CTAF","https://www.liveatc.net/play/kedu.pls","",""
"North America","United States","El Monte","California","San Gabriel Valley Airport","KEMT","EMT","KEMT Ground","https://www.liveatc.net/play/kemt2_gnd.pls","",""
"North America","United States","El Monte","California","San Gabriel Valley Airport","KEMT","EMT","KEMT Ground/Tower","https://www.liveatc.net/play/kemt2_gnd_twr.pls","",""
"North America","United States","El Monte","California","San Gabriel Valley Airport","KEMT","EMT","KEMT Practice Area","https://www.liveatc.net/play/kemt2_pa.pls","",""
"North America","United States","El Monte","California","San Gabriel Valley Airport","KEMT","EMT","KEMT Tower","https://www.liveatc.net/play/kemt2_twr.pls","",""
"North America","United States","Fresno","California","Fresno Yosemite International Airport","KFAT","FAT","KFAT App/Dep","https://www.liveatc.net/play/kfat2.pls","",""
"North America","United States","Fresno","California","Fresno Yosemite International Airport","KFAT","FAT","KFAT ATIS","https://www.liveatc.net/play/kfat_atis.pls","",""
"North America","United States","Fresno","California","Fresno Yosemite International Airport","KFAT","FAT","KFAT Del/Gnd/Twr","https://www.liveatc.net/play/kfat1.pls","",""
"North America","United States","Fresno","California","Fresno Yosemite International Airport","KFAT","FAT","KFAT Del/Gnd/Twr/App","https://www.liveatc.net/play/kfat1_s.pls","",""
"North America","United States","Fresno","California","Fresno Yosemite International Airport","KFAT","FAT","ZOA Oakland Center (Fresno)","https://www.liveatc.net/play/kfat3.pls","",""
"North America","United States","Fullerton","California","Fullerton Municipal Airport","KFUL","FUL","KFUL Ground/Tower","https://www.liveatc.net/play/kful2.pls","",""
"North America","United States","Half Moon Bay","California","Half Moon Bay Airport","KHAF","HAF","KHAF CTAF","https://www.liveatc.net/play/khaf2.pls","",""
"North America","United States","Hawthorne","California","Jack Northrop Field/Hawthorne Municipal Airport","KHHR","HHR","KHHR ATIS","https://www.liveatc.net/play/khhr1_atis.pls","",""
"North America","United States","Hawthorne","California","Jack Northrop Field/Hawthorne Municipal Airport","KHHR","HHR","KHHR Emergency/Guard","https://www.liveatc.net/play/khhr1_guard.pls","",""
"North America","United States","Hawthorne","California","Jack Northrop Field/Hawthorne Municipal Airport","KHHR","HHR","KHHR Ground","https://www.liveatc.net/play/khhr1_gnd.pls","",""
"North America","United States","Hawthorne","California","Jack Northrop Field/Hawthorne Municipal Airport","KHHR","HHR","KHHR Ground/Tower","https://www.liveatc.net/play/khhr1_gnd_twr.pls","",""
"North America","United States","Hawthorne","California","Jack Northrop Field/Hawthorne Municipal Airport","KHHR","HHR","KHHR Tower","https://www.liveatc.net/play/khhr1_twr.pls","",""
"North America","United States","Hayward","California","Hayward Executive Airport","KHWD","HWD","KHWD Ground/Tower","https://www.liveatc.net/play/khwd.pls","",""
"North America","United States","Hemet","California","Hemet Ryan Airport","KHMT","HMT","KHMT CTAF","https://www.liveatc.net/play/khmt2_ctaf.pls","",""
"North America","United States","Jackson","California","Westover Field / Amador County Airport","KJAQ","JAQ","KJAQ AWOS","https://www.liveatc.net/play/kjaq2_awos.pls","",""
"North America","United States","Jackson","California","Westover Field / Amador County Airport","KJAQ","JAQ","KJAQ CTAF","https://www.liveatc.net/play/kjaq2_ctaf.pls","",""
"North America","United States","Jackson","California","Westover Field / Amador County Airport","KJAQ","JAQ","KJAQ Guard","https://www.liveatc.net/play/kjaq2_guard.pls","",""
"North America","United States","La Verne","California","Brackett Field","KPOC","POC","KPOC ATIS","https://www.liveatc.net/play/kpoc2_atis.pls","",""
"North America","United States","La Verne","California","Brackett Field","KPOC","POC","KPOC Ground","https://www.liveatc.net/play/kpoc2_gnd.pls","",""
"North America","United States","La Verne","California","Brackett Field","KPOC","POC","KPOC SOCAL App (Pomona)","https://www.liveatc.net/play/kpoc2_app.pls","",""
"North America","United States","La Verne","California","Brackett Field","KPOC","POC","KPOC Tower/CTAF","https://www.liveatc.net/play/kpoc2_twr.pls","",""
"North America","United States","Livermore","California","Livermore Municipal Airport","KLVK","LVK","KLVK ATIS","https://www.liveatc.net/play/klvk1_atis.pls","",""
"North America","United States","Livermore","California","Livermore Municipal Airport","KLVK","LVK","KLVK Ground","https://www.liveatc.net/play/klvk1_gnd.pls","",""
"North America","United States","Livermore","California","Livermore Municipal Airport","KLVK","LVK","KLVK Ground/Tower #2","https://www.liveatc.net/play/klvk1_gnd_twr.pls","",""
"North America","United States","Livermore","California","Livermore Municipal Airport","KLVK","LVK","KLVK Tower","https://www.liveatc.net/play/klvk1_twr.pls","",""
"North America","United States","Livermore","California","Livermore Municipal Airport","KLVK","LVK","KLVK Tower (118.1)","https://www.liveatc.net/play/klvk1_twr_118100.pls","",""
"North America","United States","Livermore","California","Livermore Municipal Airport","KLVK","LVK","KLVK Tower (128.2)","https://www.liveatc.net/play/klvk1_twr_128200.pls","",""
"North America","United States","Long Beach","California","Long Beach Airport (Daugherty Field)","KLGB","LGB","KLGB ATIS #1","https://www.liveatc.net/play/klgb1_es_atis.pls","",""
"North America","United States","Long Beach","California","Long Beach Airport (Daugherty Field)","KLGB","LGB","KLGB Clearance Delivery","https://www.liveatc.net/play/klgb_del.pls","",""
"North America","United States","Long Beach","California","Long Beach Airport (Daugherty Field)","KLGB","LGB","KLGB Clearance Delivery #2","https://www.liveatc.net/play/klgb1_es_del.pls","",""
"North America","United States","Long Beach","California","Long Beach Airport (Daugherty Field)","KLGB","LGB","KLGB Ground #2","https://www.liveatc.net/play/klgb1_es_gnd.pls","",""
"North America","United States","Long Beach","California","Long Beach Airport (Daugherty Field)","KLGB","LGB","KLGB Tower (Rwy 12 Apch, Rwy 30 Dep)","https://www.liveatc.net/play/klgb1_es_twr1.pls","",""
"North America","United States","Long Beach","California","Long Beach Airport (Daugherty Field)","KLGB","LGB","KLGB Tower (Rwy 30 Apch, Rwy 12 Dep) #1","https://www.liveatc.net/play/klgb_twr.pls","",""
"North America","United States","Long Beach","California","Long Beach Airport (Daugherty Field)","KLGB","LGB","KLGB Tower (Rwy 30 Apch, Rwy 12 Dep) #2","https://www.liveatc.net/play/klgb1_es_twr2.pls","",""
"North America","United States","Long Beach","California","Long Beach Airport (Daugherty Field)","KLGB","LGB","KLGB UNICOM","https://www.liveatc.net/play/klgb1_es_unicom.pls","",""
"North America","United States","Long Beach","California","Long Beach Airport (Daugherty Field)","KLGB","LGB","SOCAL Approach (Beach VHF) #1","https://www.liveatc.net/play/ksna1_app_125350.pls","",""
"North America","United States","Long Beach","California","Long Beach Airport (Daugherty Field)","KLGB","LGB","SOCAL Approach (Beach VHF) #2","https://www.liveatc.net/play/klgb1_es_app_125350.pls","",""
"North America","United States","Long Beach","California","Long Beach Airport (Daugherty Field)","KLGB","LGB","SOCAL Approach (Harbor Sector)","https://www.liveatc.net/play/ksna1_app_127200.pls","",""
"North America","United States","Long Beach","California","Long Beach Airport (Daugherty Field)","KLGB","LGB","SOCAL Approach (Newport Sector)","https://www.liveatc.net/play/klgb1_es_app_134350.pls","",""
"North America","United States","Long Beach","California","Long Beach Airport (Daugherty Field)","KLGB","LGB","ZLA LA Center (Sector 18 Low)","https://www.liveatc.net/play/klgb1_es_zla_125275.pls","",""
"North America","United States","Los Alamitos","California","Los Alamitos Army Airfield","KSLI","SLI","KSLI ATIS","https://www.liveatc.net/play/klgb1_ksli_atis.pls","",""
"North America","United States","Los Alamitos","California","Los Alamitos Army Airfield","KSLI","SLI","KSLI Ground","https://www.liveatc.net/play/klgb1_ksli_gnd.pls","",""
"North America","United States","Los Alamitos","California","Los Alamitos Army Airfield","KSLI","SLI","KSLI Tower","https://www.liveatc.net/play/klgb1_ksli_twr.pls","",""
"North America","United States","Los Angeles","California","Los Angeles International Airport","KLAX","LAX","KLAX App (East Feeder)","https://www.liveatc.net/play/kpoc2_klax_app_east_feeder.pls","",""
"North America","United States","Los Angeles","California","Los Angeles International Airport","KLAX","LAX","KLAX App (Zuma/NW Arr)","https://www.liveatc.net/play/klax3n_nw_feeder.pls","",""
"North America","United States","Los Angeles","California","Los Angeles International Airport","KLAX","LAX","KLAX App (Zuma/NW Arr) #2","https://www.liveatc.net/play/khhr1_app_124500.pls","",""
"North America","United States","Los Angeles","California","Los Angeles International Airport","KLAX","LAX","KLAX ARFF/Emergency","https://www.liveatc.net/play/klax3n_arff.pls","",""
"North America","United States","Los Angeles","California","Los Angeles International Airport","KLAX","LAX","KLAX ARINC 128.9","https://www.liveatc.net/play/klax4n_arinc.pls","",""
"North America","United States","Los Angeles","California","Los Angeles International Airport","KLAX","LAX","KLAX ATIS (Arrival)","https://www.liveatc.net/play/klax4n_atis_arr.pls","",""
"North America","United States","Los Angeles","California","Los Angeles International Airport","KLAX","LAX","KLAX ATIS (Departure)","https://www.liveatc.net/play/klax4n_atis_dep.pls","",""
"North America","United States","Los Angeles","California","Los Angeles International Airport","KLAX","LAX","KLAX Clearance Delivery","https://www.liveatc.net/play/klax3n_del.pls","https://s65.ipcamlive.com/streams/41qjwf1vlhia39m0y/stream.m3u8",""
"North America","United States","Los Angeles","California","Los Angeles International Airport","KLAX","LAX","KLAX Dep/West App","https://www.liveatc.net/play/klax7.pls","https://s65.ipcamlive.com/streams/41qjwf1vlhia39m0y/stream.m3u8",""
"North America","United States","Los Angeles","California","Los Angeles International Airport","KLAX","LAX","KLAX Final App (North)","https://www.liveatc.net/play/klax4n_app_fin_n.pls","",""
"North America","United States","Los Angeles","California","Los Angeles International Airport","KLAX","LAX","KLAX Final App (North/South)","https://www.liveatc.net/play/klax6.pls","",""
"North America","United States","Los Angeles","California","Los Angeles International Airport","KLAX","LAX","KLAX Final App (South) #1","https://www.liveatc.net/play/klax3n_app_fin_s.pls","",""
"North America","United States","Los Angeles","California","Los Angeles International Airport","KLAX","LAX","KLAX Final App (South) #2","https://www.liveatc.net/play/khhr1_app_124900.pls","",""
"North America","United States","Los Angeles","California","Los Angeles International Airport","KLAX","LAX","KLAX Ground (Metering)","https://www.liveatc.net/play/klax3n_p_gnd_meter.pls","",""
"North America","United States","Los Angeles","California","Los Angeles International Airport","KLAX","LAX","KLAX Ground (North)","https://www.liveatc.net/play/klax1.pls","",""
"North America","United States","Los Angeles","California","Los Angeles International Airport","KLAX","LAX","KLAX Ground (North/South)","https://www.liveatc.net/play/klax_gnd.pls","https://s65.ipcamlive.com/streams/41qjwf1vlhia39m0y/stream.m3u8",""
"North America","United States","Los Angeles","California","Los Angeles International Airport","KLAX","LAX","KLAX Ground (South)","https://www.liveatc.net/play/klax5.pls","https://s65.ipcamlive.com/streams/41qjwf1vlhia39m0y/stream.m3u8",""
"North America","United States","Los Angeles","California","Los Angeles International Airport","KLAX","LAX","KLAX SFRA","https://www.liveatc.net/play/klax4n_sfra.pls","",""
"North America","United States","Los Angeles","California","Los Angeles International Airport","KLAX","LAX","KLAX Tower (Helicopters) #1","https://www.liveatc.net/play/klax3n_heli.pls","",""
"North America","United States","Los Angeles","California","Los Angeles International Airport","KLAX","LAX","KLAX Tower (Helicopters) #2","https://www.liveatc.net/play/khhr1_klax_twr_heli.pls","",""
"North America","United States","Los Angeles","California","Los Angeles International Airport","KLAX","LAX","KLAX Tower (North) #1","https://www.liveatc.net/play/klax3.pls","https://s65.ipcamlive.com/streams/41qjwf1vlhia39m0y/stream.m3u8",""
"North America","United States","Los Angeles","California","Los Angeles International Airport","KLAX","LAX","KLAX Tower (North) #2","https://www.liveatc.net/play/khhr1_klax_twr_n.pls","",""
"North America","United States","Los Angeles","California","Los Angeles International Airport","KLAX","LAX","KLAX Tower (North/South) #1","https://www.liveatc.net/play/klax_twr.pls","https://s65.ipcamlive.com/streams/41qjwf1vlhia39m0y/stream.m3u8",""
"North America","United States","Los Angeles","California","Los Angeles International Airport","KLAX","LAX","KLAX Tower (North/South) #2","https://www.liveatc.net/play/khhr1_klax_twr.pls","",""
"North America","United States","Los Angeles","California","Los Angeles International Airport","KLAX","LAX","KLAX Tower (South) #1","https://www.liveatc.net/play/klax4.pls","https://s65.ipcamlive.com/streams/41qjwf1vlhia39m0y/stream.m3u8",""
"North America","United States","Los Angeles","California","Los Angeles International Airport","KLAX","LAX","KLAX Tower (South) #2","https://www.liveatc.net/play/khhr1_klax_twr_s.pls","",""
"North America","United States","Los Angeles","California","Los Angeles International Airport","KLAX","LAX","SOCAL App (Zuma Sector)","https://www.liveatc.net/play/ksmo2_app_124500.pls","",""
"North America","United States","Los Angeles","California","Los Angeles International Airport","KLAX","LAX","SOCAL Dep (Malibu Sector W/NW Dep) #1","https://www.liveatc.net/play/klax3n_dep_125200.pls","",""
"North America","United States","Los Angeles","California","Los Angeles International Airport","KLAX","LAX","SOCAL Dep (Malibu Sector W/NW Dep) #2","https://www.liveatc.net/play/ksmo2_dep_125200.pls","",""
"North America","United States","Los Angeles","California","Los Angeles International Airport","KLAX","LAX","SOCAL Dep (Malibu Sector W/NW Dep) #2","https://www.liveatc.net/play/khhr1_app_125200.pls","",""
"North America","United States","Los Angeles","California","Los Angeles International Airport","KLAX","LAX","SOCAL Dep (Manhattan Sector SW-NE) #1","https://www.liveatc.net/play/klax3n_dep_124300.pls","",""
"North America","United States","Los Angeles","California","Los Angeles International Airport","KLAX","LAX","SOCAL Dep (Manhattan Sector SW-NE) #2","https://www.liveatc.net/play/khhr1_app_124300.pls","",""
"North America","United States","Los Angeles","California","Los Angeles International Airport","KLAX","LAX","SOCAL Dep (Manhattan Sector)","https://www.liveatc.net/play/ksmo2_dep_124300.pls","",""
"North America","United States","Los Angeles","California","Los Angeles International Airport","KLAX","LAX","ZLA LA Center Sector 04","https://www.liveatc.net/play/khhr1_zla04.pls","",""
"North America","United States","Los Angeles","California","Los Angeles International Airport","KLAX","LAX","ZLA LA Center Sector 09","https://www.liveatc.net/play/ksan_zla09.pls","",""
"North America","United States","Los Angeles","California","Los Angeles International Airport","KLAX","LAX","ZLA LA Center Sector 10","https://www.liveatc.net/play/ksan_zla10.pls","",""
"North America","United States","Los Angeles","California","Los Angeles International Airport","KLAX","LAX","ZLA LA Center Sector 12","https://www.liveatc.net/play/ksan_zla12.pls","",""
"North America","United States","Los Angeles","California","Los Angeles International Airport","KLAX","LAX","ZLA LA Center Sector 13","https://www.liveatc.net/play/khhr1_zla13.pls","",""
"North America","United States","Los Angeles","California","Los Angeles International Airport","KLAX","LAX","ZLA LA Center Sector 21","https://www.liveatc.net/play/khhr1_zla21.pls","",""
"North America","United States","Los Angeles","California","Los Angeles International Airport","KLAX","LAX","ZLA LA Center Sector 21","https://www.liveatc.net/play/klax4n_zla_132850.pls","",""
"North America","United States","Los Angeles","California","Los Angeles International Airport","KLAX","LAX","ZLA LA Center Sector 30 #1","https://www.liveatc.net/play/kont1_zla30.pls","",""
"North America","United States","Los Angeles","California","Los Angeles International Airport","KLAX","LAX","ZLA LA Center Sector 30 #2","https://www.liveatc.net/play/klax3n_zla30.pls","",""
"North America","United States","Los Angeles","California","Los Angeles International Airport","KLAX","LAX","ZLA LA Center Sector 30 #3","https://www.liveatc.net/play/ksan_zla30.pls","",""
"North America","United States","Los Angeles","California","Los Angeles International Airport","KLAX","LAX","ZLA LA Center Sector 30 #4","https://www.liveatc.net/play/khhr1_zla30.pls","",""
"North America","United States","Los Angeles","California","Los Angeles International Airport","KLAX","LAX","ZLA LA Center Sector 31","https://www.liveatc.net/play/ksan_zla31.pls","",""
"North America","United States","Los Angeles","California","Los Angeles International Airport","KLAX","LAX","ZLA LA Center Sector 40","https://www.liveatc.net/play/ksan_zla40.pls","",""
"North America","United States","Los Angeles","California","Los Angeles International Airport","KLAX","LAX","ZLA LA Center Sectors 04/13/21","https://www.liveatc.net/play/klax8.pls","",""
"North America","United States","Los Angeles","California","Whiteman Airport","KWHP","WHP","KWHP ATIS","https://www.liveatc.net/play/kwhp1_atis.pls","",""
"North America","United States","Los Angeles","California","Whiteman Airport","KWHP","WHP","KWHP Tower","https://www.liveatc.net/play/kwhp1_twr.pls","",""
"North America","United States","Merced","California","Castle Airport","KMER","MER","KMER Tower/CTAF","https://www.liveatc.net/play/kmer2.pls","",""
"North America","United States","Monterey","California","Monterey Peninsula Airport","KMRY","MRY","KMRY App/Dep","https://www.liveatc.net/play/kmry_app.pls","",""
"North America","United States","Monterey","California","Monterey Peninsula Airport","KMRY","MRY","KMRY ATIS","https://www.liveatc.net/play/kmry_atis.pls","",""
"North America","United States","Monterey","California","Monterey Peninsula Airport","KMRY","MRY","KMRY Del/Gnd/Twr","https://www.liveatc.net/play/kmry.pls","",""
"North America","United States","Mountain View","California","Moffett Federal Airfield","KNUQ","NUQ","KNUQ Gnd/Twr","https://www.liveatc.net/play/knuq.pls","",""
"North America","United States","Napa","California","Napa County Airport","KAPC","APC","KAPC Del/Gnd","https://www.liveatc.net/play/kapc1_del_gnd.pls","",""
"North America","United States","Napa","California","Napa County Airport","KAPC","APC","KAPC Tower","https://www.liveatc.net/play/kapc1_twr.pls","",""
"North America","United States","Needles","California","Needles Airport","KEED","EED","KEED CTAF","https://www.liveatc.net/play/keed.pls","",""
"North America","United States","Novato","California","Gnoss Field","KDVO","NOT","KDVO CTAF","https://www.liveatc.net/play/ca35_kdvo_ctaf.pls","",""
"North America","United States","Oakland","California","Metropolitan Oakland International Airport","KOAK","OAK","KOAK Del/Gnd/Twr","https://www.liveatc.net/play/koak.pls","",""
"North America","United States","Oakland","California","Metropolitan Oakland International Airport","KOAK","OAK","NORCAL Approach (KOAK)","https://www.liveatc.net/play/koak_app.pls","",""
"North America","United States","Oakland","California","Metropolitan Oakland International Airport","KOAK","OAK","NORCAL Departure (KSFO/KOAK)","https://www.liveatc.net/play/koak_dep.pls","",""
"North America","United States","Ontario","California","Ontario International Airport","KONT","ONT","KONT Del/Gnd/Twr/App #1","https://www.liveatc.net/play/kont1_all.pls","",""
"North America","United States","Ontario","California","Ontario International Airport","KONT","ONT","KONT Delivery","https://www.liveatc.net/play/kont1_del.pls","",""
"North America","United States","Ontario","California","Ontario International Airport","KONT","ONT","KONT Ground","https://www.liveatc.net/play/kont1_gnd.pls","",""
"North America","United States","Ontario","California","Ontario International Airport","KONT","ONT","KONT Tower","https://www.liveatc.net/play/kont1_twr.pls","",""
"North America","United States","Ontario","California","Ontario International Airport","KONT","ONT","SOCAL App/Dep (KONT NE)","https://www.liveatc.net/play/kont1_app_127000.pls","",""
"North America","United States","Ontario","California","Ontario International Airport","KONT","ONT","SOCAL App/Dep (KONT NW)","https://www.liveatc.net/play/kont1_app_125500.pls","",""
"North America","United States","Ontario","California","Ontario International Airport","KONT","ONT","SOCAL App/Dep (KONT SE)","https://www.liveatc.net/play/kont1_app_134000.pls","",""
"North America","United States","Ontario","California","Ontario International Airport","KONT","ONT","SOCAL App/Dep (KONT SW)","https://www.liveatc.net/play/kont1_app_135400.pls","",""
"North America","United States","Ontario","California","Ontario International Airport","KONT","ONT","ZLA Sector 12 #1","https://www.liveatc.net/play/kont1_zla12.pls","",""
"North America","United States","Palo Alto","California","Palo Alto Airport of Santa Clara County","KPAO","PAO","KPAO ATIS","https://www.liveatc.net/play/kpao2_atis.pls","",""
"North America","United States","Palo Alto","California","Palo Alto Airport of Santa Clara County","KPAO","PAO","KPAO Ground","https://www.liveatc.net/play/kpao2_gnd.pls","",""
"North America","United States","Palo Alto","California","Palo Alto Airport of Santa Clara County","KPAO","PAO","KPAO Tower","https://www.liveatc.net/play/kpao2.pls","",""
"North America","United States","Paso Robles","California","Paso Robles Municipal Airport","KPRB","PRB","KPRB CTAF","https://www.liveatc.net/play/kprb1_ctaf.pls","","KSBP"
"North America","United States","Paso Robles","California","Paso Robles Municipal Airport","KPRB","PRB","ZOA Sector 10","https://www.liveatc.net/play/kprb1_zoa10.pls","","KSBP"
"North America","United States","Ramona","California","Ramona Airport","KRNM","","KRNM Ground","https://www.liveatc.net/play/krnm2_gnd.pls","",""
"North America","United States","Ramona","California","Ramona Airport","KRNM","","KRNM Ground/Tower","https://www.liveatc.net/play/krnm2_gnd_twr.pls","",""
"North America","United States","Ramona","California","Ramona Airport","KRNM","","KRNM Tower","https://www.liveatc.net/play/krnm2_twr.pls","",""
"North America","United States","Redding","California","Redding Municipal Airport","KRDD","RDD","KRDD Tower","https://www.liveatc.net/play/krdd3_twr.pls","",""
"North America","United States","Redlands","California","Redlands Municipal Airport","KREI","","KREI CTAF","https://www.liveatc.net/play/ksbd1_ctaf_123050.pls","","KSBD"
"North America","United States","Riverside","California","Riverside Municipal Airport","KRAL","RAL","KRAL ATIS","https://www.liveatc.net/play/kriv_kral_atis.pls","",""
"North America","United States","Riverside","California","Riverside Municipal Airport","KRAL","RAL","KRAL Ground","https://www.liveatc.net/play/kriv_kral_gnd.pls","",""
"North America","United States","Riverside","California","Riverside Municipal Airport","KRAL","RAL","KRAL Tower","https://www.liveatc.net/play/kriv_kral_twr.pls","",""
"North America","United States","Riverside","California","Riverside Municipal Airport","KRAL","RAL","SOCAL Approach (Norton Sector)","https://www.liveatc.net/play/kriv_app_127000.pls","",""
"North America","United States","Riverside","California","Riverside Municipal Airport","KRAL","RAL","SOCAL Approach (Riverside Sector)","https://www.liveatc.net/play/kriv_app_135400.pls","",""
"North America","United States","Riverside","California","March Air Reserve Base","KRIV","RIV","KRIV ATIS","https://www.liveatc.net/play/kriv_atis.pls","",""
"North America","United States","Riverside","California","March Air Reserve Base","KRIV","RIV","KRIV Ground","https://www.liveatc.net/play/kriv_gnd.pls","",""
"North America","United States","Riverside","California","March Air Reserve Base","KRIV","RIV","KRIV Tower","https://www.liveatc.net/play/kriv_twr.pls","",""
"North America","United States","Riverside","California","March Air Reserve Base","KRIV","RIV","March ARB App/Dep (Pri)","https://www.liveatc.net/play/kriv_app_133500.pls","",""
"North America","United States","Riverside","California","March Air Reserve Base","KRIV","RIV","March ARB App/Dep (Sec)","https://www.liveatc.net/play/kriv_app_119250.pls","",""
"North America","United States","Sacramento","California","McClellan Airfield","KMCC","MCC","KMCC CTAF/Del/Gnd/Twr","https://www.liveatc.net/play/kmcc.pls","",""
"North America","United States","Sacramento","California","Sacramento Mather Airport","KMHR","MHR","KMHR Ground/Tower","https://www.liveatc.net/play/kmhr.pls","",""
"North America","United States","Sacramento","California","Sacramento Mather Airport","KMHR","MHR","NORCAL App (EXPO/127.4)","https://www.liveatc.net/play/kmhr_norcal.pls","",""
"North America","United States","Sacramento","California","Sacramento Executive Airport","KSAC","SAC","KSAC Ground/Tower","https://www.liveatc.net/play/ksac2.pls","",""
"North America","United States","Sacramento","California","Sacramento Executive Airport","KSAC","SAC","KSAC Tower","https://www.liveatc.net/play/ksac3_twr.pls","",""
"North America","United States","Sacramento","California","Sacramento International Airport","KSMF","SMF","NORCAL Approach (Buttes Sector)","https://www.liveatc.net/play/ksmf2_app_125400.pls","",""
"North America","United States","Sacramento","California","Sacramento International Airport","KSMF","SMF","NORCAL Approach (Delta Sector)","https://www.liveatc.net/play/ksmf2_app_125250.pls","",""
"North America","United States","Sacramento","California","Sacramento International Airport","KSMF","SMF","NORCAL Approach (Expo Sector)","https://www.liveatc.net/play/ksmf2_app_127400.pls","",""
"North America","United States","San Bernardino","California","San Bernardino International Airport","KSBD","SBD","KSBD Area Emergency/Guard","https://www.liveatc.net/play/ksbd1_guard.pls","",""
"North America","United States","San Bernardino","California","San Bernardino International Airport","KSBD","SBD","KSBD ATIS","https://www.liveatc.net/play/ksbd1_atis.pls","",""
"North America","United States","San Bernardino","California","San Bernardino International Airport","KSBD","SBD","KSBD Ground","https://www.liveatc.net/play/ksbd1_gnd.pls","",""
"North America","United States","San Bernardino","California","San Bernardino International Airport","KSBD","SBD","SOCAL Approach 125.5","https://www.liveatc.net/play/ksbd1_app_125500.pls","",""
"North America","United States","San Bernardino","California","San Bernardino International Airport","KSBD","SBD","SOCAL Approach 127.0","https://www.liveatc.net/play/ksbd1_app_127000.pls","",""
"North America","United States","San Bernardino","California","San Bernardino International Airport","KSBD","SBD","SOCAL Approach 134.0","https://www.liveatc.net/play/ksbd1_app_134000.pls","",""
"North America","United States","San Bernardino","California","San Bernardino International Airport","KSBD","SBD","SOCAL Approach 135.400","https://www.liveatc.net/play/ksbd1_app_135400.pls","",""
"North America","United States","San Carlos","California","San Carlos Airport","KSQL","SQL","KSQL Ground","https://www.liveatc.net/play/ksql_gnd.pls","",""
"North America","United States","San Carlos","California","San Carlos Airport","KSQL","SQL","KSQL Ground/Tower","https://www.liveatc.net/play/ksql2.pls","",""
"North America","United States","San Carlos","California","San Carlos Airport","KSQL","SQL","KSQL Tower","https://www.liveatc.net/play/ksql_twr.pls","",""
"North America","United States","San Diego","California","Montgomery Field","KMYF","MYF","KMYF ATIS","https://www.liveatc.net/play/ksan_kmyf_atis.pls","",""
"North America","United States","San Diego","California","Montgomery Field","KMYF","MYF","KMYF Ground","https://www.liveatc.net/play/ksan_kmyf_gnd.pls","",""
"North America","United States","San Diego","California","Montgomery Field","KMYF","MYF","KMYF Guard","https://www.liveatc.net/play/ksan_kmyf_guard.pls","",""
"North America","United States","San Diego","California","Montgomery Field","KMYF","MYF","KMYF Tower (Both)","https://www.liveatc.net/play/ksan_kmyf_twr_both.pls","",""
"North America","United States","San Diego","California","Montgomery Field","KMYF","MYF","KMYF Tower (Primary)","https://www.liveatc.net/play/ksan_kmyf_twr.pls","",""
"North America","United States","San Diego","California","Montgomery Field","KMYF","MYF","KMYF Tower (Secondary)","https://www.liveatc.net/play/ksan_kmyf_twr2.pls","",""
"North America","United States","San Diego","California","Miramar Marine Corps Air Station","KNKX","NKX","KNKX Del/Gnd/Twr","https://www.liveatc.net/play/knkx.pls","",""
"North America","United States","San Diego","California","San Diego International Airport","KSAN","SAN","KSAN ATIS","https://www.liveatc.net/play/ksan_atis.pls","",""
"North America","United States","San Diego","California","San Diego International Airport","KSAN","SAN","KSAN Clearance Delivery","https://www.liveatc.net/play/ksan1_del.pls","",""
"North America","United States","San Diego","California","San Diego International Airport","KSAN","SAN","KSAN Ground #1","https://www.liveatc.net/play/ksan1_gnd.pls","",""
"North America","United States","San Diego","California","San Diego International Airport","KSAN","SAN","KSAN Ramp","https://www.liveatc.net/play/ksan1_ramp.pls","",""
"North America","United States","San Diego","California","San Diego International Airport","KSAN","SAN","KSAN Ramp/Del/Gnd/Twr","https://www.liveatc.net/play/ksan1_all.pls","",""
"North America","United States","San Diego","California","San Diego International Airport","KSAN","SAN","KSAN SOCAL Dep (South Bay)","https://www.liveatc.net/play/ksan_dep_125150.pls","",""
"North America","United States","San Diego","California","San Diego International Airport","KSAN","SAN","KSAN Tower #1","https://www.liveatc.net/play/ksan1_twr.pls","",""
"North America","United States","San Diego","California","San Diego International Airport","KSAN","SAN","SOCAL App/Dep (Del Mar VHF)","https://www.liveatc.net/play/ksan_app_delmar.pls","",""
"North America","United States","San Diego","California","San Diego International Airport","KSAN","SAN","SOCAL App/Dep (East)","https://www.liveatc.net/play/ksan_app_east.pls","",""
"North America","United States","San Diego","California","San Diego International Airport","KSAN","SAN","SOCAL App/Dep (NW)","https://www.liveatc.net/play/ksan_app_nw.pls","",""
"North America","United States","San Diego","California","San Diego International Airport","KSAN","SAN","SOCAL App/Dep (West)","https://www.liveatc.net/play/ksan_app_west.pls","",""
"North America","United States","San Francisco","California","San Francisco International Airport","KSFO","SFO","KSFO Company Channels","https://www.liveatc.net/play/ksfo_co.pls","",""
"North America","United States","San Francisco","California","San Francisco International Airport","KSFO","SFO","KSFO D-ATIS","https://www.liveatc.net/play/ksfo_atis.pls","",""
"North America","United States","San Francisco","California","San Francisco International Airport","KSFO","SFO","KSFO Del/Gnd (Alt)/Twr (Alt)","https://www.liveatc.net/play/ksfo_gnd2.pls","",""
"North America","United States","San Francisco","California","San Francisco International Airport","KSFO","SFO","KSFO Dep 120.9/127.0","https://www.liveatc.net/play/ksfo_dep1.pls","",""
"North America","United States","San Francisco","California","San Francisco International Airport","KSFO","SFO","KSFO Dep 135.1","https://www.liveatc.net/play/ksfo_dep2.pls","",""
"North America","United States","San Francisco","California","San Francisco International Airport","KSFO","SFO","KSFO Ground","https://www.liveatc.net/play/ksfo_gnd.pls","",""
"North America","United States","San Francisco","California","San Francisco International Airport","KSFO","SFO","KSFO Ground/Tower","https://www.liveatc.net/play/ksfo_gnd_twr.pls","",""
"North America","United States","San Francisco","California","San Francisco International Airport","KSFO","SFO","KSFO NORCAL App 28L/R","https://www.liveatc.net/play/ksfo_app2_l.pls","",""
"North America","United States","San Francisco","California","San Francisco International Airport","KSFO","SFO","KSFO NORCAL App 28L/R + BSR/MOD STARs","https://www.liveatc.net/play/ksfo_app2.pls","",""
"North America","United States","San Francisco","California","San Francisco International Airport","KSFO","SFO","KSFO NORCAL BSR2/MOD2 Arrivals","https://www.liveatc.net/play/ksfo_app2_r.pls","",""
"North America","United States","San Francisco","California","San Francisco International Airport","KSFO","SFO","KSFO Ramp","https://www.liveatc.net/play/ksfo_ramp.pls","",""
"North America","United States","San Francisco","California","San Francisco International Airport","KSFO","SFO","KSFO Tower","https://www.liveatc.net/play/ksfo_twr.pls","https://youtu.be/B2EBO6eMiKQ",""
"North America","United States","San Francisco","California","San Francisco International Airport","KSFO","SFO","KSFO Tower/Ground","https://www.liveatc.net/play/ksfo_twr2.pls","",""
"North America","United States","San Francisco","California","San Francisco International Airport","KSFO","SFO","NORCAL Departure (KSFO/KOAK)","https://www.liveatc.net/play/koak_dep.pls","",""
"North America","United States","San Francisco","California","San Francisco International Airport","KSFO","SFO","ZOA Oakland Center (35)","https://www.liveatc.net/play/zoa_35.pls","",""
"North America","United States","San Francisco","California","San Francisco International Airport","KSFO","SFO","ZOA Oakland Center (35/40/41)","https://www.liveatc.net/play/zoa_sfo.pls","",""
"North America","United States","San Jose","California","Reid Hillview of Santa Clara County Airport","KRHV","RHV","KRHV ATIS","https://www.liveatc.net/play/krhv1_atis.pls","",""
"North America","United States","San Jose","California","Reid Hillview of Santa Clara County Airport","KRHV","RHV","KRHV Ground","https://www.liveatc.net/play/krhv1_gnd.pls","",""
"North America","United States","San Jose","California","Reid Hillview of Santa Clara County Airport","KRHV","RHV","KRHV Ground/Tower","https://www.liveatc.net/play/krhv1.pls","",""
"North America","United States","San Jose","California","Reid Hillview of Santa Clara County Airport","KRHV","RHV","KRHV Tower #2","https://www.liveatc.net/play/krhv1_twr.pls","",""
"North America","United States","San Jose","California","Norman Y. Mineta San Jose International Airport","KSJC","SJC","KSJC D-ATIS","https://www.liveatc.net/play/ksjc_atis.pls","",""
"North America","United States","San Jose","California","Norman Y. Mineta San Jose International Airport","KSJC","SJC","KSJC Del/Gnd/Misc","https://www.liveatc.net/play/ksjc_del_gnd.pls","",""
"North America","United States","San Jose","California","Norman Y. Mineta San Jose International Airport","KSJC","SJC","KSJC Ground","https://www.liveatc.net/play/ksjc6_gnd.pls","",""
"North America","United States","San Jose","California","Norman Y. Mineta San Jose International Airport","KSJC","SJC","KSJC NORCAL Approach #1","https://www.liveatc.net/play/ksjc_app.pls","",""
"North America","United States","San Jose","California","Norman Y. Mineta San Jose International Airport","KSJC","SJC","KSJC NORCAL Approach #2","https://www.liveatc.net/play/ksjc_app2.pls","",""
"North America","United States","San Jose","California","Norman Y. Mineta San Jose International Airport","KSJC","SJC","KSJC NORCAL Departure","https://www.liveatc.net/play/ksjc_dep.pls","",""
"North America","United States","San Jose","California","Norman Y. Mineta San Jose International Airport","KSJC","SJC","KSJC Tower #1","https://www.liveatc.net/play/ksjc6_twr.pls","",""
"North America","United States","San Jose","California","Norman Y. Mineta San Jose International Airport","KSJC","SJC","KSJC Tower #2","https://www.liveatc.net/play/ksjc_twr2.pls","",""
"North America","United States","San Jose","California","Norman Y. Mineta San Jose International Airport","KSJC","SJC","KSJC Tower #3","https://www.liveatc.net/play/krhv1_ksjc_twr.pls","",""
"North America","United States","San Luis Obispo","California","San Luis County Regional Airport","KSBP","SBP","KSBP App/Dep","https://www.liveatc.net/play/ksbp1_app.pls","",""
"North America","United States","San Luis Obispo","California","San Luis County Regional Airport","KSBP","SBP","KSBP ATIS","https://www.liveatc.net/play/ksbp1_atis.pls","",""
"North America","United States","San Luis Obispo","California","San Luis County Regional Airport","KSBP","SBP","KSBP Emergency/Guard","https://www.liveatc.net/play/ksbp1_guard.pls","",""
"North America","United States","San Luis Obispo","California","San Luis County Regional Airport","KSBP","SBP","KSBP Gnd/Twr","https://www.liveatc.net/play/ksbp1_s.pls","",""
"North America","United States","San Luis Obispo","California","San Luis County Regional Airport","KSBP","SBP","KSBP Ground","https://www.liveatc.net/play/ksbp1_gnd.pls","",""
"North America","United States","San Luis Obispo","California","San Luis County Regional Airport","KSBP","SBP","KSBP Tower","https://www.liveatc.net/play/ksbp1_twr.pls","",""
"North America","United States","San Luis Obispo","California","San Luis County Regional Airport","KSBP","SBP","ZLA Sector 15 (SBP)","https://www.liveatc.net/play/ksbp1_zla15.pls","",""
"North America","United States","Santa Ana","California","John Wayne-Orange County Airport","KSNA","SNA","KSNA ATIS","https://www.liveatc.net/play/ksna1_atis.pls","",""
"North America","United States","Santa Ana","California","John Wayne-Orange County Airport","KSNA","SNA","KSNA Clearance Delivery","https://www.liveatc.net/play/ksna1_del.pls","",""
"North America","United States","Santa Ana","California","John Wayne-Orange County Airport","KSNA","SNA","KSNA Clearance Delivery (Backup)","https://www.liveatc.net/play/ksna1_del2.pls","",""
"North America","United States","Santa Ana","California","John Wayne-Orange County Airport","KSNA","SNA","KSNA Ground (Backup/West)","https://www.liveatc.net/play/ksna1_gnd_132250.pls","",""
"North America","United States","Santa Ana","California","John Wayne-Orange County Airport","KSNA","SNA","KSNA Ground (Primary/East)","https://www.liveatc.net/play/ksna1_gnd_120800.pls","",""
"North America","United States","Santa Ana","California","John Wayne-Orange County Airport","KSNA","SNA","KSNA Ground/Tower","https://www.liveatc.net/play/ksna4.pls","",""
"North America","United States","Santa Ana","California","John Wayne-Orange County Airport","KSNA","SNA","KSNA Tower (Backup/Discrete)","https://www.liveatc.net/play/ksna1_twr_128350.pls","",""
"North America","United States","Santa Ana","California","John Wayne-Orange County Airport","KSNA","SNA","KSNA Tower (Rwy 02L/20R)","https://www.liveatc.net/play/ksna1_twr_126800.pls","",""
"North America","United States","Santa Ana","California","John Wayne-Orange County Airport","KSNA","SNA","KSNA Tower (Rwy 02R/20L)","https://www.liveatc.net/play/ksna1_twr_119900.pls","",""
"North America","United States","Santa Ana","California","John Wayne-Orange County Airport","KSNA","SNA","SOCAL Approach (Beach Sector) #1","https://www.liveatc.net/play/ksna1_app_125350.pls","",""
"North America","United States","Santa Ana","California","John Wayne-Orange County Airport","KSNA","SNA","SOCAL Approach (Harbor Sector)","https://www.liveatc.net/play/ksna1_app_127200.pls","",""
"North America","United States","Santa Ana","California","John Wayne-Orange County Airport","KSNA","SNA","SOCAL Approach (Shore Sector)","https://www.liveatc.net/play/ksna1_app_124100.pls","",""
"North America","United States","Santa Ana","California","John Wayne-Orange County Airport","KSNA","SNA","SOCAL Approach (Tustin Sector)","https://www.liveatc.net/play/ksna1_app_121300.pls","",""
"North America","United States","Santa Ana","California","John Wayne-Orange County Airport","KSNA","SNA","SOCAL Departure (Pacific Sector)","https://www.liveatc.net/play/ksna1_dep_128100.pls","",""
"North America","United States","Santa Ana","California","John Wayne-Orange County Airport","KSNA","SNA","ZLA LA Center (Sector 18 Low)","https://www.liveatc.net/play/ksna1_zla_125275.pls","",""
"North America","United States","Santa Ana","California","John Wayne-Orange County Airport","KSNA","SNA","ZLA LA Center (Sector 21 Low)","https://www.liveatc.net/play/ksna1_zla_132850.pls","",""
"North America","United States","Santa Ana","California","John Wayne-Orange County Airport","KSNA","SNA","ZLA LA Center (Sector 30 Oceanic) #5","https://www.liveatc.net/play/ksna1_zla_119950.pls","",""
"North America","United States","Santa Barbara","California","Santa Barbara Municipal Airport","KSBA","SBA","KSBA App/Dep","https://www.liveatc.net/play/ksba_app.pls","",""
"North America","United States","Santa Barbara","California","Santa Barbara Municipal Airport","KSBA","SBA","KSBA Del/Gnd/Twr","https://www.liveatc.net/play/ksba_del_gnd_twr.pls","",""
"North America","United States","Santa Barbara","California","Santa Barbara Municipal Airport","KSBA","SBA","ZLA Los Angeles Center (25/28)","https://www.liveatc.net/play/zla_sba_25_28.pls","",""
"North America","United States","Santa Monica","California","Santa Monica Municipal Airport","KSMO","SMO","KSMO ATIS","https://www.liveatc.net/play/ksmo2_atis.pls","",""
"North America","United States","Santa Monica","California","Santa Monica Municipal Airport","KSMO","SMO","KSMO Ground","https://www.liveatc.net/play/ksmo3_gnd.pls","",""
"North America","United States","Santa Monica","California","Santa Monica Municipal Airport","KSMO","SMO","KSMO Tower #1","https://www.liveatc.net/play/ksmo2_twr.pls","",""
"North America","United States","Santa Monica","California","Santa Monica Municipal Airport","KSMO","SMO","KSMO Tower #2","https://www.liveatc.net/play/ksmo3_twr.pls","",""
"North America","United States","Santa Monica","California","Santa Monica Municipal Airport","KSMO","SMO","SOCAL App (Zuma Sector)","https://www.liveatc.net/play/ksmo2_app_124500.pls","",""
"North America","United States","Santa Monica","California","Santa Monica Municipal Airport","KSMO","SMO","SOCAL Dep (Malibu Sector W/NW Dep) #2","https://www.liveatc.net/play/ksmo2_dep_125200.pls","",""
"North America","United States","Santa Monica","California","Santa Monica Municipal Airport","KSMO","SMO","SOCAL Dep (Manhattan Sector)","https://www.liveatc.net/play/ksmo2_dep_124300.pls","",""
"North America","United States","South Lake Tahoe","California","Lake Tahoe Airport","KTVL","TVL","KTVL CTAF","https://www.liveatc.net/play/ktvl1_ctaf.pls","https://youtu.be/Gq1kM9PqNg4",""
"North America","United States","Stockton","California","Stockton Metropolitan Airport","KSCK","SCK","KSCK Area Emergency/Guard","https://www.liveatc.net/play/ksck2_guard.pls","",""
"North America","United States","Stockton","California","Stockton Metropolitan Airport","KSCK","SCK","KSCK Gnd/Tower/NORCAL App","https://www.liveatc.net/play/ksck.pls","",""
"North America","United States","Stockton","California","Stockton Metropolitan Airport","KSCK","SCK","KSCK Ground","https://www.liveatc.net/play/ksck2_gnd.pls","",""
"North America","United States","Stockton","California","Stockton Metropolitan Airport","KSCK","SCK","KSCK Tower","https://www.liveatc.net/play/ksck2_twr.pls","",""
"North America","United States","Tracy","California","Tracy Municipal Airport","KTCY","","KTCY AWOS","https://www.liveatc.net/play/ktcy2_awos.pls","",""
"North America","United States","Tracy","California","Tracy Municipal Airport","KTCY","","KTCY CTAF","https://www.liveatc.net/play/ktcy2_ctaf.pls","",""
"North America","United States","Tracy","California","Tracy Municipal Airport","KTCY","","NORCAL Approach 125.1 (KTCY Area)","https://www.liveatc.net/play/ktcy2_app_125100.pls","",""
"North America","United States","Truckee","California","Truckee-Tahoe Airport","KTRK","TRK","KTRK ATIS/AWOS","https://www.liveatc.net/play/ktrk_atis.pls","",""
"North America","United States","Truckee","California","Truckee-Tahoe Airport","KTRK","TRK","KTRK Emergency/Guard","https://www.liveatc.net/play/ktrk_guard.pls","",""
"North America","United States","Truckee","California","Truckee-Tahoe Airport","KTRK","TRK","KTRK Gnd/Twr/CTAF","https://www.liveatc.net/play/ktrk_gnd_twr.pls","",""
"North America","United States","Truckee","California","Truckee-Tahoe Airport","KTRK","TRK","KTRK Ground","https://www.liveatc.net/play/ktrk_gnd.pls","",""
"North America","United States","Truckee","California","Truckee-Tahoe Airport","KTRK","TRK","KTRK Tower/CTAF #1","https://www.liveatc.net/play/ktrk_twr1.pls","",""
"North America","United States","Truckee","California","Truckee-Tahoe Airport","KTRK","TRK","KTRK Tower/CTAF #2","https://www.liveatc.net/play/ktrk_twr.pls","",""
"North America","United States","Truckee","California","Truckee-Tahoe Airport","KTRK","TRK","KTRK UNICOM","https://www.liveatc.net/play/ktrk.pls","",""
"North America","United States","Truckee","California","Truckee-Tahoe Airport","KTRK","TRK","ZOA Oakland Center (44)","https://www.liveatc.net/play/ktrk_zoa44.pls","",""
"North America","United States","Upland","California","Cable Airport","KCCB","CCB","KCCB CTAF","https://www.liveatc.net/play/kccb.pls","",""
"North America","United States","Van Nuys","California","Van Nuys Airport","KVNY","VNY","KVNY App/Dep (VNY)","https://www.liveatc.net/play/kvny1_4.pls","",""
"North America","United States","Van Nuys","California","Van Nuys Airport","KVNY","VNY","KVNY ATIS","https://www.liveatc.net/play/kvny1_atis.pls","",""
"North America","United States","Van Nuys","California","Van Nuys Airport","KVNY","VNY","KVNY Clearance Delivery","https://www.liveatc.net/play/kvny1_del.pls","",""
"North America","United States","Van Nuys","California","Van Nuys Airport","KVNY","VNY","KVNY Ground","https://www.liveatc.net/play/kvny1_gnd.pls","",""
"North America","United States","Van Nuys","California","Van Nuys Airport","KVNY","VNY","KVNY Tower (East)","https://www.liveatc.net/play/kvny1_twr2.pls","",""
"North America","United States","Van Nuys","California","Van Nuys Airport","KVNY","VNY","KVNY Tower (Helicopters)","https://www.liveatc.net/play/kvny1_heli.pls","",""
"North America","United States","Van Nuys","California","Van Nuys Airport","KVNY","VNY","KVNY Tower (West)","https://www.liveatc.net/play/kvny1_twr1.pls","",""
"North America","United States","Van Nuys","California","Van Nuys Airport","KVNY","VNY","KVNY Tower #3","https://www.liveatc.net/play/kvny1_twr.pls","",""
"North America","United States","Van Nuys","California","Van Nuys Airport","KVNY","VNY","SOCAL Approach (Moorpark Sector) #2","https://www.liveatc.net/play/kvny1_app_128750.pls","",""
"North America","United States","Van Nuys","California","Van Nuys Airport","KVNY","VNY","SOCAL Approach (Valley Sector) #1","https://www.liveatc.net/play/kbur3_gnd_twr_124_6.pls","",""
"North America","United States","Van Nuys","California","Van Nuys Airport","KVNY","VNY","SOCAL Approach 120.4","https://www.liveatc.net/play/kvny1_app_120400.pls","",""
"North America","United States","Van Nuys","California","Van Nuys Airport","KVNY","VNY","SOCAL Approach 134.2","https://www.liveatc.net/play/kvny1_app_134200.pls","",""
"North America","United States","Watsonville","California","Watsonville Municipal Airport","KWVI","WVI","KWVI ASOS","https://www.liveatc.net/play/kwvi2_asos.pls","",""
"North America","United States","Watsonville","California","Watsonville Municipal Airport","KWVI","WVI","KWVI CTAF","https://www.liveatc.net/play/kwvi2.pls","",""
"North America","United States","Watsonville","California","Watsonville Municipal Airport","KWVI","WVI","NORCAL App/Dep (Monterey East)","https://www.liveatc.net/play/kwvi2_app.pls","",""
"North America","United States","Aspen","Colorado","Aspen-Pitkin County Airport/Sardy Field","KASE","ASE","KASE Approach/Denver Center","https://www.liveatc.net/play/kase2_app_ctr.pls","",""
"North America","United States","Aspen","Colorado","Aspen-Pitkin County Airport/Sardy Field","KASE","ASE","KASE ATIS","https://www.liveatc.net/play/kase2_atis.pls","",""
"North America","United States","Aspen","Colorado","Aspen-Pitkin County Airport/Sardy Field","KASE","ASE","KASE Gnd/Twr/App/Center","https://www.liveatc.net/play/kase2_s.pls","",""
"North America","United States","Aspen","Colorado","Aspen-Pitkin County Airport/Sardy Field","KASE","ASE","KASE Ground/Tower","https://www.liveatc.net/play/kase2_gnd_twr.pls","",""
"North America","United States","Aspen","Colorado","Aspen-Pitkin County Airport/Sardy Field","KASE","ASE","KASE Tower","https://www.liveatc.net/play/kase2_twr2.pls","",""
"North America","United States","Aspen","Colorado","Aspen-Pitkin County Airport/Sardy Field","KASE","ASE","ZDV Sector 26 POWDR Low","https://www.liveatc.net/play/kase2_zdv.pls","",""
"North America","United States","Aurora","Colorado","Buckley Air Force Base","KBKF","BKF","KBKF ATIS","https://www.liveatc.net/play/kbkf1_atis.pls","",""
"North America","United States","Aurora","Colorado","Buckley Air Force Base","KBKF","BKF","KBKF Tower (VHF)","https://www.liveatc.net/play/kbkf1_twr_vhf.pls","",""
"North America","United States","Boulder","Colorado","Boulder Municipal Airport","KBDU","WBU","KBDU CTAF","https://www.liveatc.net/play/keik_kbdu_ctaf.pls","",""
"North America","United States","Colorado Springs","Colorado","USAF Academy Airfield","KAFF","AFF","KAFF Gnd/Twr/Ops","https://www.liveatc.net/play/kaff2.pls","",""
"North America","United States","Colorado Springs","Colorado","City of Colorado Springs Municipal Airport","KCOS","COS","KCOS Gnd/Twr/App/Dep","https://www.liveatc.net/play/kcos3.pls","",""
"North America","United States","Colorado Springs","Colorado","Meadow Lake Airport","KFLY","","KFLY ASOS","https://www.liveatc.net/play/kfly2_asos.pls","",""
"North America","United States","Colorado Springs","Colorado","Meadow Lake Airport","KFLY","","KFLY CTAF","https://www.liveatc.net/play/kfly1_ctaf.pls","",""
"North America","United States","Denver","Colorado","Centennial Airport","KAPA","APA","Denver App/Dep (South Satellite) #1","https://www.liveatc.net/play/kapa1_es_app_132750.pls","",""
"North America","United States","Denver","Colorado","Centennial Airport","KAPA","APA","Denver App/Dep (South Satellite) #2","https://www.liveatc.net/play/kapa2_app.pls","",""
"North America","United States","Denver","Colorado","Centennial Airport","KAPA","APA","KAPA ATIS","https://www.liveatc.net/play/kapa1_es_atis.pls","",""
"North America","United States","Denver","Colorado","Centennial Airport","KAPA","APA","KAPA Clearance Delivery","https://www.liveatc.net/play/kapa1_es_del.pls","",""
"North America","United States","Denver","Colorado","Centennial Airport","KAPA","APA","KAPA Del/Gnd","https://www.liveatc.net/play/kapa2_gnd.pls","",""
"North America","United States","Denver","Colorado","Centennial Airport","KAPA","APA","KAPA Ground","https://www.liveatc.net/play/kapa1_es_gnd.pls","",""
"North America","United States","Denver","Colorado","Centennial Airport","KAPA","APA","KAPA Tower (Primary) #1","https://www.liveatc.net/play/kapa1_es_twr1.pls","",""
"North America","United States","Denver","Colorado","Centennial Airport","KAPA","APA","KAPA Tower (Primary) #2","https://www.liveatc.net/play/kapa2_twr1.pls","",""
"North America","United States","Denver","Colorado","Centennial Airport","KAPA","APA","KAPA Tower (Secondary #1) #1","https://www.liveatc.net/play/kapa1_es_twr2.pls","",""
"North America","United States","Denver","Colorado","Centennial Airport","KAPA","APA","KAPA Tower (Secondary #1) #2","https://www.liveatc.net/play/kapa2_twr2.pls","",""
"North America","United States","Denver","Colorado","Centennial Airport","KAPA","APA","KAPA Tower (Secondary #2) #1","https://www.liveatc.net/play/kapa1_es_twr3.pls","",""
"North America","United States","Denver","Colorado","Centennial Airport","KAPA","APA","KAPA Tower (Secondary #2) #2","https://www.liveatc.net/play/kapa2_twr3.pls","",""
"North America","United States","Denver","Colorado","Centennial Airport","KAPA","APA","KAPA UNICOM","https://www.liveatc.net/play/kapa1_es_unicom.pls","",""
"North America","United States","Denver","Colorado","Rocky Mountain Metropolitan Airport","KBJC","BJC","KBJC Ground/Tower","https://www.liveatc.net/play/kbjc3.pls","",""
"North America","United States","Denver","Colorado","Denver International Airport","KDEN","DEN","KDEN Approach (Final 1)","https://www.liveatc.net/play/kden1_app_fin1.pls","",""
"North America","United States","Denver","Colorado","Denver International Airport","KDEN","DEN","KDEN Approach (Final 2)","https://www.liveatc.net/play/kden1_app_fin2.pls","",""
"North America","United States","Denver","Colorado","Denver International Airport","KDEN","DEN","KDEN Approach (Final 3)","https://www.liveatc.net/play/kden1_app_fin3.pls","",""
"North America","United States","Denver","Colorado","Denver International Airport","KDEN","DEN","KDEN Approach (North Arrival/Initial)","https://www.liveatc.net/play/kden1_app_n_arr.pls","",""
"North America","United States","Denver","Colorado","Denver International Airport","KDEN","DEN","KDEN Approach (North)","https://www.liveatc.net/play/kden1_app_n.pls","",""
"North America","United States","Denver","Colorado","Denver International Airport","KDEN","DEN","KDEN Approach (South Arrival/Initial)","https://www.liveatc.net/play/kden1_app_s_arr.pls","",""
"North America","United States","Denver","Colorado","Denver International Airport","KDEN","DEN","KDEN Approach (South)","https://www.liveatc.net/play/kden1_app_s.pls","",""
"North America","United States","Denver","Colorado","Denver International Airport","KDEN","DEN","KDEN Approach (West/Low)","https://www.liveatc.net/play/kden1_app_w.pls","",""
"North America","United States","Denver","Colorado","Denver International Airport","KDEN","DEN","KDEN ATIS (Arrival)","https://www.liveatc.net/play/kden1_atis_arr.pls","",""
"North America","United States","Denver","Colorado","Denver International Airport","KDEN","DEN","KDEN ATIS (Departure)","https://www.liveatc.net/play/kden1_atis_dep.pls","",""
"North America","United States","Denver","Colorado","Denver International Airport","KDEN","DEN","KDEN Clearance Delivery","https://www.liveatc.net/play/kden1_del.pls","",""
"North America","United States","Denver","Colorado","Denver International Airport","KDEN","DEN","KDEN Departure (East)","https://www.liveatc.net/play/kden1_dep_e.pls","",""
"North America","United States","Denver","Colorado","Denver International Airport","KDEN","DEN","KDEN Departure (North)","https://www.liveatc.net/play/kden1_dep_n.pls","",""
"North America","United States","Denver","Colorado","Denver International Airport","KDEN","DEN","KDEN Departure (South)","https://www.liveatc.net/play/kden1_dep_s.pls","",""
"North America","United States","Denver","Colorado","Denver International Airport","KDEN","DEN","KDEN Departure (West)","https://www.liveatc.net/play/kden1_dep_w.pls","",""
"North America","United States","Denver","Colorado","Denver International Airport","KDEN","DEN","KDEN Emergency/Guard","https://www.liveatc.net/play/kden1_guard.pls","",""
"North America","United States","Denver","Colorado","Denver International Airport","KDEN","DEN","KDEN Ground (East 1)","https://www.liveatc.net/play/kden1_gnd_east1.pls","",""
"North America","United States","Denver","Colorado","Denver International Airport","KDEN","DEN","KDEN Ground (East 2)","https://www.liveatc.net/play/kden1_gnd_east2.pls","",""
"North America","United States","Denver","Colorado","Denver International Airport","KDEN","DEN","KDEN Ground (West 1)","https://www.liveatc.net/play/kden1_gnd_west.pls","",""
"North America","United States","Denver","Colorado","Denver International Airport","KDEN","DEN","KDEN Ground (West 2)","https://www.liveatc.net/play/kden1_gnd_west1.pls","",""
"North America","United States","Denver","Colorado","Denver International Airport","KDEN","DEN","KDEN Ramp","https://www.liveatc.net/play/kden1_ramp_cargo.pls","",""
"North America","United States","Denver","Colorado","Denver International Airport","KDEN","DEN","KDEN Tower (Rwy 16/34)","https://www.liveatc.net/play/kden1_twr_west1.pls","",""
"North America","United States","Denver","Colorado","Denver International Airport","KDEN","DEN","KDEN Tower East 17R/35L","https://www.liveatc.net/play/kden1_twr_east.pls","",""
"North America","United States","Denver","Colorado","Denver International Airport","KDEN","DEN","KDEN Tower East Rwy 16L/34R - Rwy 16R/34L","https://www.liveatc.net/play/kden1_twr_east2.pls","",""
"North America","United States","Denver","Colorado","Denver International Airport","KDEN","DEN","KDEN Tower West Rwy 07/25","https://www.liveatc.net/play/kden1_twr_west.pls","",""
"North America","United States","Denver","Colorado","Denver International Airport","KDEN","DEN","ZDV Denver Center (DEN West Dep)","https://www.liveatc.net/play/kden1_zdv_128650.pls","",""
"North America","United States","Denver","Colorado","Denver International Airport","KDEN","DEN","ZDV Denver Center (Sector 07 Thurman Low)","https://www.liveatc.net/play/kden1_zdv_133950.pls","",""
"North America","United States","Denver","Colorado","Denver International Airport","KDEN","DEN","ZDV Denver Center (Sector 26 POWDR Low)","https://www.liveatc.net/play/kden1_zdv_119850.pls","",""
"North America","United States","Denver","Colorado","Denver International Airport","KDEN","DEN","ZDV Denver Center (Sector 61 High)","https://www.liveatc.net/play/kden1_zdv_126875.pls","",""
"North America","United States","Durango","Colorado","Durango-La Plata County Airport","KDRO","DRO","KDRO Area Emergency/Guard","https://www.liveatc.net/play/kdro_guard.pls","",""
"North America","United States","Durango","Colorado","Durango-La Plata County Airport","KDRO","DRO","KDRO ASOS","https://www.liveatc.net/play/kdro_asos.pls","",""
"North America","United States","Durango","Colorado","Durango-La Plata County Airport","KDRO","DRO","KDRO CTAF","https://www.liveatc.net/play/kdro_ctaf.pls","",""
"North America","United States","Durango","Colorado","Durango-La Plata County Airport","KDRO","DRO","ZDV Denver Center (Sector 36)","https://www.liveatc.net/play/kdro_zdv_118575.pls","",""
"North America","United States","Eagle","Colorado","Eagle County Regional Airport","KEGE","EGE","KEGE Gnd/Twr","https://www.liveatc.net/play/kege2_gnd_twr.pls","",""
"North America","United States","Eagle","Colorado","Eagle County Regional Airport","KEGE","EGE","KEGE Ground","https://www.liveatc.net/play/kege2_gnd.pls","",""
"North America","United States","Eagle","Colorado","Eagle County Regional Airport","KEGE","EGE","KEGE Tower","https://www.liveatc.net/play/kege2_twr.pls","",""
"North America","United States","Erie","Colorado","Erie Municipal Airport","KEIK","","KEIK CTAF","https://www.liveatc.net/play/keik_ctaf.pls","",""
"North America","United States","Fort Collins/Loveland","Colorado","Northern Colorado Regional Airport","KFNL","FNL","KFNL ASRI (FBO)","https://www.liveatc.net/play/kfnl3_unicom.pls","",""
"North America","United States","Fort Collins/Loveland","Colorado","Northern Colorado Regional Airport","KFNL","FNL","KFNL Ground","https://www.liveatc.net/play/kfnl3_ground.pls","",""
"North America","United States","Fort Collins/Loveland","Colorado","Northern Colorado Regional Airport","KFNL","FNL","KFNL Ground/Tower","https://www.liveatc.net/play/kfnl3_gnd_twr.pls","",""
"North America","United States","Fort Collins/Loveland","Colorado","Northern Colorado Regional Airport","KFNL","FNL","KFNL Tower/CTAF","https://www.liveatc.net/play/kfnl2.pls","",""
"North America","United States","Glenwood Springs","Colorado","Glenwood Springs Municipal Airport","KGWS","GWS","KGWS Aerial Firefighting (Temporary)","https://www.liveatc.net/play/kgws_fire.pls","","K5SM;KRIL"
"North America","United States","Grand Junction","Colorado","Grand Junction Regional Airport","KGJT","GJT","KGJT Denver App/Center","https://www.liveatc.net/play/kgjt_app_zdv.pls","",""
"North America","United States","Grand Junction","Colorado","Grand Junction Regional Airport","KGJT","GJT","KGJT Gnd/Twr","https://www.liveatc.net/play/kgjt_gnd_twr.pls","",""
"North America","United States","Grand Junction","Colorado","Grand Junction Regional Airport","KGJT","GJT","KGJT Gnd/Twr/App/ZDV","https://www.liveatc.net/play/kgjt.pls","",""
"North America","United States","Leadville","Colorado","Lake County Airport","KLXV","LXV","KLXV CTAF/Guard/Heli","https://www.liveatc.net/play/klxv.pls","",""
"North America","United States","Longmont","Colorado","Vance Brand Airport","KLMO","","KLMO CTAF","https://www.liveatc.net/play/keik_klmo_ctaf.pls","",""
"North America","United States","Longmont","Colorado","Vance Brand Airport","KLMO","","KLMO CTAF","https://www.liveatc.net/play/klmo.pls","",""
"North America","United States","Pagosa Springs","Colorado","Stevens Field","KPSO","PGO","KPSO CTAF/Guard","https://www.liveatc.net/play/kpso1_ctaf.pls","",""
"North America","United States","Pueblo","Colorado","Pueblo Memorial Airport","KPUB","PUB","KPUB App/Dep (Denver App)","https://www.liveatc.net/play/kpub1_app.pls","",""
"North America","United States","Pueblo","Colorado","Pueblo Memorial Airport","KPUB","PUB","KPUB Tiger Traffic","https://www.liveatc.net/play/kpub1_co.pls","",""
"North America","United States","Pueblo","Colorado","Pueblo Memorial Airport","KPUB","PUB","KPUB Tower","https://www.liveatc.net/play/kpub1_twr.pls","",""
"North America","United States","Pueblo","Colorado","Pueblo Memorial Airport","KPUB","PUB","KPUB Tower #2","https://www.liveatc.net/play/kpub1_twr2.pls","",""
"North America","United States","Salida","Colorado","Harriet Alexander Field","KANK","SLT","KANK CTAF #1","https://www.liveatc.net/play/kank2_ctaf.pls","",""
"North America","United States","Bridgeport","Connecticut","Igor I Sikorsky Memorial Airport","KBDR","BDR","KBDR Del/Gnd/Twr","https://www.liveatc.net/play/kbdr_twr.pls","",""
"North America","United States","Bridgeport","Connecticut","Igor I Sikorsky Memorial Airport","KBDR","BDR","KBDR Del/Gnd/Twr/App","https://www.liveatc.net/play/kbdr1.pls","",""
"North America","United States","Bridgeport","Connecticut","Igor I Sikorsky Memorial Airport","KBDR","BDR","New York Approach (LOVES Sector)","https://www.liveatc.net/play/kbdr_app.pls","",""
"North America","United States","Danbury","Connecticut","Danbury Municipal Airport","KDXR","DXR","KDXR ATIS","https://www.liveatc.net/play/kdxr_atis.pls","",""
"North America","United States","Danbury","Connecticut","Danbury Municipal Airport","KDXR","DXR","KDXR Ground/Tower","https://www.liveatc.net/play/kdxr.pls","",""
"North America","United States","Hartford","Connecticut","Hartford-Brainard Airport","KHFD","HFD","KHFD Ground/Tower","https://www.liveatc.net/play/khfd.pls","",""
"North America","United States","New Haven","Connecticut","Tweed-New Haven Airport","KHVN","HVN","KHVN Area Emergency/Guard","https://www.liveatc.net/play/khvn1_guard.pls","",""
"North America","United States","New Haven","Connecticut","Tweed-New Haven Airport","KHVN","HVN","KHVN ATIS","https://www.liveatc.net/play/khvn1_atis.pls","",""
"North America","United States","New Haven","Connecticut","Tweed-New Haven Airport","KHVN","HVN","KHVN Ground","https://www.liveatc.net/play/khvn1_gnd.pls","",""
"North America","United States","New Haven","Connecticut","Tweed-New Haven Airport","KHVN","HVN","KHVN Ground/Tower #1","https://www.liveatc.net/play/khvn1_gnd_twr.pls","",""
"North America","United States","New Haven","Connecticut","Tweed-New Haven Airport","KHVN","HVN","KHVN Ground/Tower #2","https://www.liveatc.net/play/khvn1_gnd_twr2.pls","",""
"North America","United States","New Haven","Connecticut","Tweed-New Haven Airport","KHVN","HVN","KHVN Tower","https://www.liveatc.net/play/khvn1_twr.pls","",""
"North America","United States","Oxford","Connecticut","Waterbury-Oxford Airport","KOXC","OXC","KOXC ATIS","https://www.liveatc.net/play/koxc2_atis.pls","",""
"North America","United States","Oxford","Connecticut","Waterbury-Oxford Airport","KOXC","OXC","KOXC Ground/Tower","https://www.liveatc.net/play/koxc2.pls","",""
"North America","United States","Windsor Locks","Connecticut","Bradley International Airport","KBDL","BDL","KBDL Approach (Bristol Radar)","https://www.liveatc.net/play/kbdl2_app_123950.pls","",""
"North America","United States","Windsor Locks","Connecticut","Bradley International Airport","KBDL","BDL","KBDL Approach/ANG","https://www.liveatc.net/play/kbdl2_app.pls","",""
"North America","United States","Windsor Locks","Connecticut","Bradley International Airport","KBDL","BDL","KBDL ATIS","https://www.liveatc.net/play/kbdl2_atis.pls","",""
"North America","United States","Windsor Locks","Connecticut","Bradley International Airport","KBDL","BDL","KBDL Clearance Delivery","https://www.liveatc.net/play/kbdl2_del2.pls","",""
"North America","United States","Windsor Locks","Connecticut","Bradley International Airport","KBDL","BDL","KBDL Del/Gnd","https://www.liveatc.net/play/kbdl2_del_gnd.pls","",""
"North America","United States","Windsor Locks","Connecticut","Bradley International Airport","KBDL","BDL","KBDL Departure (West Departure)","https://www.liveatc.net/play/kbdl2_app_125350.pls","",""
"North America","United States","Windsor Locks","Connecticut","Bradley International Airport","KBDL","BDL","KBDL Ground","https://www.liveatc.net/play/kbdl2_gnd2.pls","",""
"North America","United States","Windsor Locks","Connecticut","Bradley International Airport","KBDL","BDL","KBDL Tower","https://www.liveatc.net/play/kbdl2_twr.pls","",""
"North America","United States","Windsor Locks","Connecticut","Bradley International Airport","KBDL","BDL","KBDL Tower #2","https://www.liveatc.net/play/kbdl2_twr2.pls","",""
"North America","United States","Windsor Locks","Connecticut","Bradley International Airport","KBDL","BDL","KBDL Twr/App","https://www.liveatc.net/play/kbdl2_twr_app.pls","",""
"North America","United States","Georgetown","Delaware","Delaware Coastal Airport","KGED","GED","KGED ASOS","https://www.liveatc.net/play/kged2_asos.pls","",""
"North America","United States","Georgetown","Delaware","Delaware Coastal Airport","KGED","GED","KGED Clearance Delivery","https://www.liveatc.net/play/kged2_del.pls","",""
"North America","United States","Georgetown","Delaware","Delaware Coastal Airport","KGED","GED","KGED CTAF","https://www.liveatc.net/play/kged2_ctaf.pls","",""
"North America","United States","Georgetown","Delaware","Delaware Coastal Airport","KGED","GED","KGED Emergency/Guard","https://www.liveatc.net/play/kged2_guard.pls","",""
"North America","United States","Washington","District of Columbia","Ronald Reagan Washington National Airport","KDCA","DCA","KDCA Tower/Approach","https://www.liveatc.net/play/kdca.pls","",""
"North America","United States","Washington","District of Columbia","Ronald Reagan Washington National Airport","KDCA","DCA","KDCA Tower/KJPN Helicopter","https://www.liveatc.net/play/kdca4_heli.pls","",""
"North America","United States","Washington","District of Columbia","Washington Dulles International Airport","KIAD","IAD","KIAD ATIS","https://www.liveatc.net/play/kiad1_atis.pls","",""
"North America","United States","Washington","District of Columbia","Washington Dulles International Airport","KIAD","IAD","KIAD Clearance Delivery","https://www.liveatc.net/play/kiad1_del.pls","",""
"North America","United States","Washington","District of Columbia","Washington Dulles International Airport","KIAD","IAD","KIAD Clearance/Ground West (Backup)","https://www.liveatc.net/play/kiad1_spare_124075.pls","",""
"North America","United States","Washington","District of Columbia","Washington Dulles International Airport","KIAD","IAD","KIAD De-Ice #1","https://www.liveatc.net/play/kiad1_ice_129175.pls","",""
"North America","United States","Washington","District of Columbia","Washington Dulles International Airport","KIAD","IAD","KIAD Dulles Ops","https://www.liveatc.net/play/kiad1_ops.pls","",""
"North America","United States","Washington","District of Columbia","Washington Dulles International Airport","KIAD","IAD","KIAD FBO (Atlantic)","https://www.liveatc.net/play/kiad1_fbo_atl_129775.pls","",""
"North America","United States","Washington","District of Columbia","Washington Dulles International Airport","KIAD","IAD","KIAD FBO (Signature)","https://www.liveatc.net/play/kiad1_fbo_sig_131875.pls","",""
"North America","United States","Washington","District of Columbia","Washington Dulles International Airport","KIAD","IAD","KIAD Ground (Center 1C/19C)","https://www.liveatc.net/play/kiad1_gnd_ctr_132450.pls","",""
"North America","United States","Washington","District of Columbia","Washington Dulles International Airport","KIAD","IAD","KIAD Ground (East)","https://www.liveatc.net/play/kiad1_gnd_east_121900.pls","",""
"North America","United States","Washington","District of Columbia","Washington Dulles International Airport","KIAD","IAD","KIAD Ground (spare)","https://www.liveatc.net/play/kiad1_gnd_spare_121725.pls","",""
"North America","United States","Washington","District of Columbia","Washington Dulles International Airport","KIAD","IAD","KIAD Ground (West 1L/19R, 12/30)","https://www.liveatc.net/play/kiad1_gnd_west_121625.pls","",""
"North America","United States","Washington","District of Columbia","Washington Dulles International Airport","KIAD","IAD","KIAD Ramp (Alternate)","https://www.liveatc.net/play/kiad1_ramp_130550.pls","",""
"North America","United States","Washington","District of Columbia","Washington Dulles International Airport","KIAD","IAD","KIAD Ramp Control North","https://www.liveatc.net/play/kiad1_ramp_119125.pls","",""
"North America","United States","Washington","District of Columbia","Washington Dulles International Airport","KIAD","IAD","KIAD Ramp Control South","https://www.liveatc.net/play/kiad1_ramp_129550.pls","",""
"North America","United States","Washington","District of Columbia","Washington Dulles International Airport","KIAD","IAD","KIAD Tower (1C/19C)","https://www.liveatc.net/play/kiad1_twr_1c19c_120250.pls","",""
"North America","United States","Washington","District of Columbia","Washington Dulles International Airport","KIAD","IAD","KIAD Tower (1L/19R, 12/30)","https://www.liveatc.net/play/kiad1_twr_1l19r_134425.pls","",""
"North America","United States","Washington","District of Columbia","Washington Dulles International Airport","KIAD","IAD","KIAD Tower (1R/19L)","https://www.liveatc.net/play/kiad1_twr_1r19l_120100.pls","",""
"North America","United States","Washington","District of Columbia","Washington Dulles International Airport","KIAD","IAD","KIAD Tower (Emergency)","https://www.liveatc.net/play/kiad1_twr_emergency.pls","",""
"North America","United States","Washington","District of Columbia","Washington Dulles International Airport","KIAD","IAD","Potomac Approach (BUFFR)","https://www.liveatc.net/play/kiad1_app_buffr_133850.pls","",""
"North America","United States","Washington","District of Columbia","Washington Dulles International Airport","KIAD","IAD","Potomac Approach (Final East)","https://www.liveatc.net/play/kiad1_app_final_east_125800.pls","",""
"North America","United States","Washington","District of Columbia","Washington Dulles International Airport","KIAD","IAD","Potomac Approach (Final East) #2","https://www.liveatc.net/play/kiad2_app_fin_east.pls","",""
"North America","United States","Washington","District of Columbia","Washington Dulles International Airport","KIAD","IAD","Potomac Approach (Final West)","https://www.liveatc.net/play/kiad1_app_final_west_134200.pls","",""
"North America","United States","Washington","District of Columbia","Washington Dulles International Airport","KIAD","IAD","Potomac Approach (LUCKE)","https://www.liveatc.net/play/kiad1_app_lucke_126825.pls","",""
"North America","United States","Washington","District of Columbia","Washington Dulles International Airport","KIAD","IAD","Potomac Approach (LURAY)","https://www.liveatc.net/play/kiad1_app_luray_118675.pls","",""
"North America","United States","Washington","District of Columbia","Washington Dulles International Airport","KIAD","IAD","Potomac Approach (North Arrival Hi)","https://www.liveatc.net/play/kiad1_app_n_arr_binns_133000.pls","",""
"North America","United States","Washington","District of Columbia","Washington Dulles International Airport","KIAD","IAD","Potomac Approach (North Arrival MULRR) #2","https://www.liveatc.net/play/kiad2_app_arr_n.pls","",""
"North America","United States","Washington","District of Columbia","Washington Dulles International Airport","KIAD","IAD","Potomac Approach (RCOLA)","https://www.liveatc.net/play/kiad1_app_rcola_135775.pls","",""
"North America","United States","Washington","District of Columbia","Washington Dulles International Airport","KIAD","IAD","Potomac Approach ADIZ West","https://www.liveatc.net/play/kiad1_app_adiz_west_127325.pls","",""
"North America","United States","Washington","District of Columbia","Washington Dulles International Airport","KIAD","IAD","Potomac Approach SFRA West #2","https://www.liveatc.net/play/kiad2_app_sfra_west.pls","",""
"North America","United States","Washington","District of Columbia","Washington Dulles International Airport","KIAD","IAD","Potomac Approach/Departure (BARIN)","https://www.liveatc.net/play/kiad1_app_barin_128525.pls","",""
"North America","United States","Washington","District of Columbia","Washington Dulles International Airport","KIAD","IAD","Potomac Approach/Departure (MANNE)","https://www.liveatc.net/play/kiad1_app_manne_120450.pls","",""
"North America","United States","Washington","District of Columbia","Washington Dulles International Airport","KIAD","IAD","Potomac Approach/Departure (MULRR)","https://www.liveatc.net/play/kiad1_app_mulrr_126100.pls","",""
"North America","United States","Washington","District of Columbia","Washington Dulles International Airport","KIAD","IAD","Potomac Departure (North)","https://www.liveatc.net/play/kiad1_dep_n_asper_125050.pls","",""
"North America","United States","Washington","District of Columbia","Washington Dulles International Airport","KIAD","IAD","Potomac Departure (North) #2","https://www.liveatc.net/play/kiad2_dep_n.pls","",""
"North America","United States","Washington","District of Columbia","Washington Dulles International Airport","KIAD","IAD","Potomac Departure (South)","https://www.liveatc.net/play/kiad1_dep_s_tilly_126650.pls","",""
"North America","United States","Washington","District of Columbia","Washington Dulles International Airport","KIAD","IAD","Potomac Departure (South) #2","https://www.liveatc.net/play/kiad2_dep_s.pls","",""
"North America","United States","Washington","District of Columbia","Pentagon Army Heliport","KJPN","JPN","KDCA Tower/KJPN Helicopter","https://www.liveatc.net/play/kdca4_heli.pls","","KDCA;KCGS"
"North America","United States","Bartow","Florida","Bartow Executive Airport","KBOW","BOW","KBOW AWOS","https://www.liveatc.net/play/kbow1_awos.pls","",""
"North America","United States","Bartow","Florida","Bartow Executive Airport","KBOW","BOW","KBOW Gnd/Twr/Misc","https://www.liveatc.net/play/kbow1_s.pls","",""
"North America","United States","Bartow","Florida","Bartow Executive Airport","KBOW","BOW","KBOW Gnd/UNICOM/Guard","https://www.liveatc.net/play/kbow1_gnd.pls","",""
"North America","United States","Bartow","Florida","Bartow Executive Airport","KBOW","BOW","KBOW Tower/CTAF #1","https://www.liveatc.net/play/kbow1_twr.pls","",""
"North America","United States","Bartow","Florida","Bartow Executive Airport","KBOW","BOW","KBOW Tower/CTAF #2","https://www.liveatc.net/play/klal8_kbow_twr.pls","",""
"North America","United States","Boca Raton","Florida","Boca Raton Airport","KBCT","BCT","KBCT ATIS","https://www.liveatc.net/play/kbct1_atis.pls","",""
"North America","United States","Boca Raton","Florida","Boca Raton Airport","KBCT","BCT","KBCT Emergency/Guard","https://www.liveatc.net/play/kbct1_guard.pls","",""
"North America","United States","Boca Raton","Florida","Boca Raton Airport","KBCT","BCT","KBCT Ground","https://www.liveatc.net/play/kbct1_gnd.pls","",""
"North America","United States","Boca Raton","Florida","Boca Raton Airport","KBCT","BCT","KBCT Ground/Tower","https://www.liveatc.net/play/kbct1_gnd_twr.pls","",""
"North America","United States","Boca Raton","Florida","Boca Raton Airport","KBCT","BCT","KBCT Tower","https://www.liveatc.net/play/kbct1_twr.pls","",""
"North America","United States","Boca Raton","Florida","Boca Raton Airport","KBCT","BCT","Palm Beach Approach/Departure (BCT)","https://www.liveatc.net/play/kbct1_dep.pls","",""
"North America","United States","Clearwater","Florida","Clearwater Air Park","KCLW","CLW","KCLW CTAF","https://www.liveatc.net/play/kpie1_kclw_ctaf.pls","",""
"North America","United States","Daytona Beach","Florida","Daytona Beach International Airport","KDAB","DAB","KDAB App/Dep","https://www.liveatc.net/play/kdab_app_all.pls","",""
"North America","United States","Daytona Beach","Florida","Daytona Beach International Airport","KDAB","DAB","KDAB App/Dep (East/Low)","https://www.liveatc.net/play/kdab_app_123900.pls","",""
"North America","United States","Daytona Beach","Florida","Daytona Beach International Airport","KDAB","DAB","KDAB App/Dep (North/High)","https://www.liveatc.net/play/kdab_app_118850.pls","",""
"North America","United States","Daytona Beach","Florida","Daytona Beach International Airport","KDAB","DAB","KDAB App/Dep (North/Low)","https://www.liveatc.net/play/kdab_app_125800.pls","",""
"North America","United States","Daytona Beach","Florida","Daytona Beach International Airport","KDAB","DAB","KDAB App/Dep (South)","https://www.liveatc.net/play/kdab_app_125350.pls","",""
"North America","United States","Daytona Beach","Florida","Daytona Beach International Airport","KDAB","DAB","KDAB App/Dep (South/High)","https://www.liveatc.net/play/kdab_app_127075.pls","",""
"North America","United States","Daytona Beach","Florida","Daytona Beach International Airport","KDAB","DAB","KDAB ATIS","https://www.liveatc.net/play/kdab_atis2.pls","",""
"North America","United States","Daytona Beach","Florida","Daytona Beach International Airport","KDAB","DAB","KDAB Clearance Delivery","https://www.liveatc.net/play/kdab_del.pls","",""
"North America","United States","Daytona Beach","Florida","Daytona Beach International Airport","KDAB","DAB","KDAB Clearance/Ground","https://www.liveatc.net/play/kdab_del_gnd.pls","",""
"North America","United States","Daytona Beach","Florida","Daytona Beach International Airport","KDAB","DAB","KDAB Ground","https://www.liveatc.net/play/kdab_gnd_121900.pls","",""
"North America","United States","Daytona Beach","Florida","Daytona Beach International Airport","KDAB","DAB","KDAB Tower (118.1) #1","https://www.liveatc.net/play/kdab_twr_sec_radio.pls","",""
"North America","United States","Daytona Beach","Florida","Daytona Beach International Airport","KDAB","DAB","KDAB Tower (118.1) #2","https://www.liveatc.net/play/kdab_twr_sec.pls","",""
"North America","United States","Daytona Beach","Florida","Daytona Beach International Airport","KDAB","DAB","KDAB Tower (120.7) #1","https://www.liveatc.net/play/kdab_twr_pri_radio.pls","",""
"North America","United States","Daytona Beach","Florida","Daytona Beach International Airport","KDAB","DAB","KDAB Tower (120.7) #2","https://www.liveatc.net/play/kdab_twr_pri.pls","",""
"North America","United States","Daytona Beach","Florida","Daytona Beach International Airport","KDAB","DAB","KDAB Tower (Both)","https://www.liveatc.net/play/kdab_twr.pls","",""
"North America","United States","Daytona Beach","Florida","Daytona Beach International Airport","KDAB","DAB","ZJX Daytona Beach","https://www.liveatc.net/play/zjx_dab.pls","",""
"North America","United States","DeLand","Florida","DeLand Municipal Airport-Sidney H Taylor Field","KDED","DED","KDED CTAF","https://www.liveatc.net/play/kded_ctaf.pls","",""
"North America","United States","DeLand","Florida","DeLand Municipal Airport-Sidney H Taylor Field","KDED","DED","KDED CTAF/Misc","https://www.liveatc.net/play/kded2.pls","",""
"North America","United States","DeLand","Florida","DeLand Municipal Airport-Sidney H Taylor Field","KDED","DED","KDED Emergency/Guard","https://www.liveatc.net/play/kded_guard.pls","",""
"North America","United States","Fort Lauderdale","Florida","Fort Lauderdale Hollywood International Airport","KFLL","FLL","Miami Departure (FLL North Dep)","https://www.liveatc.net/play/kopf5_dep_126050.pls","",""
"North America","United States","Fort Lauderdale","Florida","Fort Lauderdale Executive Airport","KFXE","FXE","KFXE ATIS","https://www.liveatc.net/play/kfxe3_atis.pls","",""
"North America","United States","Fort Lauderdale","Florida","Fort Lauderdale Executive Airport","KFXE","FXE","KFXE Ground","https://www.liveatc.net/play/kfxe3_gnd.pls","",""
"North America","United States","Fort Lauderdale","Florida","Fort Lauderdale Executive Airport","KFXE","FXE","KFXE Tower #1","https://www.liveatc.net/play/kfxe3.pls","",""
"North America","United States","Fort Lauderdale","Florida","Fort Lauderdale Executive Airport","KFXE","FXE","KFXE Tower #2","https://www.liveatc.net/play/kfxe3_twr2.pls","",""
"North America","United States","Fort Lauderdale","Florida","Fort Lauderdale Executive Airport","KFXE","FXE","Miami App/Dep (FXE)","https://www.liveatc.net/play/kfxe3_app.pls","",""
"North America","United States","Fort Myers","Florida","Page Field Airport","KFMY","FMY","KFMY ATIS","https://www.liveatc.net/play/kfmy_atis.pls","",""
"North America","United States","Fort Myers","Florida","Page Field Airport","KFMY","FMY","KFMY Ground","https://www.liveatc.net/play/kfmy_gnd2.pls","",""
"North America","United States","Fort Myers","Florida","Page Field Airport","KFMY","FMY","KFMY Ground/Tower","https://www.liveatc.net/play/kfmy_gnd_twr.pls","",""
"North America","United States","Fort Myers","Florida","Page Field Airport","KFMY","FMY","KFMY Tower","https://www.liveatc.net/play/kfmy_twr.pls","",""
"North America","United States","Fort Myers","Florida","Page Field Airport","KFMY","FMY","ZMA Miami Center (Sector 08)","https://www.liveatc.net/play/zma_fmy_133900.pls","",""
"North America","United States","Fort Myers","Florida","Page Field Airport","KFMY","FMY","ZMA Miami Center (Sector 24 Both)","https://www.liveatc.net/play/zma24_fmy.pls","",""
"North America","United States","Fort Myers","Florida","Page Field Airport","KFMY","FMY","ZMA Miami Center (Sector 24/132.4)","https://www.liveatc.net/play/zma_fmy_132400.pls","",""
"North America","United States","Fort Myers","Florida","Page Field Airport","KFMY","FMY","ZMA Miami Center (Sector 24/134.75)","https://www.liveatc.net/play/zma_fmy_134750.pls","",""
"North America","United States","Fort Myers","Florida","Page Field Airport","KFMY","FMY","ZMA Miami Center (Sector 25 Both)","https://www.liveatc.net/play/zma25_fmy.pls","",""
"North America","United States","Fort Myers","Florida","Page Field Airport","KFMY","FMY","ZMA Miami Center (Sector 25/128.225)","https://www.liveatc.net/play/zma_fmy_128225.pls","",""
"North America","United States","Fort Myers","Florida","Page Field Airport","KFMY","FMY","ZMA Miami Center (Sector 25/133.275)","https://www.liveatc.net/play/zma_fmy_133275.pls","",""
"North America","United States","Fort Myers","Florida","Page Field Airport","KFMY","FMY","ZMA Miami Center (Sector 7/8 Both)","https://www.liveatc.net/play/zma08_fmy.pls","",""
"North America","United States","Fort Myers","Florida","Southwest Florida International Airport","KRSW","RSW","KRSW Gnd/Twr/App/Dep","https://www.liveatc.net/play/krsw2.pls","",""
"North America","United States","Fort Pierce","Florida","St Lucie County International Airport","KFPR","FPR","KFPR ATIS","https://www.liveatc.net/play/kfpr3_atis.pls","",""
"North America","United States","Fort Pierce","Florida","St Lucie County International Airport","KFPR","FPR","KFPR Ground","https://www.liveatc.net/play/kfpr3_gnd.pls","",""
"North America","United States","Fort Pierce","Florida","St Lucie County International Airport","KFPR","FPR","KFPR Ground/Tower","https://www.liveatc.net/play/kfpr3_gnd_twr.pls","",""
"North America","United States","Fort Pierce","Florida","St Lucie County International Airport","KFPR","FPR","KFPR Tower","https://www.liveatc.net/play/kfpr3_twr.pls","",""
"North America","United States","Gainesville","Florida","Gainesville Regional Airport","KGNV","GNV","KGNV Ground/Tower","https://www.liveatc.net/play/kgnv.pls","",""
"North America","United States","Hollywood","Florida","North Perry Airport","KHWO","HWO","KHWO ATIS","https://www.liveatc.net/play/khwo2_atis.pls","",""
"North America","United States","Hollywood","Florida","North Perry Airport","KHWO","HWO","KHWO Ground","https://www.liveatc.net/play/khwo2_gnd.pls","",""
"North America","United States","Hollywood","Florida","North Perry Airport","KHWO","HWO","KHWO Tower (Both) #1","https://www.liveatc.net/play/khwo2_twr.pls","",""
"North America","United States","Hollywood","Florida","North Perry Airport","KHWO","HWO","KHWO Tower (Primary) #1","https://www.liveatc.net/play/khwo2_twr1.pls","",""
"North America","United States","Hollywood","Florida","North Perry Airport","KHWO","HWO","KHWO Tower (Secondary) #1","https://www.liveatc.net/play/khwo2_twr2.pls","",""
"North America","United States","Jacksonville","Florida","Craig Municipal Airport","KCRG","CRG","KCRG Area Guard","https://www.liveatc.net/play/kcrg1_guard.pls","",""
"North America","United States","Jacksonville","Florida","Craig Municipal Airport","KCRG","CRG","KCRG ATIS","https://www.liveatc.net/play/kcrg1_atis.pls","",""
"North America","United States","Jacksonville","Florida","Craig Municipal Airport","KCRG","CRG","KCRG Ground","https://www.liveatc.net/play/kcrg1_gnd.pls","",""
"North America","United States","Jacksonville","Florida","Craig Municipal Airport","KCRG","CRG","KCRG Ground/Tower","https://www.liveatc.net/play/kcrg1_gnd_twr.pls","",""
"North America","United States","Jacksonville","Florida","Craig Municipal Airport","KCRG","CRG","KCRG Tower","https://www.liveatc.net/play/kcrg1_twr.pls","",""
"North America","United States","Jacksonville","Florida","Craig Municipal Airport","KCRG","CRG","KCRG UNICOM","https://www.liveatc.net/play/kcrg1_unicom.pls","",""
"North America","United States","Jacksonville","Florida","Jacksonville International Airport","KJAX","JAX","KJAX Approach (091-180 5000/Below)","https://www.liveatc.net/play/kjax_app_124900.pls","",""
"North America","United States","Jacksonville","Florida","Jacksonville International Airport","KJAX","JAX","KJAX Approach (091-180 above 5000)","https://www.liveatc.net/play/kjax_app_118000.pls","",""
"North America","United States","Jacksonville","Florida","Jacksonville International Airport","KJAX","JAX","KJAX Approach (270-090)","https://www.liveatc.net/play/kjax_app_127000.pls","",""
"North America","United States","Jacksonville","Florida","Jacksonville International Airport","KJAX","JAX","KJAX Tower","https://www.liveatc.net/play/kjax_twr_118300.pls","",""
"North America","United States","Lakeland","Florida","Lakeland Linder International Airport","KLAL","LAL","* Sun 'n Fun Radio","https://www.liveatc.net/play/sunfunlive1.pls","",""
"North America","United States","Lakeland","Florida","Lakeland Linder International Airport","KLAL","LAL","KLAL ATIS","https://www.liveatc.net/play/klal_atis.pls","",""
"North America","United States","Lakeland","Florida","Lakeland Linder International Airport","KLAL","LAL","KLAL Ground","https://www.liveatc.net/play/klal1_gnd.pls","",""
"North America","United States","Lakeland","Florida","Lakeland Linder International Airport","KLAL","LAL","KLAL Ground/Advisory","https://www.liveatc.net/play/klal_gnd.pls","",""
"North America","United States","Lakeland","Florida","Lakeland Linder International Airport","KLAL","LAL","KLAL Tower (North) #1","https://www.liveatc.net/play/klal_twr_north.pls","",""
"North America","United States","Lakeland","Florida","Lakeland Linder International Airport","KLAL","LAL","KLAL Tower #2","https://www.liveatc.net/play/klal1_twr.pls","",""
"North America","United States","Lakeland","Florida","Lakeland Linder International Airport","KLAL","LAL","KLAL Tower #3","https://www.liveatc.net/play/klal8_twr.pls","",""
"North America","United States","Lakeland","Florida","Lakeland Linder International Airport","KLAL","LAL","Sun 'n Fun Air Show","https://www.liveatc.net/play/klal_air.pls","",""
"North America","United States","Lakeland","Florida","Lakeland Linder International Airport","KLAL","LAL","Tampa App/Dep (KLAL Area) # 1","https://www.liveatc.net/play/klal_app_dep.pls","",""
"North America","United States","Lakeland","Florida","Lakeland Linder International Airport","KLAL","LAL","Tampa App/Dep (KLAL Area) # 2","https://www.liveatc.net/play/klal1_app.pls","",""
"North America","United States","Leesburg","Florida","Leesburg International Airport","KLEE","LEE","KLEE App/Dep","https://www.liveatc.net/play/klee1_app.pls","",""
"North America","United States","Leesburg","Florida","Leesburg International Airport","KLEE","LEE","KLEE ASOS","https://www.liveatc.net/play/klee1_asos.pls","",""
"North America","United States","Leesburg","Florida","Leesburg International Airport","KLEE","LEE","KLEE Ground","https://www.liveatc.net/play/klee1_gnd.pls","",""
"North America","United States","Leesburg","Florida","Leesburg International Airport","KLEE","LEE","KLEE Tower","https://www.liveatc.net/play/klee1_twr.pls","",""
"North America","United States","Marco Island","Florida","Marco Island Executive Airport","KMKY","MKY","KMKY CTAF","https://www.liveatc.net/play/kmky2.pls","",""
"North America","United States","Melbourne","Florida","Melbourne International Airport","KMLB","MLB","KMLB ATIS","https://www.liveatc.net/play/kmlb1_atis.pls","",""
"North America","United States","Melbourne","Florida","Melbourne International Airport","KMLB","MLB","KMLB Emergency/Guard","https://www.liveatc.net/play/kmlb1_guard.pls","",""
"North America","United States","Melbourne","Florida","Melbourne International Airport","KMLB","MLB","KMLB Gnd/Twr","https://www.liveatc.net/play/kmlb1_gnd_twr.pls","",""
"North America","United States","Melbourne","Florida","Melbourne International Airport","KMLB","MLB","KMLB Ground","https://www.liveatc.net/play/kmlb1_gnd.pls","",""
"North America","United States","Melbourne","Florida","Melbourne International Airport","KMLB","MLB","KMLB Orlando App/Dep","https://www.liveatc.net/play/kmlb1_app.pls","",""
"North America","United States","Melbourne","Florida","Melbourne International Airport","KMLB","MLB","KMLB Tower","https://www.liveatc.net/play/kmlb1_twr.pls","",""
"North America","United States","Melbourne","Florida","Melbourne International Airport","KMLB","MLB","KMLB Tower (North)","https://www.liveatc.net/play/kmlb1_twr_n.pls","",""
"North America","United States","Melbourne","Florida","Melbourne International Airport","KMLB","MLB","KMLB Tower (South)","https://www.liveatc.net/play/kmlb1_twr_s.pls","",""
"North America","United States","Melbourne","Florida","Melbourne International Airport","KMLB","MLB","KMLB Tower/Approach","https://www.liveatc.net/play/kmlb1_twr_app.pls","",""
"North America","United States","Melbourne","Florida","Melbourne International Airport","KMLB","MLB","Miami Center (Sector 02)","https://www.liveatc.net/play/kmlb1_zma02.pls","",""
"North America","United States","Melbourne","Florida","Melbourne International Airport","KMLB","MLB","Miami Center (Sector 04)","https://www.liveatc.net/play/kmlb1_zma04.pls","",""
"North America","United States","Melbourne","Florida","Melbourne International Airport","KMLB","MLB","Miami Center (Sector 17)","https://www.liveatc.net/play/kmlb1_zma17.pls","",""
"North America","United States","Melbourne","Florida","Melbourne International Airport","KMLB","MLB","Miami Center (Sector 18)","https://www.liveatc.net/play/kmlb1_zma18.pls","",""
"North America","United States","Melbourne","Florida","Melbourne International Airport","KMLB","MLB","Miami Center (Sector 22)","https://www.liveatc.net/play/kmlb1_zma22.pls","",""
"North America","United States","Melbourne","Florida","Melbourne International Airport","KMLB","MLB","Miami Center (Sector 23)","https://www.liveatc.net/play/kmlb1_zma23.pls","",""
"North America","United States","Miami","Florida","Miami International Airport","KMIA","MIA","KMIA Approach (KFLL)","https://www.liveatc.net/play/kmia3_app_133775.pls","",""
"North America","United States","Miami","Florida","Miami International Airport","KMIA","MIA","KMIA Approach (North Arr Backup)","https://www.liveatc.net/play/kmia3_app_12575.pls","",""
"North America","United States","Miami","Florida","Miami International Airport","KMIA","MIA","KMIA Approach (North Arr)","https://www.liveatc.net/play/kmia3_app_12485.pls","",""
"North America","United States","Miami","Florida","Miami International Airport","KMIA","MIA","KMIA Approach (South Arr)","https://www.liveatc.net/play/kmia3_app_1205.pls","",""
"North America","United States","Miami","Florida","Miami International Airport","KMIA","MIA","KMIA ATIS (Arrival)","https://www.liveatc.net/play/kmia3_atis_arr.pls","",""
"North America","United States","Miami","Florida","Miami International Airport","KMIA","MIA","KMIA ATIS (Departure)","https://www.liveatc.net/play/kmia3_atis_dep.pls","",""
"North America","United States","Miami","Florida","Miami International Airport","KMIA","MIA","KMIA Clearance Delivery","https://www.liveatc.net/play/kmia3_del.pls","",""
"North America","United States","Miami","Florida","Miami International Airport","KMIA","MIA","KMIA Departure (North)","https://www.liveatc.net/play/kmia3_app_11945.pls","",""
"North America","United States","Miami","Florida","Miami International Airport","KMIA","MIA","KMIA Departure (South)","https://www.liveatc.net/play/kmia3_dep_1255.pls","https://youtu.be/OXeFcz3lEz4",""
"North America","United States","Miami","Florida","Miami International Airport","KMIA","MIA","KMIA Emergency/Guard","https://www.liveatc.net/play/kmia3_guard.pls","",""
"North America","United States","Miami","Florida","Miami International Airport","KMIA","MIA","KMIA Ground (8L/8R/12/26L/26R)","https://www.liveatc.net/play/kmia3_gnd.pls","",""
"North America","United States","Miami","Florida","Miami International Airport","KMIA","MIA","KMIA Ground (Rwys 9/27 &amp; 30)","https://www.liveatc.net/play/kmia3_gnd2.pls","",""
"North America","United States","Miami","Florida","Miami International Airport","KMIA","MIA","KMIA Signature FBO","https://www.liveatc.net/play/kmia3_sig.pls","",""
"North America","United States","Miami","Florida","Miami International Airport","KMIA","MIA","KMIA Tower (North)","https://www.liveatc.net/play/kmia3_twr_1183.pls","",""
"North America","United States","Miami","Florida","Miami International Airport","KMIA","MIA","KMIA Tower (Rwy 27/30)","https://www.liveatc.net/play/kmia3_gate_hold.pls","",""
"North America","United States","Miami","Florida","Miami International Airport","KMIA","MIA","KMIA Tower (South)","https://www.liveatc.net/play/kmia3_twr_1239.pls","https://youtu.be/OXeFcz3lEz4",""
"North America","United States","Miami","Florida","Miami International Airport","KMIA","MIA","KMIA Tower #2","https://www.liveatc.net/play/kmia3_twr.pls","",""
"North America","United States","Miami","Florida","Miami International Airport","KMIA","MIA","ZMA26 Miami Center (Homestead)","https://www.liveatc.net/play/zma26_kmia3.pls","",""
"North America","United States","Miami","Florida","Miami International Airport","KMIA","MIA","ZMA40 Miami Center (Bimini)","https://www.liveatc.net/play/zma40_kmia3.pls","",""
"North America","United States","Miami","Florida","Miami International Airport","KMIA","MIA","ZMA41 Miami Center (Junar)","https://www.liveatc.net/play/zma41_kmia3.pls","",""
"North America","United States","Miami","Florida","Miami International Airport","KMIA","MIA","ZMA60 Miami Center (Georgetown)","https://www.liveatc.net/play/zma60_kmia3.pls","",""
"North America","United States","Miami","Florida","Opa Locka Airport","KOPF","OPF","KOPF ATIS","https://www.liveatc.net/play/kopf5_atis.pls","",""
"North America","United States","Miami","Florida","Opa Locka Airport","KOPF","OPF","KOPF Ground","https://www.liveatc.net/play/kopf5_gnd.pls","",""
"North America","United States","Miami","Florida","Opa Locka Airport","KOPF","OPF","KOPF Ground/Tower","https://www.liveatc.net/play/kopf5_gnd_twr.pls","",""
"North America","United States","Miami","Florida","Opa Locka Airport","KOPF","OPF","KOPF Tower","https://www.liveatc.net/play/kopf5_twr.pls","",""
"North America","United States","Miami","Florida","Opa Locka Airport","KOPF","OPF","Miami App/Dep (FLL South Dep)","https://www.liveatc.net/play/kopf5_app_128600.pls","",""
"North America","United States","Miami","Florida","Opa Locka Airport","KOPF","OPF","Miami Departure (FLL North Dep)","https://www.liveatc.net/play/kopf5_dep_126050.pls","",""
"North America","United States","Miami","Florida","Opa Locka Airport","KOPF","OPF","Miami Departure (West)","https://www.liveatc.net/play/kopf5_dep_126850.pls","",""
"North America","United States","Miami","Florida","Kendall-Tamiami Executive Airport","KTMB","TMB","KTMB Clearance Delivery","https://www.liveatc.net/play/ktmb1_del.pls","",""
"North America","United States","Miami","Florida","Kendall-Tamiami Executive Airport","KTMB","TMB","KTMB Ground","https://www.liveatc.net/play/ktmb1_gnd.pls","",""
"North America","United States","Miami","Florida","Kendall-Tamiami Executive Airport","KTMB","TMB","KTMB Ground/Tower","https://www.liveatc.net/play/ktmb1_gnd_twr.pls","",""
"North America","United States","Miami","Florida","Kendall-Tamiami Executive Airport","KTMB","TMB","KTMB Tower (Both)","https://www.liveatc.net/play/ktmb1_twr.pls","",""
"North America","United States","Miami","Florida","Kendall-Tamiami Executive Airport","KTMB","TMB","KTMB Tower (Main)","https://www.liveatc.net/play/ktmb1_twr1.pls","",""
"North America","United States","Miami","Florida","Kendall-Tamiami Executive Airport","KTMB","TMB","KTMB Tower (North)","https://www.liveatc.net/play/ktmb1_twr2.pls","",""
"North America","United States","Naples","Florida","Naples Municipal Airport","KAPF","APF","KAPF ATIS","https://www.liveatc.net/play/kapf1_atis.pls","",""
"North America","United States","Naples","Florida","Naples Municipal Airport","KAPF","APF","KAPF Del/Gnd","https://www.liveatc.net/play/kapf1_del_gnd.pls","",""
"North America","United States","Naples","Florida","Naples Municipal Airport","KAPF","APF","KAPF Del/Gnd/Twr","https://www.liveatc.net/play/kapf1_del_gnd_twr.pls","",""
"North America","United States","Naples","Florida","Naples Municipal Airport","KAPF","APF","KAPF Ft Myers App/Dep","https://www.liveatc.net/play/kapf1_app.pls","",""
"North America","United States","Naples","Florida","Naples Municipal Airport","KAPF","APF","KAPF Tower","https://www.liveatc.net/play/kapf1_twr.pls","",""
"North America","United States","New Smyrna Beach","Florida","New Smyrna Beach Municipal Airport","KEVB","","KEVB ATIS","https://www.liveatc.net/play/kevb_atis.pls","",""
"North America","United States","New Smyrna Beach","Florida","New Smyrna Beach Municipal Airport","KEVB","","KEVB Gnd/Twr","https://www.liveatc.net/play/kevb_gnd_twr.pls","",""
"North America","United States","New Smyrna Beach","Florida","New Smyrna Beach Municipal Airport","KEVB","","KEVB Ground","https://www.liveatc.net/play/kevb_gnd.pls","",""
"North America","United States","New Smyrna Beach","Florida","New Smyrna Beach Municipal Airport","KEVB","","KEVB Tower","https://www.liveatc.net/play/kevb_twr.pls","",""
"North America","United States","Orlando","Florida","Kissimmee Gateway Airport","KISM","ISM","KISM Tower","https://www.liveatc.net/play/kism_twr.pls","",""
"North America","United States","Orlando","Florida","Orlando International Airport","KMCO","MCO","KMCO App/Dep (120.15)","https://www.liveatc.net/play/korl_kmco_app_120150.pls","",""
"North America","United States","Orlando","Florida","Orlando International Airport","KMCO","MCO","KMCO App/Dep (124.8)","https://www.liveatc.net/play/korl_kmco_app_124800.pls","",""
"North America","United States","Orlando","Florida","Orlando International Airport","KMCO","MCO","KMCO App/Dep (128.375)","https://www.liveatc.net/play/korl_kmco_app_128375.pls","",""
"North America","United States","Orlando","Florida","Orlando International Airport","KMCO","MCO","KMCO App/Dep (Disney Sector)","https://www.liveatc.net/play/korl_app_119400.pls","",""
"North America","United States","Orlando","Florida","Orlando International Airport","KMCO","MCO","KMCO App/Dep (North Satellite)","https://www.liveatc.net/play/korl_kmco_app_135300.pls","",""
"North America","United States","Orlando","Florida","Orlando International Airport","KMCO","MCO","KMCO App/Dep (OVIDO Sector)","https://www.liveatc.net/play/korl_app_119775.pls","",""
"North America","United States","Orlando","Florida","Orlando International Airport","KMCO","MCO","KMCO Approach (Final)","https://www.liveatc.net/play/korl_kmco_app_final.pls","",""
"North America","United States","Orlando","Florida","Orlando International Airport","KMCO","MCO","KMCO Tower (West) #2","https://www.liveatc.net/play/korl_kmco_twr_west.pls","",""
"North America","United States","Orlando","Florida","Orlando Executive Airport","KORL","ORL","KMCO App/Dep (Disney Sector)","https://www.liveatc.net/play/korl_app_119400.pls","",""
"North America","United States","Orlando","Florida","Orlando Executive Airport","KORL","ORL","KMCO App/Dep (Disney/OVIDO Sectors) #1","https://www.liveatc.net/play/korl_app_dep.pls","",""
"North America","United States","Orlando","Florida","Orlando Executive Airport","KORL","ORL","KMCO App/Dep (Disney/OVIDO Sectors) #2","https://www.liveatc.net/play/korl_app_dis_ovi.pls","",""
"North America","United States","Orlando","Florida","Orlando Executive Airport","KORL","ORL","KMCO App/Dep (North Satellite)","https://www.liveatc.net/play/korl_kmco_app_135300.pls","",""
"North America","United States","Orlando","Florida","Orlando Executive Airport","KORL","ORL","KMCO App/Dep (OVIDO Sector)","https://www.liveatc.net/play/korl_app_119775.pls","",""
"North America","United States","Orlando","Florida","Orlando Executive Airport","KORL","ORL","KORL ATIS","https://www.liveatc.net/play/korl_atis.pls","",""
"North America","United States","Orlando","Florida","Orlando Executive Airport","KORL","ORL","KORL Del/Gnd","https://www.liveatc.net/play/korl_gnd.pls","",""
"North America","United States","Orlando","Florida","Orlando Executive Airport","KORL","ORL","KORL Del/Gnd/Twr","https://www.liveatc.net/play/korl_del_gnd_twr.pls","",""
"North America","United States","Orlando","Florida","Orlando Executive Airport","KORL","ORL","KORL Tower","https://www.liveatc.net/play/korl_twr.pls","",""
"North America","United States","Orlando","Florida","Orlando Sanford International Airport","KSFB","SFB","KMCO App/Dep (North Satellite)","https://www.liveatc.net/play/korl_kmco_app_135300.pls","",""
"North America","United States","Orlando","Florida","Orlando Sanford International Airport","KSFB","SFB","KSFB ATIS","https://www.liveatc.net/play/ksfb3_atis.pls","",""
"North America","United States","Orlando","Florida","Orlando Sanford International Airport","KSFB","SFB","KSFB Clearance Delivery","https://www.liveatc.net/play/ksfb4_del.pls","",""
"North America","United States","Orlando","Florida","Orlando Sanford International Airport","KSFB","SFB","KSFB Del/Gnd","https://www.liveatc.net/play/ksfb4_s.pls","",""
"North America","United States","Orlando","Florida","Orlando Sanford International Airport","KSFB","SFB","KSFB Ground","https://www.liveatc.net/play/ksfb4_gnd.pls","",""
"North America","United States","Orlando","Florida","Orlando Sanford International Airport","KSFB","SFB","KSFB Tower (Both)","https://www.liveatc.net/play/ksfb3_s.pls","",""
"North America","United States","Orlando","Florida","Orlando Sanford International Airport","KSFB","SFB","KSFB Tower (Main)","https://www.liveatc.net/play/ksfb3_twr1.pls","",""
"North America","United States","Orlando","Florida","Orlando Sanford International Airport","KSFB","SFB","KSFB Tower (South)","https://www.liveatc.net/play/ksfb3_twr2.pls","",""
"North America","United States","Pensacola","Florida","Pensacola International Airport","KPNS","PNS","KPNS App/Dep 127.35/278.8","https://www.liveatc.net/play/kpns2_app_127350.pls","",""
"North America","United States","Pensacola","Florida","Pensacola International Airport","KPNS","PNS","KPNS Tower #3","https://www.liveatc.net/play/kpns2_twr3.pls","",""
"North America","United States","Plant City","Florida","Plant City Airport","KPCM","PCM","KPCM/KGIF CTAF","https://www.liveatc.net/play/klal8_ctaf_123050.pls","",""
"North America","United States","Pompano Beach","Florida","Pompano Beach Airpark","KPMP","PMP","KPMP Ground","https://www.liveatc.net/play/kpmp_gnd.pls","",""
"North America","United States","Pompano Beach","Florida","Pompano Beach Airpark","KPMP","PMP","KPMP Tower","https://www.liveatc.net/play/kpmp.pls","",""
"North America","United States","Punta Gorda","Florida","Charlotte County Airport","KPGD","PGD","KPGD Ground","https://www.liveatc.net/play/kpgd_gnd.pls","",""
"North America","United States","Punta Gorda","Florida","Charlotte County Airport","KPGD","PGD","KPGD Tower","https://www.liveatc.net/play/kpgd_twr.pls","",""
"North America","United States","Sarasota/Bradenton","Florida","Sarasota/Bradenton International Airport","KSRQ","SRQ","KSRQ App/Dep","https://www.liveatc.net/play/ksrq1_app_dep.pls","",""
"North America","United States","Sarasota/Bradenton","Florida","Sarasota/Bradenton International Airport","KSRQ","SRQ","KSRQ Del/Gnd","https://www.liveatc.net/play/ksrq1_del_gnd.pls","",""
"North America","United States","Sarasota/Bradenton","Florida","Sarasota/Bradenton International Airport","KSRQ","SRQ","KSRQ Tower","https://www.liveatc.net/play/ksrq1_twr.pls","",""
"North America","United States","Sarasota/Bradenton","Florida","Sarasota/Bradenton International Airport","KSRQ","SRQ","ZMA Miami Center (07)","https://www.liveatc.net/play/ksrq2_zma_132350.pls","",""
"North America","United States","Sarasota/Bradenton","Florida","Sarasota/Bradenton International Airport","KSRQ","SRQ","ZMA Miami Center (07/08/25)","https://www.liveatc.net/play/ksrq1_zma.pls","",""
"North America","United States","Sarasota/Bradenton","Florida","Sarasota/Bradenton International Airport","KSRQ","SRQ","ZMA Miami Center (08)","https://www.liveatc.net/play/ksrq2_zma_133900.pls","",""
"North America","United States","Sarasota/Bradenton","Florida","Sarasota/Bradenton International Airport","KSRQ","SRQ","ZMA Miami Center (25)","https://www.liveatc.net/play/ksrq2_zma_128225.pls","",""
"North America","United States","St Augustine","Florida","Northeast Florida Regional Airport","KSGJ","SGJ","Jacksonville App/Dep (SGJ)","https://www.liveatc.net/play/ksgj1_app.pls","",""
"North America","United States","St Augustine","Florida","Northeast Florida Regional Airport","KSGJ","SGJ","KSGJ ATIS","https://www.liveatc.net/play/ksgj1_atis.pls","",""
"North America","United States","St Augustine","Florida","Northeast Florida Regional Airport","KSGJ","SGJ","KSGJ Ground","https://www.liveatc.net/play/ksgj1_gnd.pls","",""
"North America","United States","St Augustine","Florida","Northeast Florida Regional Airport","KSGJ","SGJ","KSGJ Ground/Tower","https://www.liveatc.net/play/ksgj1_gnd_twr.pls","",""
"North America","United States","St Augustine","Florida","Northeast Florida Regional Airport","KSGJ","SGJ","KSGJ Tower","https://www.liveatc.net/play/ksgj1_twr.pls","",""
"North America","United States","St Petersburg-Clearwater","Florida","St Petersburg-Clearwater International Airport","KPIE","PIE","KPIE Area Emergency/Guard","https://www.liveatc.net/play/kpie1_guard.pls","",""
"North America","United States","St Petersburg-Clearwater","Florida","St Petersburg-Clearwater International Airport","KPIE","PIE","KPIE Del/Gnd/Twr","https://www.liveatc.net/play/kpie1_del_gnd_twr.pls","",""
"North America","United States","St Petersburg-Clearwater","Florida","St Petersburg-Clearwater International Airport","KPIE","PIE","KPIE Ground","https://www.liveatc.net/play/kpie1_gnd.pls","",""
"North America","United States","St Petersburg-Clearwater","Florida","St Petersburg-Clearwater International Airport","KPIE","PIE","KPIE Tower","https://www.liveatc.net/play/kpie1_twr.pls","",""
"North America","United States","St Petersburg-Clearwater","Florida","St Petersburg-Clearwater International Airport","KPIE","PIE","Tampa Approach (West/High)","https://www.liveatc.net/play/kpie1_app_118800.pls","",""
"North America","United States","St. Petersburg","Florida","Albert Whitted Airport","KSPG","SPG","KSPG Ground","https://www.liveatc.net/play/kspg3_gnd.pls","",""
"North America","United States","St. Petersburg","Florida","Albert Whitted Airport","KSPG","SPG","KSPG Ground/Tower","https://www.liveatc.net/play/kspg3_gnd_twr.pls","",""
"North America","United States","St. Petersburg","Florida","Albert Whitted Airport","KSPG","SPG","KSPG Tower","https://www.liveatc.net/play/kspg3_twr.pls","",""
"North America","United States","Stuart","Florida","Witham Field Airport","KSUA","SUA","KSUA Ground/Tower","https://www.liveatc.net/play/ksua1.pls","",""
"North America","United States","Tallahassee","Florida","Tallahassee Regional Airport","KTLH","TLH","Jacksonville Center (Sector 12 Albany 1)","https://www.liveatc.net/play/ktlh1_zjx_125750.pls","",""
"North America","United States","Tallahassee","Florida","Tallahassee Regional Airport","KTLH","TLH","Jacksonville Center (Sector 12 Dothan)","https://www.liveatc.net/play/ktlh1_zjx_134450.pls","",""
"North America","United States","Tallahassee","Florida","Tallahassee Regional Airport","KTLH","TLH","Jacksonville Center (Sector 33 Geneva High)","https://www.liveatc.net/play/ktlh1_zjx_125050.pls","",""
"North America","United States","Tallahassee","Florida","Tallahassee Regional Airport","KTLH","TLH","Jacksonville Center (Sector 85 Micanopy)","https://www.liveatc.net/play/ktlh1_zjx_128625.pls","",""
"North America","United States","Tallahassee","Florida","Tallahassee Regional Airport","KTLH","TLH","Jacksonville Center (Sector 87 Lawtey)","https://www.liveatc.net/play/ktlh1_zjx_132825.pls","",""
"North America","United States","Tallahassee","Florida","Tallahassee Regional Airport","KTLH","TLH","KTLH ATIS","https://www.liveatc.net/play/ktlh1_atis.pls","",""
"North America","United States","Tallahassee","Florida","Tallahassee Regional Airport","KTLH","TLH","KTLH Ground","https://www.liveatc.net/play/ktlh1_gnd.pls","",""
"North America","United States","Tallahassee","Florida","Tallahassee Regional Airport","KTLH","TLH","KTLH Tower","https://www.liveatc.net/play/ktlh1_twr.pls","",""
"North America","United States","Tallahassee","Florida","Tallahassee Regional Airport","KTLH","TLH","Tallahassee Approach/Departure (East)","https://www.liveatc.net/play/ktlh1_app_135800.pls","",""
"North America","United States","Tallahassee","Florida","Tallahassee Regional Airport","KTLH","TLH","Tallahassee Approach/Departure (West)","https://www.liveatc.net/play/ktlh1_app_128700.pls","",""
"North America","United States","Tampa","Florida","MacDill Air Force Base","KMCF","MCF","KMCF Tower","https://www.liveatc.net/play/ktpa5_kmcf_twr.pls","",""
"North America","United States","Tampa","Florida","Tampa International Airport","KTPA","TPA","KTPA Tower #1","https://www.liveatc.net/play/ktpa2.pls","",""
"North America","United States","Tampa","Florida","Tampa International Airport","KTPA","TPA","KTPA Tower #2","https://www.liveatc.net/play/ktpa5_twr.pls","",""
"North America","United States","Tampa","Florida","Tampa International Airport","KTPA","TPA","Tampa Approach (West/High)","https://www.liveatc.net/play/kpie1_app_118800.pls","",""
"North America","United States","Tampa","Florida","Peter O Knight Airport","KTPF","TPF","KTPF CTAF","https://www.liveatc.net/play/ktpa5_ktpf_ctaf.pls","","KMCF;KTPA"
"North America","United States","Tampa","Florida","Tampa Executive Airport","KVDF","VDF","KVDF CTAF","https://www.liveatc.net/play/ktpa5_kvdf_ctaf.pls","",""
"North America","United States","Venice","Florida","Venice Municipal Airport","KVNC","VNC","KVNC CTAF","https://www.liveatc.net/play/kvnc1.pls","","KSRQ;KPGD"
"North America","United States","Venice","Florida","Venice Municipal Airport","KVNC","VNC","KVNC Emergency/Guard","https://www.liveatc.net/play/kvnc1_guard.pls","","KSRQ;KPGD"
"North America","United States","Vero Beach","Florida","Vero Beach Municipal Airport","KVRB","VRB","KVRB App/Dep","https://www.liveatc.net/play/kvrb_app.pls","",""
"North America","United States","Vero Beach","Florida","Vero Beach Municipal Airport","KVRB","VRB","KVRB ATIS","https://www.liveatc.net/play/kvrb_atis.pls","",""
"North America","United States","Vero Beach","Florida","Vero Beach Municipal Airport","KVRB","VRB","KVRB Ground","https://www.liveatc.net/play/kvrb_gnd.pls","",""
"North America","United States","Vero Beach","Florida","Vero Beach Municipal Airport","KVRB","VRB","KVRB Tower","https://www.liveatc.net/play/kvrb_twr.pls","",""
"North America","United States","Vero Beach","Florida","Vero Beach Municipal Airport","KVRB","VRB","ZMA Sector 04","https://www.liveatc.net/play/kvrb_zma04.pls","",""
"North America","United States","Vero Beach","Florida","Vero Beach Municipal Airport","KVRB","VRB","ZMA Sector 23","https://www.liveatc.net/play/kvrb_zma23.pls","",""
"North America","United States","West Palm Beach","Florida","Palm Beach International Airport","KDJT","DJT","KDJT ATIS","https://www.liveatc.net/play/kpbi2_atis.pls","",""
"North America","United States","West Palm Beach","Florida","Palm Beach International Airport","KDJT","DJT","KDJT Clearance Delivery","https://www.liveatc.net/play/kpbi2_del.pls","",""
"North America","United States","West Palm Beach","Florida","Palm Beach International Airport","KDJT","DJT","KDJT Emergency/Guard","https://www.liveatc.net/play/kpbi2_guard.pls","",""
"North America","United States","West Palm Beach","Florida","Palm Beach International Airport","KDJT","DJT","KDJT GA Gate Hold","https://www.liveatc.net/play/kpbi2_gate_ga.pls","",""
"North America","United States","West Palm Beach","Florida","Palm Beach International Airport","KDJT","DJT","KDJT Gnd/Twr","https://www.liveatc.net/play/kpbi2_gnd_twr.pls","",""
"North America","United States","West Palm Beach","Florida","Palm Beach International Airport","KDJT","DJT","KDJT Palm Beach App (Final)","https://www.liveatc.net/play/kpbi2_final.pls","",""
"North America","United States","West Palm Beach","Florida","Palm Beach International Airport","KDJT","DJT","KDJT Palm Beach App (North)","https://www.liveatc.net/play/kpbi2_app_n.pls","",""
"North America","United States","West Palm Beach","Florida","Palm Beach International Airport","KDJT","DJT","KDJT Palm Beach App (North/South)","https://www.liveatc.net/play/kpbi2_app.pls","",""
"North America","United States","West Palm Beach","Florida","Palm Beach International Airport","KDJT","DJT","KDJT Palm Beach App (South)","https://www.liveatc.net/play/kpbi2_app_s.pls","",""
"North America","United States","West Palm Beach","Florida","Palm Beach International Airport","KDJT","DJT","KDJT Palm Beach Dep (North)","https://www.liveatc.net/play/kpbi2_dep_n.pls","",""
"North America","United States","West Palm Beach","Florida","Palm Beach International Airport","KDJT","DJT","KDJT Palm Beach Dep (North/South)","https://www.liveatc.net/play/kpbi2_dep.pls","",""
"North America","United States","West Palm Beach","Florida","Palm Beach International Airport","KDJT","DJT","KDJT Palm Beach Dep (South)","https://www.liveatc.net/play/kpbi2_dep_s.pls","",""
"North America","United States","West Palm Beach","Florida","Palm Beach International Airport","KDJT","DJT","KDJT Tower","https://www.liveatc.net/play/kpbi2_twr.pls","",""
"North America","United States","West Palm Beach","Florida","Palm Beach International Airport","KDJT","DJT","KPBI Ground","https://www.liveatc.net/play/kpbi2_gnd.pls","",""
"North America","United States","West Palm Beach","Florida","Palm Beach International Airport","KDJT","DJT","ZMA Sector 01","https://www.liveatc.net/play/kpbi1_zma01.pls","",""
"North America","United States","West Palm Beach","Florida","Palm Beach International Airport","KDJT","DJT","ZMA Sector 20","https://www.liveatc.net/play/kpbi1_zma20.pls","",""
"North America","United States","West Palm Beach","Florida","Palm Beach International Airport","KDJT","DJT","ZMA Sector 21","https://www.liveatc.net/play/kpbi1_zma21.pls","",""
"North America","United States","West Palm Beach","Florida","Palm Beach International Airport","KDJT","DJT","ZMA Sector 46","https://www.liveatc.net/play/kpbi1_zma46.pls","",""
"North America","United States","West Palm Beach","Florida","Palm Beach County Park Airport","KLNA","LNA","KLNA AWOS","https://www.liveatc.net/play/klna1_awos.pls","",""
"North America","United States","West Palm Beach","Florida","Palm Beach County Park Airport","KLNA","LNA","KLNA CTAF","https://www.liveatc.net/play/klna1_ctaf.pls","",""
"North America","United States","West Palm Beach","Florida","Palm Beach County Park Airport","KLNA","LNA","KLNA Emergency/Guard","https://www.liveatc.net/play/klna1_guard.pls","",""
"North America","United States","West Palm Beach","Florida","Palm Beach County Park Airport","KLNA","LNA","KLNA Practice Area","https://www.liveatc.net/play/klna1_pa.pls","",""
"North America","United States","West Palm Beach","Florida","Palm Beach County Park Airport","KLNA","LNA","West Palm Beach Area CTAFs","https://www.liveatc.net/play/kpbi1_misc.pls","",""
"North America","United States","Winter Haven","Florida","Winter Haven&#039;s Gilbert Airport","KGIF","GIF","KGIF ASOS","https://www.liveatc.net/play/kgif_awos.pls","",""
"North America","United States","Winter Haven","Florida","Winter Haven&#039;s Gilbert Airport","KGIF","GIF","KGIF CTAF/GCO/Guard","https://www.liveatc.net/play/kgif_s.pls","",""
"North America","United States","Winter Haven","Florida","Winter Haven&#039;s Gilbert Airport","KGIF","GIF","KGIF GCO/Guard","https://www.liveatc.net/play/kgif_gco_guard.pls","",""
"North America","United States","Winter Haven","Florida","Winter Haven&#039;s Gilbert Airport","KGIF","GIF","KGIF/F57 CTAF","https://www.liveatc.net/play/kgif_ctaf.pls","",""
"North America","United States","Winter Haven","Florida","Winter Haven&#039;s Gilbert Airport","KGIF","GIF","KPCM/KGIF CTAF","https://www.liveatc.net/play/klal8_ctaf_123050.pls","",""
"North America","United States","Zephyrhills","Florida","Zephyrhills Municipal Airport","KZPH","ZPH","KZPH CTAF #1","https://www.liveatc.net/play/kzph2.pls","",""
"North America","United States","Albany","Georgia","Southwest Georgia Regional Airport","KABY","ABY","KABY Gnd/Tower/Misc","https://www.liveatc.net/play/kaby1_gnd_twr.pls","",""
"North America","United States","Albany","Georgia","Southwest Georgia Regional Airport","KABY","ABY","KABY Ground/Tower","https://www.liveatc.net/play/kaby2.pls","",""
"North America","United States","Albany","Georgia","Southwest Georgia Regional Airport","KABY","ABY","ZJX Jacksonville Ctr (Sector 12/13)","https://www.liveatc.net/play/kaby1_zjx.pls","",""
"North America","United States","Athens","Georgia","Athens/Ben Epps Airport","KAHN","AHN","KAHN Tower","https://www.liveatc.net/play/kahn.pls","",""
"North America","United States","Atlanta","Georgia","Hartsfield - Jackson Atlanta International Airport","KATL","ATL","Atlanta Approach (NW Satellite)","https://www.liveatc.net/play/kryy1_atlapp_121000.pls","",""
"North America","United States","Atlanta","Georgia","Hartsfield - Jackson Atlanta International Airport","KATL","ATL","Atlanta Approach (TAR NW) #1","https://www.liveatc.net/play/kryy1_atlapp_128000.pls","",""
"North America","United States","Atlanta","Georgia","Hartsfield - Jackson Atlanta International Airport","KATL","ATL","KATL ATIS (Arrival)","https://www.liveatc.net/play/katl_atis_arr.pls","",""
"North America","United States","Atlanta","Georgia","Hartsfield - Jackson Atlanta International Airport","KATL","ATL","KATL ATIS (Departure)","https://www.liveatc.net/play/katl_atis_dep.pls","",""
"North America","United States","Atlanta","Georgia","Hartsfield - Jackson Atlanta International Airport","KATL","ATL","KATL Clearance Delivery","https://www.liveatc.net/play/katl_del.pls","",""
"North America","United States","Atlanta","Georgia","Hartsfield - Jackson Atlanta International Airport","KATL","ATL","KATL Company Channels","https://www.liveatc.net/play/katl_co.pls","",""
"North America","United States","Atlanta","Georgia","Hartsfield - Jackson Atlanta International Airport","KATL","ATL","KATL Departure (North)","https://www.liveatc.net/play/katl_dep_n.pls","",""
"North America","United States","Atlanta","Georgia","Hartsfield - Jackson Atlanta International Airport","KATL","ATL","KATL Departure (South)","https://www.liveatc.net/play/katl_dep_s.pls","",""
"North America","United States","Atlanta","Georgia","Hartsfield - Jackson Atlanta International Airport","KATL","ATL","KATL Final Approach 26R/8L","https://www.liveatc.net/play/katl_app_fin_v.pls","",""
"North America","United States","Atlanta","Georgia","Hartsfield - Jackson Atlanta International Airport","KATL","ATL","KATL Final Approach 27L/9R","https://www.liveatc.net/play/katl_app_fin_o.pls","",""
"North America","United States","Atlanta","Georgia","Hartsfield - Jackson Atlanta International Airport","KATL","ATL","KATL Final Approach 28/10","https://www.liveatc.net/play/katl_app_fin_a.pls","",""
"North America","United States","Atlanta","Georgia","Hartsfield - Jackson Atlanta International Airport","KATL","ATL","KATL Ground","https://www.liveatc.net/play/katl_gnd.pls","",""
"North America","United States","Atlanta","Georgia","Hartsfield - Jackson Atlanta International Airport","KATL","ATL","KATL Ground (Rwy 10/28)","https://www.liveatc.net/play/katl_gnd_1028.pls","",""
"North America","United States","Atlanta","Georgia","Hartsfield - Jackson Atlanta International Airport","KATL","ATL","KATL Ground (Rwys 8/26)","https://www.liveatc.net/play/katl_gnd_0826.pls","",""
"North America","United States","Atlanta","Georgia","Hartsfield - Jackson Atlanta International Airport","KATL","ATL","KATL Ground (Rwys 9/27)","https://www.liveatc.net/play/katl_gnd_0927.pls","",""
"North America","United States","Atlanta","Georgia","Hartsfield - Jackson Atlanta International Airport","KATL","ATL","KATL Ramp","https://www.liveatc.net/play/katl_ramp.pls","",""
"North America","United States","Atlanta","Georgia","Hartsfield - Jackson Atlanta International Airport","KATL","ATL","KATL Tower","https://www.liveatc.net/play/katl_twr.pls","",""
"North America","United States","Atlanta","Georgia","Hartsfield - Jackson Atlanta International Airport","KATL","ATL","KATL Tower (Rwy 10/28)","https://www.liveatc.net/play/katl_twr_1028.pls","",""
"North America","United States","Atlanta","Georgia","Hartsfield - Jackson Atlanta International Airport","KATL","ATL","KATL Tower (Rwy 8L/26R)","https://www.liveatc.net/play/katl_twr_08l26r.pls","",""
"North America","United States","Atlanta","Georgia","Hartsfield - Jackson Atlanta International Airport","KATL","ATL","KATL Tower (Rwy 8R/26L)","https://www.liveatc.net/play/katl_twr_08r26l.pls","",""
"North America","United States","Atlanta","Georgia","Hartsfield - Jackson Atlanta International Airport","KATL","ATL","KATL Tower (Rwy 8R/8L/26L/26R)","https://www.liveatc.net/play/katl_twr_08.pls","",""
"North America","United States","Atlanta","Georgia","Hartsfield - Jackson Atlanta International Airport","KATL","ATL","KATL Tower (Rwy 9L/27R)","https://www.liveatc.net/play/katl_twr_09l27r.pls","",""
"North America","United States","Atlanta","Georgia","Hartsfield - Jackson Atlanta International Airport","KATL","ATL","KATL Tower (Rwy 9R/27L)","https://www.liveatc.net/play/katl_twr_09r27l.pls","",""
"North America","United States","Atlanta","Georgia","Hartsfield - Jackson Atlanta International Airport","KATL","ATL","KATL Tower (Rwy 9R/9L/27L/27R)","https://www.liveatc.net/play/katl_twr_09.pls","",""
"North America","United States","Atlanta","Georgia","Hartsfield - Jackson Atlanta International Airport","KATL","ATL","KATL Traffic Management","https://www.liveatc.net/play/katl_tmu.pls","",""
"North America","United States","Atlanta","Georgia","Hartsfield - Jackson Atlanta International Airport","KATL","ATL","ZTL Atlanta Center (Macon High)","https://www.liveatc.net/play/katl_ztl22.pls","",""
"North America","United States","Atlanta","Georgia","Hartsfield - Jackson Atlanta International Airport","KATL","ATL","ZTL Atlanta Center (Sector 09)","https://www.liveatc.net/play/ztl09.pls","",""
"North America","United States","Atlanta","Georgia","Hartsfield - Jackson Atlanta International Airport","KATL","ATL","ZTL Atlanta Center (Sector 18)","https://www.liveatc.net/play/kgvl1_ztl18.pls","",""
"North America","United States","Atlanta","Georgia","Fulton County Airport-Brown Field","KFTY","FTY","Atlanta Approach (N. Sat)","https://www.liveatc.net/play/kryy1_atlapp_121000.pls","",""
"North America","United States","Atlanta","Georgia","Fulton County Airport-Brown Field","KFTY","FTY","KFTY Ground/Tower","https://www.liveatc.net/play/kfty.pls","",""
"North America","United States","Atlanta","Georgia","Dekalb-Peachtree Airport","KPDK","PDK","Atlanta App/Dep (SAT-P)","https://www.liveatc.net/play/klzu4_app.pls","",""
"North America","United States","Atlanta","Georgia","Dekalb-Peachtree Airport","KPDK","PDK","KPDK Emergency/Guard","https://www.liveatc.net/play/kpdk2_guard.pls","",""
"North America","United States","Atlanta","Georgia","Dekalb-Peachtree Airport","KPDK","PDK","KPDK Ground","https://www.liveatc.net/play/kpdk2_gnd.pls","",""
"North America","United States","Atlanta","Georgia","Dekalb-Peachtree Airport","KPDK","PDK","KPDK Tower #1","https://www.liveatc.net/play/kpdk2_twr.pls","",""
"North America","United States","Atlanta","Georgia","Cobb County International Airport-McCollum Field","KRYY","RYY","Atlanta Approach (N. Sat)","https://www.liveatc.net/play/kryy1_atlapp_121000.pls","",""
"North America","United States","Atlanta","Georgia","Cobb County International Airport-McCollum Field","KRYY","RYY","KRYY Tower","https://www.liveatc.net/play/kryy3_twr.pls","",""
"North America","United States","Canton","Georgia","Cherokee County Regional Airport","KCNI","","KWDR/KCVC/KCNI CTAF","https://www.liveatc.net/play/kwdr4_ctaf.pls","",""
"North America","United States","Columbus","Georgia","Columbus Metropolitan Airport","KCSG","CSG","Atlanta Approach/Departure (CSG Area)","https://www.liveatc.net/play/kcsg1_app.pls","",""
"North America","United States","Columbus","Georgia","Columbus Metropolitan Airport","KCSG","CSG","Atlanta Center (Sector 09 Low)","https://www.liveatc.net/play/kcsg1_ztl_120450.pls","",""
"North America","United States","Columbus","Georgia","Columbus Metropolitan Airport","KCSG","CSG","Atlanta Center (Sector 10 High)","https://www.liveatc.net/play/kcsg1_ztl_125575.pls","",""
"North America","United States","Columbus","Georgia","Columbus Metropolitan Airport","KCSG","CSG","KCSG Area Emergency/Guard","https://www.liveatc.net/play/kcsg1_guard.pls","",""
"North America","United States","Columbus","Georgia","Columbus Metropolitan Airport","KCSG","CSG","KCSG Ground","https://www.liveatc.net/play/kcsg1_gnd.pls","",""
"North America","United States","Columbus","Georgia","Columbus Metropolitan Airport","KCSG","CSG","KCSG Ground/Tower","https://www.liveatc.net/play/kcsg1_gnd_twr.pls","",""
"North America","United States","Columbus","Georgia","Columbus Metropolitan Airport","KCSG","CSG","KCSG Tower","https://www.liveatc.net/play/kcsg1_twr.pls","",""
"North America","United States","Gainesville","Georgia","Lee Gilmer Memorial Airport","KGVL","GVL","KGVL AWOS","https://www.liveatc.net/play/kgvl1_awos.pls","",""
"North America","United States","Gainesville","Georgia","Lee Gilmer Memorial Airport","KGVL","GVL","KGVL CTAF #1","https://www.liveatc.net/play/kgvl1_ctaf.pls","",""
"North America","United States","Gainesville","Georgia","Lee Gilmer Memorial Airport","KGVL","GVL","KGVL CTAF #2","https://www.liveatc.net/play/kgvl1_ctaf2.pls","",""
"North America","United States","Gainesville","Georgia","Lee Gilmer Memorial Airport","KGVL","GVL","KGVL Emergency/Guard","https://www.liveatc.net/play/kgvl1_guard.pls","",""
"North America","United States","Lawrenceville","Georgia","Gwinnett County Briscoe Field","KLZU","LZU","Atlanta App/Dep (SAT-P)","https://www.liveatc.net/play/klzu4_app.pls","",""
"North America","United States","Lawrenceville","Georgia","Gwinnett County Briscoe Field","KLZU","LZU","KLZU Ground","https://www.liveatc.net/play/klzu5_gnd.pls","",""
"North America","United States","Lawrenceville","Georgia","Gwinnett County Briscoe Field","KLZU","LZU","KLZU Tower #1","https://www.liveatc.net/play/klzu4_twr.pls","",""
"North America","United States","Lawrenceville","Georgia","Gwinnett County Briscoe Field","KLZU","LZU","KLZU Tower #2","https://www.liveatc.net/play/klzu5_twr.pls","",""
"North America","United States","Marietta","Georgia","Dobbins Air Reserve Base","KMGE","KMGE","Atlanta Approach (N. Sat)","https://www.liveatc.net/play/kryy1_atlapp_121000.pls","",""
"North America","United States","Marietta","Georgia","Dobbins Air Reserve Base","KMGE","KMGE","KMGE Ground","https://www.liveatc.net/play/kryy1_kmge_gnd.pls","",""
"North America","United States","Marietta","Georgia","Dobbins Air Reserve Base","KMGE","KMGE","KMGE Tower","https://www.liveatc.net/play/kryy1_kmge_twr.pls","",""
"North America","United States","Milledgeville","Georgia","Baldwin County Airport","KMLJ","MLJ","KMLJ AWOS","https://www.liveatc.net/play/kmlj2_awos.pls","",""
"North America","United States","Milledgeville","Georgia","Baldwin County Airport","KMLJ","MLJ","KMLJ CTAF","https://www.liveatc.net/play/kmlj2_ctaf.pls","",""
"North America","United States","Savannah","Georgia","Savannah/Hilton Head International Airport","KSAV","SAV","KSAV App/Dep","https://www.liveatc.net/play/ksav1_app.pls","",""
"North America","United States","Savannah","Georgia","Savannah/Hilton Head International Airport","KSAV","SAV","KSAV Del/Gnd","https://www.liveatc.net/play/ksav1_del_gnd.pls","",""
"North America","United States","Savannah","Georgia","Savannah/Hilton Head International Airport","KSAV","SAV","KSAV Tower","https://www.liveatc.net/play/ksav1_twr.pls","",""
"North America","United States","Savannah","Georgia","Savannah/Hilton Head International Airport","KSAV","SAV","ZJX Sectors 67/68/73","https://www.liveatc.net/play/ksav1_zjx.pls","",""
"North America","United States","Toccoa","Georgia","Toccoa Rg Letourneau Field","KTOC","TOC","KTOC CTAF","https://www.liveatc.net/play/ktoc2.pls","",""
"North America","United States","Valdosta","Georgia","Valdosta Regional Airport","KVLD","VLD","KVLD Gnd/Twr","https://www.liveatc.net/play/kvld.pls","",""
"North America","United States","Valdosta","Georgia","Valdosta Regional Airport","KVLD","VLD","Valdosta App/Dep","https://www.liveatc.net/play/kvld_app.pls","",""
"North America","United States","Valdosta","Georgia","Valdosta Regional Airport","KVLD","VLD","ZJX Jax Center (Valdosta GA)","https://www.liveatc.net/play/zjx_vld.pls","",""
"North America","United States","Winder","Georgia","Barrow County Airport","KWDR","WDR","KWDR CTAF","https://www.liveatc.net/play/kwdr2_ctaf.pls","",""
"North America","United States","Honolulu","Hawaii","Kalaeloa Airport (John Rodgers Field)","PHJR","JRF","PHJR ATIS","https://www.liveatc.net/play/phnl1_phjr_atis.pls","",""
"North America","United States","Honolulu","Hawaii","Honolulu International Airport","PHNL","HNL","HCF Center (Mt. Kaala/119.9)","https://www.liveatc.net/play/phnl1_hcf_119900.pls","",""
"North America","United States","Honolulu","Hawaii","Honolulu International Airport","PHNL","HNL","HCF Center (W/NW/Oceanic)","https://www.liveatc.net/play/phnl1_ctr.pls","",""
"North America","United States","Honolulu","Hawaii","Honolulu International Airport","PHNL","HNL","PHNL ARFF/Emergency","https://www.liveatc.net/play/phnl1_arff.pls","",""
"North America","United States","Honolulu","Hawaii","Honolulu International Airport","PHNL","HNL","PHNL Clearance Delivery","https://www.liveatc.net/play/phnl1_del.pls","",""
"North America","United States","Honolulu","Hawaii","Honolulu International Airport","PHNL","HNL","PHNL Del/Gnd/Ramp","https://www.liveatc.net/play/phnl1_dgr.pls","",""
"North America","United States","Honolulu","Hawaii","Honolulu International Airport","PHNL","HNL","PHNL Emergency/Guard","https://www.liveatc.net/play/phnl1_guard.pls","",""
"North America","United States","Honolulu","Hawaii","Honolulu International Airport","PHNL","HNL","PHNL Ground","https://www.liveatc.net/play/phnl1_gnd.pls","",""
"North America","United States","Honolulu","Hawaii","Honolulu International Airport","PHNL","HNL","PHNL HCF App/Dep","https://www.liveatc.net/play/phnl1_app.pls","",""
"North America","United States","Honolulu","Hawaii","Honolulu International Airport","PHNL","HNL","PHNL HCF App/Dep (119.1)","https://www.liveatc.net/play/phnl1_app_119100.pls","",""
"North America","United States","Honolulu","Hawaii","Honolulu International Airport","PHNL","HNL","PHNL HCF App/Dep (East)","https://www.liveatc.net/play/phnl1_app_e.pls","",""
"North America","United States","Honolulu","Hawaii","Honolulu International Airport","PHNL","HNL","PHNL HCF App/Dep (West)","https://www.liveatc.net/play/phnl1_app_w.pls","",""
"North America","United States","Honolulu","Hawaii","Honolulu International Airport","PHNL","HNL","PHNL Ramp Advisory","https://www.liveatc.net/play/phnl1_ramp.pls","",""
"North America","United States","Honolulu","Hawaii","Honolulu International Airport","PHNL","HNL","PHNL Tower (Both)","https://www.liveatc.net/play/phnl1_twr.pls","",""
"North America","United States","Honolulu","Hawaii","Honolulu International Airport","PHNL","HNL","PHNL Tower (Primary)","https://www.liveatc.net/play/phnl1_twr_pri.pls","",""
"North America","United States","Honolulu","Hawaii","Honolulu International Airport","PHNL","HNL","PHNL Tower (Rwy 08R/26L)","https://www.liveatc.net/play/phnl1_twr_08r26l.pls","",""
"North America","United States","Kahului","Hawaii","Kahului Airport (Maui)","PHOG","OGG","HCF Center (127.6)","https://www.liveatc.net/play/phog2_hcf_127600.pls","",""
"North America","United States","Kahului","Hawaii","Kahului Airport (Maui)","PHOG","OGG","HCF Center (Big Island/Maui)","https://www.liveatc.net/play/phog2_hcf_126000.pls","",""
"North America","United States","Kahului","Hawaii","Kahului Airport (Maui)","PHOG","OGG","HCF Center (Lanai/Molokai/PHKO)","https://www.liveatc.net/play/phog2_hcf_11931241.pls","",""
"North America","United States","Kahului","Hawaii","Kahului Airport (Maui)","PHOG","OGG","HCF Center (PHOG/All)","https://www.liveatc.net/play/phog2_hcf.pls","",""
"North America","United States","Kahului","Hawaii","Kahului Airport (Maui)","PHOG","OGG","PHOG ATIS","https://www.liveatc.net/play/phog2_atis.pls","",""
"North America","United States","Kahului","Hawaii","Kahului Airport (Maui)","PHOG","OGG","PHOG Clearance Delivery","https://www.liveatc.net/play/phog2_del.pls","",""
"North America","United States","Kahului","Hawaii","Kahului Airport (Maui)","PHOG","OGG","PHOG Del/Gnd/Twr/App","https://www.liveatc.net/play/phog2.pls","",""
"North America","United States","Kahului","Hawaii","Kahului Airport (Maui)","PHOG","OGG","PHOG Ground","https://www.liveatc.net/play/phog2_gnd.pls","",""
"North America","United States","Kahului","Hawaii","Kahului Airport (Maui)","PHOG","OGG","PHOG HCF App (N/S)","https://www.liveatc.net/play/phog2_app.pls","",""
"North America","United States","Kahului","Hawaii","Kahului Airport (Maui)","PHOG","OGG","PHOG HCF App (North)","https://www.liveatc.net/play/phog2_app_n.pls","",""
"North America","United States","Kahului","Hawaii","Kahului Airport (Maui)","PHOG","OGG","PHOG HCF App (South)","https://www.liveatc.net/play/phog2_app_s.pls","",""
"North America","United States","Kahului","Hawaii","Kahului Airport (Maui)","PHOG","OGG","PHOG Tower","https://www.liveatc.net/play/phog3.pls","",""
"North America","United States","Kailua/Kona","Hawaii","Kona International Airport at Keahole","PHKO","KOA","HCF Center (Northeast/Hamakua)","https://www.liveatc.net/play/phko2_hcf.pls","",""
"North America","United States","Kailua/Kona","Hawaii","Kona International Airport at Keahole","PHKO","KOA","Kona Gnd/Twr","https://www.liveatc.net/play/phko.pls","",""
"North America","United States","Boise","Idaho","Boise Air Terminal/Gowen Field","KBOI","BOI","KBOI Del/Gnd","https://www.liveatc.net/play/kboi_gnd.pls","",""
"North America","United States","Boise","Idaho","Boise Air Terminal/Gowen Field","KBOI","BOI","KBOI Twr/App","https://www.liveatc.net/play/kboi.pls","",""
"North America","United States","Caldwell","Idaho","Caldwell Industrial Airport","KEUL","","KEUL CTAF","https://www.liveatc.net/play/kman2_keul_ctaf.pls","",""
"North America","United States","Coeur d'Alene","Idaho","Coeur d'Alene Airport - Pappy Boyington Field","KCOE","COE","KCOE FSS","https://www.liveatc.net/play/kcoe2_fss.pls","",""
"North America","United States","Coeur d'Alene","Idaho","Coeur d'Alene Airport - Pappy Boyington Field","KCOE","COE","KCOE Gnd/Twr","https://www.liveatc.net/play/kcoe_twrgnd.pls","",""
"North America","United States","Coeur d'Alene","Idaho","Coeur d'Alene Airport - Pappy Boyington Field","KCOE","COE","Seattle Center (Sector 8)","https://www.liveatc.net/play/kcoe2_zse8.pls","",""
"North America","United States","Hailey","Idaho","Friedman Memorial Airport","KSUN","SUN","KSUN ATIS","https://www.liveatc.net/play/ksun1_atis.pls","",""
"North America","United States","Hailey","Idaho","Friedman Memorial Airport","KSUN","SUN","KSUN Ground/Tower","https://www.liveatc.net/play/ksun1_gnd_twr.pls","https://mia.rtsp.me/ZxnRPoYDbQLmcFiaE9jnwg/1776377075/hls/D5aeHshD.m3u8",""
"North America","United States","Lewiston","Idaho","Lewiston-Nez Perce County Airport","KLWS","LWS","KLWS Ground/Tower","https://www.liveatc.net/play/klws.pls","",""
"North America","United States","Nampa","Idaho","Nampa Municipal Airport","KMAN","MAN","KMAN CTAF","https://www.liveatc.net/play/kman2_ctaf.pls","",""
"North America","United States","Sandpoint","Idaho","Sandpoint Airport","KSZT","SZT","KSZT CTAF #2","https://www.liveatc.net/play/kszt2.pls","https://mia.rtsp.me/vVz6YX0zMBW3kZI41d0VGA/1776377154/hls/t7rS33Sn.m3u8",""
"North America","United States","Bloomington/Normal","Illinois","Central Illinois Regional Airport at Bloomington-Normal","KBMI","BMI","KBMI App/Dep","https://www.liveatc.net/play/kbmi_app.pls","",""
"North America","United States","Bloomington/Normal","Illinois","Central Illinois Regional Airport at Bloomington-Normal","KBMI","BMI","KBMI ATIS","https://www.liveatc.net/play/kbmi_atis.pls","",""
"North America","United States","Bloomington/Normal","Illinois","Central Illinois Regional Airport at Bloomington-Normal","KBMI","BMI","KBMI Gnd/Twr/App","https://www.liveatc.net/play/kbmi_gnd_twr_app.pls","",""
"North America","United States","Bloomington/Normal","Illinois","Central Illinois Regional Airport at Bloomington-Normal","KBMI","BMI","KBMI Gnd/Twr/App/Dep","https://www.liveatc.net/play/kbmi.pls","",""
"North America","United States","Bloomington/Normal","Illinois","Central Illinois Regional Airport at Bloomington-Normal","KBMI","BMI","ZAU Sector 45 Roberts High","https://www.liveatc.net/play/kbmi_zau.pls","",""
"North America","United States","Cahokia/St Louis","Illinois","St Louis Downtown Airport","KCPS","CPS","KCPS App/Dep","https://www.liveatc.net/play/kcps2_app.pls","",""
"North America","United States","Cahokia/St Louis","Illinois","St Louis Downtown Airport","KCPS","CPS","KCPS Area Emergency/Guard","https://www.liveatc.net/play/kcps2_guard.pls","",""
"North America","United States","Cahokia/St Louis","Illinois","St Louis Downtown Airport","KCPS","CPS","KCPS ATIS","https://www.liveatc.net/play/kcps2_atis.pls","",""
"North America","United States","Cahokia/St Louis","Illinois","St Louis Downtown Airport","KCPS","CPS","KCPS Ground","https://www.liveatc.net/play/kcps2_gnd.pls","",""
"North America","United States","Cahokia/St Louis","Illinois","St Louis Downtown Airport","KCPS","CPS","KCPS Ground/Tower","https://www.liveatc.net/play/kcps2_gnd_twr.pls","",""
"North America","United States","Cahokia/St Louis","Illinois","St Louis Downtown Airport","KCPS","CPS","KCPS Practice Area","https://www.liveatc.net/play/kcps2_pa.pls","",""
"North America","United States","Cahokia/St Louis","Illinois","St Louis Downtown Airport","KCPS","CPS","KCPS Tower","https://www.liveatc.net/play/kcps2_twr.pls","",""
"North America","United States","Carbondale/Murphysboro","Illinois","Southern Illinois Airport","KMDH","MDH","KMDH Ground/Tower","https://www.liveatc.net/play/kmdh.pls","",""
"North America","United States","Champaign/Urbana","Illinois","University of Illinois-Willard Airport","KCMI","CMI","KCMI App/Dep","https://www.liveatc.net/play/kcmi2_app.pls","",""
"North America","United States","Champaign/Urbana","Illinois","University of Illinois-Willard Airport","KCMI","CMI","KCMI Area Emergency/Guard","https://www.liveatc.net/play/kcmi2_guard.pls","",""
"North America","United States","Champaign/Urbana","Illinois","University of Illinois-Willard Airport","KCMI","CMI","KCMI ATIS","https://www.liveatc.net/play/kcmi2_atis.pls","",""
"North America","United States","Champaign/Urbana","Illinois","University of Illinois-Willard Airport","KCMI","CMI","KCMI Ground","https://www.liveatc.net/play/kcmi2_gnd.pls","",""
"North America","United States","Champaign/Urbana","Illinois","University of Illinois-Willard Airport","KCMI","CMI","KCMI Tower","https://www.liveatc.net/play/kcmi2_twr.pls","",""
"North America","United States","Chicago","Illinois","Dupage Airport","KDPA","DPA","KDPA ATIS","https://www.liveatc.net/play/kdpa_atis.pls","",""
"North America","United States","Chicago","Illinois","Dupage Airport","KDPA","DPA","KDPA Chicago Approach","https://www.liveatc.net/play/kord_app_dpa2.pls","",""
"North America","United States","Chicago","Illinois","Dupage Airport","KDPA","DPA","KDPA Del/Gnd/Twr/Misc","https://www.liveatc.net/play/kdpa2.pls","",""
"North America","United States","Chicago","Illinois","Chicago Midway International Airport","KMDW","MDW","Chicago App/Dep (S. Sat Sector 1)","https://www.liveatc.net/play/kmdw1_app_128200.pls","https://youtu.be/67BCsiW-1Io",""
"North America","United States","Chicago","Illinois","Chicago Midway International Airport","KMDW","MDW","Chicago App/Dep (S. Sat Sector 2)","https://www.liveatc.net/play/kmdw1_app_119350.pls","https://youtu.be/67BCsiW-1Io",""
"North America","United States","Chicago","Illinois","Chicago Midway International Airport","KMDW","MDW","Chicago Approach (MDW/LOT)","https://www.liveatc.net/play/kmdw_2.pls","https://youtu.be/67BCsiW-1Io",""
"North America","United States","Chicago","Illinois","Chicago Midway International Airport","KMDW","MDW","KMDW ATIS","https://www.liveatc.net/play/kmdw1_atis.pls","https://youtu.be/67BCsiW-1Io",""
"North America","United States","Chicago","Illinois","Chicago Midway International Airport","KMDW","MDW","KMDW Clearance/Metering","https://www.liveatc.net/play/kmdw_4.pls","https://youtu.be/67BCsiW-1Io",""
"North America","United States","Chicago","Illinois","Chicago Midway International Airport","KMDW","MDW","KMDW Ground #1","https://www.liveatc.net/play/kmdw_3.pls","https://youtu.be/67BCsiW-1Io",""
"North America","United States","Chicago","Illinois","Chicago Midway International Airport","KMDW","MDW","KMDW Ground #2","https://www.liveatc.net/play/kmdw1_gnd.pls","https://youtu.be/67BCsiW-1Io",""
"North America","United States","Chicago","Illinois","Chicago Midway International Airport","KMDW","MDW","KMDW Ground/Tower","https://www.liveatc.net/play/kmdw1_gnd_twr.pls","https://youtu.be/67BCsiW-1Io",""
"North America","United States","Chicago","Illinois","Chicago Midway International Airport","KMDW","MDW","KMDW Tower #1","https://www.liveatc.net/play/kmdw_1.pls","https://youtu.be/67BCsiW-1Io",""
"North America","United States","Chicago","Illinois","Chicago Midway International Airport","KMDW","MDW","KMDW Tower #2","https://www.liveatc.net/play/kmdw1_twr.pls","https://youtu.be/67BCsiW-1Io",""
"North America","United States","Chicago","Illinois","Chicago O'Hare International Airport","KORD","ORD","Chicago Approach (10R/28C)","https://www.liveatc.net/play/kord1n2_app_133625.pls","",""
"North America","United States","Chicago","Illinois","Chicago O'Hare International Airport","KORD","ORD","Chicago Approach (10R/28C) #2","https://www.liveatc.net/play/kord1n1_app_133625.pls","",""
"North America","United States","Chicago","Illinois","Chicago O'Hare International Airport","KORD","ORD","Chicago Approach (27L/09R/10C Z)","https://www.liveatc.net/play/kord1n2_app_119000.pls","",""
"North America","United States","Chicago","Illinois","Chicago O'Hare International Airport","KORD","ORD","Chicago Approach (27R/9L) #1","https://www.liveatc.net/play/kord1n2_app_124350.pls","",""
"North America","United States","Chicago","Illinois","Chicago O'Hare International Airport","KORD","ORD","Chicago Approach (27R/9L) #2","https://www.liveatc.net/play/kord1n1_app_124350.pls","",""
"North America","United States","Chicago","Illinois","Chicago O'Hare International Airport","KORD","ORD","Chicago Approach (Arr/Dep Secondary) #1","https://www.liveatc.net/play/kord1n2_app_132175.pls","",""
"North America","United States","Chicago","Illinois","Chicago O'Hare International Airport","KORD","ORD","Chicago Approach (Arr/Dep Secondary) #2","https://www.liveatc.net/play/kord1n1_app_132175.pls","",""
"North America","United States","Chicago","Illinois","Chicago O'Hare International Airport","KORD","ORD","Chicago Approach (NE Feeder)","https://www.liveatc.net/play/kord1n2_app_125700.pls","",""
"North America","United States","Chicago","Illinois","Chicago O'Hare International Airport","KORD","ORD","Chicago Approach (NW Feeder)","https://www.liveatc.net/play/kord1n2_app_135025.pls","",""
"North America","United States","Chicago","Illinois","Chicago O'Hare International Airport","KORD","ORD","Chicago Approach (SE Feeder)","https://www.liveatc.net/play/kord1s1_app_118925.pls","",""
"North America","United States","Chicago","Illinois","Chicago O'Hare International Airport","KORD","ORD","Chicago Approach (SW Feeder)","https://www.liveatc.net/play/kord1n2_app_135075.pls","",""
"North America","United States","Chicago","Illinois","Chicago O'Hare International Airport","KORD","ORD","Chicago Dep (125.4)","https://www.liveatc.net/play/kord1n1_dep_125400.pls","",""
"North America","United States","Chicago","Illinois","Chicago O'Hare International Airport","KORD","ORD","Chicago Departure (NE Loop)","https://www.liveatc.net/play/kord1n2_dep_118275.pls","",""
"North America","United States","Chicago","Illinois","Chicago O'Hare International Airport","KORD","ORD","Chicago Departure #1","https://www.liveatc.net/play/kord1s1_dep_128575.pls","",""
"North America","United States","Chicago","Illinois","Chicago O'Hare International Airport","KORD","ORD","KORD ATIS","https://www.liveatc.net/play/kord1s1_atis.pls","",""
"North America","United States","Chicago","Illinois","Chicago O'Hare International Airport","KORD","ORD","KORD Dep (126.625)","https://www.liveatc.net/play/kord1s1_dep_126625.pls","",""
"North America","United States","Chicago","Illinois","Chicago O'Hare International Airport","KORD","ORD","KORD Ground (Inbound) #1","https://www.liveatc.net/play/kord1n2_gnd_in.pls","",""
"North America","United States","Chicago","Illinois","Chicago O'Hare International Airport","KORD","ORD","KORD Ground (Inbound) #2","https://www.liveatc.net/play/kord2n_gnd_in.pls","",""
"North America","United States","Chicago","Illinois","Chicago O'Hare International Airport","KORD","ORD","KORD Ground (Outbound) #1","https://www.liveatc.net/play/kord1n2_gnd_out.pls","",""
"North America","United States","Chicago","Illinois","Chicago O'Hare International Airport","KORD","ORD","KORD Ground (Outbound) #2","https://www.liveatc.net/play/kord2n_gnd_out.pls","",""
"North America","United States","Chicago","Illinois","Chicago O'Hare International Airport","KORD","ORD","KORD Ground (Spare/Active)","https://www.liveatc.net/play/kord1n2_gnd_118450.pls","",""
"North America","United States","Chicago","Illinois","Chicago O'Hare International Airport","KORD","ORD","KORD Ground/Metering","https://www.liveatc.net/play/kord1n2_gnd_meter.pls","",""
"North America","United States","Chicago","Illinois","Chicago O'Hare International Airport","KORD","ORD","KORD Tower (Center 10C-28C/4R-22L)","https://www.liveatc.net/play/kord1n2_twr_ctr2.pls","",""
"North America","United States","Chicago","Illinois","Chicago O'Hare International Airport","KORD","ORD","KORD Tower (Center 10L/28R)","https://www.liveatc.net/play/kord1n1_twr_132700.pls","",""
"North America","United States","Chicago","Illinois","Chicago O'Hare International Airport","KORD","ORD","KORD Tower (Center 9C-27C)","https://www.liveatc.net/play/kord1n2_twr_ctr1.pls","",""
"North America","United States","Chicago","Illinois","Chicago O'Hare International Airport","KORD","ORD","KORD Tower (North) #1","https://www.liveatc.net/play/kord1n2_twr_n.pls","",""
"North America","United States","Chicago","Illinois","Chicago O'Hare International Airport","KORD","ORD","KORD Tower (North) #2","https://www.liveatc.net/play/kord1n1_twr_126900.pls","",""
"North America","United States","Chicago","Illinois","Chicago O'Hare International Airport","KORD","ORD","KORD Tower (South) #2","https://www.liveatc.net/play/kord1n1_twr_120750.pls","",""
"North America","United States","Chicago","Illinois","Chicago O'Hare International Airport","KORD","ORD","ZAU Chicago Center (Sector 81 CRIBB Low) #1","https://www.liveatc.net/play/kord1n2_zau_cribb.pls","",""
"North America","United States","Chicago","Illinois","Chicago O'Hare International Airport","KORD","ORD","ZAU Chicago Center (Sector 81 CRIBB Low) #2","https://www.liveatc.net/play/kord1n1_zau_cribb.pls","",""
"North America","United States","Chicago/Aurora","Illinois","Aurora Municipal Airport","KARR","AUZ","KARR Tower","https://www.liveatc.net/play/karr.pls","",""
"North America","United States","Chicago/Prospect Heights/Wheeling","Illinois","Chicago Executive Airport","KPWK","PWK","KPWK Tower","https://www.liveatc.net/play/kpwk2_twr.pls","",""
"North America","United States","Chicago/Romeoville","Illinois","Lewis University Airport","KLOT","LOT","KLOT ATIS","https://www.liveatc.net/play/klot1_atis.pls","",""
"North America","United States","Chicago/Romeoville","Illinois","Lewis University Airport","KLOT","LOT","KLOT Ground/Tower","https://www.liveatc.net/play/klot1_gnd_twr.pls","",""
"North America","United States","Chicago/Romeoville","Illinois","Lewis University Airport","KLOT","LOT","KLOT Tower","https://www.liveatc.net/play/klot1_twr.pls","",""
"North America","United States","Chicago/Romeoville","Illinois","Lewis University Airport","KLOT","LOT","ZAU Sector 51","https://www.liveatc.net/play/klot1_zau51.pls","",""
"North America","United States","Chicago/Waukegan","Illinois","Waukegan Regional Airport","KUGN","UGN","Chicago Approach (North)","https://www.liveatc.net/play/kugn1_app_120550.pls","",""
"North America","United States","Chicago/Waukegan","Illinois","Waukegan Regional Airport","KUGN","UGN","KUGN ATIS","https://www.liveatc.net/play/kugn1_atis.pls","",""
"North America","United States","Chicago/Waukegan","Illinois","Waukegan Regional Airport","KUGN","UGN","KUGN FBO","https://www.liveatc.net/play/kugn1_fbo.pls","",""
"North America","United States","Chicago/Waukegan","Illinois","Waukegan Regional Airport","KUGN","UGN","KUGN Ground/Tower","https://www.liveatc.net/play/kugn1_gnd_twr.pls","",""
"North America","United States","Chicago/Waukegan","Illinois","Waukegan Regional Airport","KUGN","UGN","KUGN Tower","https://www.liveatc.net/play/kugn1_twr.pls","",""
"North America","United States","Galesburg","Illinois","Galesburg Municipal Airport","KGBG","GBG","KGBG CTAF","https://www.liveatc.net/play/kgbg_ctaf.pls","",""
"North America","United States","Marion","Illinois","Veterans Airport of Southern Illinois","KMWA","MWA","KMWA Gnd/Twr/CTAF","https://www.liveatc.net/play/kmwa.pls","",""
"North America","United States","Moline","Illinois","Quad City International Airport","KMLI","MLI","KMLI App/Dep","https://www.liveatc.net/play/kmli3_app_dep.pls","",""
"North America","United States","Moline","Illinois","Quad City International Airport","KMLI","MLI","KMLI Ground","https://www.liveatc.net/play/kmli3_gnd.pls","",""
"North America","United States","Moline","Illinois","Quad City International Airport","KMLI","MLI","KMLI Tower","https://www.liveatc.net/play/kmli3_twr.pls","",""
"North America","United States","Rochelle","Illinois","Rochelle Municipal Airport - Koritz Field","KRPJ","","KRPJ CTAF","https://www.liveatc.net/play/krfd2_krpj.pls","",""
"North America","United States","Rockford","Illinois","Chicago/Rockford International Airport","KRFD","RFD","KRFD ATIS","https://www.liveatc.net/play/krfd2_atis.pls","",""
"North America","United States","Rockford","Illinois","Chicago/Rockford International Airport","KRFD","RFD","KRFD Del/Gnd","https://www.liveatc.net/play/krfd2_del_gnd.pls","",""
"North America","United States","Rockford","Illinois","Chicago/Rockford International Airport","KRFD","RFD","KRFD Del/Gnd/Twr","https://www.liveatc.net/play/krfd2_del_gnd_twr.pls","",""
"North America","United States","Rockford","Illinois","Chicago/Rockford International Airport","KRFD","RFD","KRFD Del/Gnd/Twr/App","https://www.liveatc.net/play/krfd2_del_gnd_twr_app.pls","",""
"North America","United States","Rockford","Illinois","Chicago/Rockford International Airport","KRFD","RFD","KRFD Tower","https://www.liveatc.net/play/krfd2_twr.pls","",""
"North America","United States","Rockford","Illinois","Chicago/Rockford International Airport","KRFD","RFD","Rockford App/Dep","https://www.liveatc.net/play/krfd2_app.pls","",""
"North America","United States","Rockford","Illinois","Chicago/Rockford International Airport","KRFD","RFD","ZAU Sector 92 (HAWKS)","https://www.liveatc.net/play/krfd2_zau.pls","",""
"North America","United States","Auburn","Indiana","De Kalb County Airport","KGWB","","KGWB AWOS","https://www.liveatc.net/play/kgwb1_awos.pls","",""
"North America","United States","Auburn","Indiana","De Kalb County Airport","KGWB","","KGWB CTAF","https://www.liveatc.net/play/kgwb1_ctaf.pls","",""
"North America","United States","Bloomington","Indiana","Monroe County Airport","KBMG","BMG","KBMG Approach/Departure","https://www.liveatc.net/play/kbmg_app.pls","",""
"North America","United States","Bloomington","Indiana","Monroe County Airport","KBMG","BMG","KBMG Tower","https://www.liveatc.net/play/kbmg_twr.pls","",""
"North America","United States","Bloomington","Indiana","Monroe County Airport","KBMG","BMG","KBMG Twr/App","https://www.liveatc.net/play/kbmg.pls","",""
"North America","United States","Crawfordsville","Indiana","Crawfordsville Municipal Airport","KCFJ","","KCFJ CTAF","https://www.liveatc.net/play/kcfj2_ctaf.pls","",""
"North America","United States","Crawfordsville","Indiana","Crawfordsville Municipal Airport","KCFJ","","KCFJ Emergency/Guard","https://www.liveatc.net/play/kcfj2_guard.pls","",""
"North America","United States","Evansville","Indiana","Evansville Regional Airport","KEVV","EVV","KEVV Del/Gnd/Twr/App","https://www.liveatc.net/play/kevv2.pls","",""
"North America","United States","Fort Wayne","Indiana","Fort Wayne International Airport","KFWA","FWA","KFWA App/Dep","https://www.liveatc.net/play/kfwa1_app.pls","",""
"North America","United States","Fort Wayne","Indiana","Fort Wayne International Airport","KFWA","FWA","KFWA ATIS","https://www.liveatc.net/play/kfwa1_atis.pls","",""
"North America","United States","Fort Wayne","Indiana","Fort Wayne International Airport","KFWA","FWA","KFWA Del/Ground","https://www.liveatc.net/play/kfwa1_del_gnd.pls","",""
"North America","United States","Fort Wayne","Indiana","Fort Wayne International Airport","KFWA","FWA","KFWA Emergency/Guard","https://www.liveatc.net/play/kfwa1_guard.pls","",""
"North America","United States","Fort Wayne","Indiana","Fort Wayne International Airport","KFWA","FWA","KFWA Tower","https://www.liveatc.net/play/kfwa1_twr.pls","",""
"North America","United States","Fort Wayne","Indiana","Fort Wayne International Airport","KFWA","FWA","ZAU Sector 33","https://www.liveatc.net/play/kfwa1_zau_124825.pls","",""
"North America","United States","Fort Wayne","Indiana","Fort Wayne International Airport","KFWA","FWA","ZAU Sector 36","https://www.liveatc.net/play/kfwa1_zau_126325.pls","",""
"North America","United States","Fort Wayne","Indiana","Fort Wayne International Airport","KFWA","FWA","ZAU Sector 37","https://www.liveatc.net/play/kfwa1_zau_119850.pls","",""
"North America","United States","Indianapolis","Indiana","Indianapolis International Airport","KIND","IND","Indy Center (Sector 33)","https://www.liveatc.net/play/kind9_zid_124525.pls","",""
"North America","United States","Indianapolis","Indiana","Indianapolis International Airport","KIND","IND","Indy Center (Sector 34)","https://www.liveatc.net/play/kind9_zid_119550.pls","",""
"North America","United States","Indianapolis","Indiana","Indianapolis International Airport","KIND","IND","Indy Center (Sector 75)","https://www.liveatc.net/play/kind9_zid_125125.pls","",""
"North America","United States","Indianapolis","Indiana","Indianapolis International Airport","KIND","IND","KIND Approach (121.1)","https://www.liveatc.net/play/kind9_app_121100.pls","",""
"North America","United States","Indianapolis","Indiana","Indianapolis International Airport","KIND","IND","KIND Approach (124.65)","https://www.liveatc.net/play/kind9_app_124650.pls","",""
"North America","United States","Indianapolis","Indiana","Indianapolis International Airport","KIND","IND","KIND Approach (124.95)","https://www.liveatc.net/play/kind9_app_124950.pls","",""
"North America","United States","Indianapolis","Indiana","Indianapolis International Airport","KIND","IND","KIND Approach/Departure","https://www.liveatc.net/play/kind9_app_dep.pls","",""
"North America","United States","Indianapolis","Indiana","Indianapolis International Airport","KIND","IND","KIND Area Emergency/Guard","https://www.liveatc.net/play/kind9_guard.pls","",""
"North America","United States","Indianapolis","Indiana","Indianapolis International Airport","KIND","IND","KIND Ground","https://www.liveatc.net/play/kind9_gnd.pls","",""
"North America","United States","Indianapolis","Indiana","Indianapolis International Airport","KIND","IND","KIND Ground/Tower","https://www.liveatc.net/play/kind9_gnd_twr.pls","",""
"North America","United States","Indianapolis","Indiana","Indianapolis International Airport","KIND","IND","KIND Tower","https://www.liveatc.net/play/kind9_twr.pls","",""
"North America","United States","Indianapolis","Indiana","Indianapolis Metropolitan Airport","KUMP","","KUMP CTAF/Unicom","https://www.liveatc.net/play/kump.pls","",""
"North America","United States","Lafayette","Indiana","Purdue University Airport","KLAF","LAF","KLAF App/Dep","https://www.liveatc.net/play/klaf1_app.pls","",""
"North America","United States","Lafayette","Indiana","Purdue University Airport","KLAF","LAF","KLAF Ground #1","https://www.liveatc.net/play/klaf1_gnd.pls","",""
"North America","United States","Lafayette","Indiana","Purdue University Airport","KLAF","LAF","KLAF Ground #2","https://www.liveatc.net/play/klaf1_gnd2.pls","",""
"North America","United States","Lafayette","Indiana","Purdue University Airport","KLAF","LAF","KLAF Tower","https://www.liveatc.net/play/klaf.pls","",""
"North America","United States","Marion","Indiana","Marion Municipal Airport","KMZZ","MZZ","KMZZ App/Dep","https://www.liveatc.net/play/kmzz2_app.pls","",""
"North America","United States","Marion","Indiana","Marion Municipal Airport","KMZZ","MZZ","KMZZ AWOS","https://www.liveatc.net/play/kmzz2_awos.pls","",""
"North America","United States","Marion","Indiana","Marion Municipal Airport","KMZZ","MZZ","KMZZ Clearance Delivery","https://www.liveatc.net/play/kmzz2_del.pls","",""
"North America","United States","Marion","Indiana","Marion Municipal Airport","KMZZ","MZZ","KMZZ CTAF","https://www.liveatc.net/play/kmzz2_ctaf.pls","",""
"North America","United States","Marion","Indiana","Marion Municipal Airport","KMZZ","MZZ","KMZZ CTAF/App","https://www.liveatc.net/play/kmzz2_ctaf_app.pls","",""
"North America","United States","Terre Haute","Indiana","Terre Haute International Airport-Hulman Field","KHUF","HUF","KHUF App/Dep","https://www.liveatc.net/play/khuf3_app.pls","",""
"North America","United States","Terre Haute","Indiana","Terre Haute International Airport-Hulman Field","KHUF","HUF","KHUF ATIS","https://www.liveatc.net/play/khuf3_atis.pls","",""
"North America","United States","Terre Haute","Indiana","Terre Haute International Airport-Hulman Field","KHUF","HUF","KHUF Emergency/Guard","https://www.liveatc.net/play/khuf3_guard.pls","",""
"North America","United States","Terre Haute","Indiana","Terre Haute International Airport-Hulman Field","KHUF","HUF","KHUF Ground","https://www.liveatc.net/play/khuf3_gnd.pls","",""
"North America","United States","Terre Haute","Indiana","Terre Haute International Airport-Hulman Field","KHUF","HUF","KHUF Tower","https://www.liveatc.net/play/khuf3_twr.pls","",""
"North America","United States","Terre Haute","Indiana","Terre Haute International Airport-Hulman Field","KHUF","HUF","ZID Sector 80","https://www.liveatc.net/play/khuf3_zid_134175.pls","",""
"North America","United States","Valparaiso","Indiana","Porter County Regional Airport","KVPZ","VPZ","KVPZ ASOS","https://www.liveatc.net/play/kvpz_asos.pls","",""
"North America","United States","Valparaiso","Indiana","Porter County Regional Airport","KVPZ","VPZ","KVPZ CTAF/Clearance/App","https://www.liveatc.net/play/kvpz.pls","",""
"North America","United States","Ankeny","Iowa","Ankeny Regional Airport","KIKV","IKV","KIKV Del/CTAF","https://www.liveatc.net/play/kikv2.pls","",""
"North America","United States","Cedar Rapids","Iowa","The Eastern Iowa Airport","KCID","CID","KCID Gnd/Twr/App","https://www.liveatc.net/play/kcid3.pls","",""
"North America","United States","Cedar Rapids","Iowa","The Eastern Iowa Airport","KCID","CID","KCID Gnd/Twr/App/KIOW","https://www.liveatc.net/play/kcid.pls","",""
"North America","United States","Des Moines","Iowa","Des Moines International Airport","KDSM","DSM","KDSM App/Dep","https://www.liveatc.net/play/kdsm3_app.pls","",""
"North America","United States","Des Moines","Iowa","Des Moines International Airport","KDSM","DSM","KDSM ATIS","https://www.liveatc.net/play/kdsm3_atis.pls","",""
"North America","United States","Des Moines","Iowa","Des Moines International Airport","KDSM","DSM","KDSM Ground","https://www.liveatc.net/play/kdsm3_gnd.pls","",""
"North America","United States","Des Moines","Iowa","Des Moines International Airport","KDSM","DSM","KDSM Tower","https://www.liveatc.net/play/kdsm3_twr.pls","",""
"North America","United States","Dubuque","Iowa","Dubuque Regional Airport","KDBQ","DBQ","KDBQ ATIS","https://www.liveatc.net/play/kdbq1_atis.pls","",""
"North America","United States","Dubuque","Iowa","Dubuque Regional Airport","KDBQ","DBQ","KDBQ Ground","https://www.liveatc.net/play/kdbq1_gnd.pls","",""
"North America","United States","Dubuque","Iowa","Dubuque Regional Airport","KDBQ","DBQ","KDBQ Ground/Tower","https://www.liveatc.net/play/kdbq1_gnd_twr.pls","",""
"North America","United States","Dubuque","Iowa","Dubuque Regional Airport","KDBQ","DBQ","KDBQ Guard","https://www.liveatc.net/play/kdbq1_guard.pls","",""
"North America","United States","Dubuque","Iowa","Dubuque Regional Airport","KDBQ","DBQ","KDBQ Tower","https://www.liveatc.net/play/kdbq1_twr.pls","",""
"North America","United States","Dubuque","Iowa","Dubuque Regional Airport","KDBQ","DBQ","KDBQ UNICOM","https://www.liveatc.net/play/kdbq1_unicom.pls","",""
"North America","United States","Dubuque","Iowa","Dubuque Regional Airport","KDBQ","DBQ","ZAU Sector 63 #1","https://www.liveatc.net/play/kdbq1_zau_133950.pls","",""
"North America","United States","Dubuque","Iowa","Dubuque Regional Airport","KDBQ","DBQ","ZAU Sector 63 #2","https://www.liveatc.net/play/zau_dbq_63.pls","",""
"North America","United States","Dubuque","Iowa","Dubuque Regional Airport","KDBQ","DBQ","ZAU Sector 75 #1","https://www.liveatc.net/play/kdbq1_zau_127775.pls","",""
"North America","United States","Dubuque","Iowa","Dubuque Regional Airport","KDBQ","DBQ","ZAU Sector 75 #2","https://www.liveatc.net/play/zau_dbq_75.pls","",""
"North America","United States","Dubuque","Iowa","Dubuque Regional Airport","KDBQ","DBQ","ZAU Sector 75/76","https://www.liveatc.net/play/zau_dbq_75_76.pls","",""
"North America","United States","Dubuque","Iowa","Dubuque Regional Airport","KDBQ","DBQ","ZAU Sector 76 #2","https://www.liveatc.net/play/zau_dbq_76.pls","",""
"North America","United States","Iowa City","Iowa","Iowa City Municipal Airport","KIOW","IOW","KCID Gnd/Twr/App/KIOW","https://www.liveatc.net/play/kcid.pls","",""
"North America","United States","Sioux City","Iowa","Sioux Gateway Airport/Col. Bud Day Field","KSUX","SUX","KSUX Twr/App/ZMP","https://www.liveatc.net/play/ksux2.pls","",""
"North America","United States","Hutchinson","Kansas","Hutchinson Municipal Airport","KHUT","HUT","KHUT Ground/Twr","https://www.liveatc.net/play/khut.pls","",""
"North America","United States","Olathe","Kansas","Johnson County Executive Airport","KOJC","OJC","KOJC App/Dep","https://www.liveatc.net/play/kojc1_app.pls","",""
"North America","United States","Olathe","Kansas","Johnson County Executive Airport","KOJC","OJC","KOJC ATIS","https://www.liveatc.net/play/kojc1_atis.pls","",""
"North America","United States","Olathe","Kansas","Johnson County Executive Airport","KOJC","OJC","KOJC Gnd/Twr","https://www.liveatc.net/play/kojc1.pls","",""
"North America","United States","Salina","Kansas","Salina Regional Airport","KSLN","SLN","KSLN ATIS","https://www.liveatc.net/play/ksln_atis.pls","",""
"North America","United States","Salina","Kansas","Salina Regional Airport","KSLN","SLN","KSLN Ground","https://www.liveatc.net/play/ksln_gnd.pls","",""
"North America","United States","Salina","Kansas","Salina Regional Airport","KSLN","SLN","KSLN Ground/Tower","https://www.liveatc.net/play/ksln.pls","",""
"North America","United States","Salina","Kansas","Salina Regional Airport","KSLN","SLN","KSLN Tower","https://www.liveatc.net/play/ksln_twr.pls","",""
"North America","United States","Salina","Kansas","Salina Regional Airport","KSLN","SLN","ZKC KC Center (Salina Low/High)","https://www.liveatc.net/play/zkc_sln.pls","",""
"North America","United States","Topeka","Kansas","Topeka Regional Airport","KFOE","FOE","KFOE Gnd/Twr/CTAF","https://www.liveatc.net/play/ktop3.pls","",""
"North America","United States","Topeka","Kansas","Philip Billard Municipal Airport","KTOP","TOP","KTOP Ground/Tower","https://www.liveatc.net/play/ktop2_twrgnd.pls","",""
"North America","United States","Wichita","Kansas","Colonel James Jabara Airport","KAAO","AAO","KAAO ASOS","https://www.liveatc.net/play/kaao3_asos.pls","",""
"North America","United States","Wichita","Kansas","Colonel James Jabara Airport","KAAO","AAO","KAAO CTAF","https://www.liveatc.net/play/kaao3_122700.pls","",""
"North America","United States","Wichita","Kansas","Colonel James Jabara Airport","KAAO","AAO","Wichita Approach (East Satellite)","https://www.liveatc.net/play/kaao3_app_134800.pls","",""
"North America","United States","Wichita","Kansas","Colonel James Jabara Airport","KAAO","AAO","Wichita Approach (East)","https://www.liveatc.net/play/kaao3_app_134850.pls","",""
"North America","United States","Wichita","Kansas","Colonel James Jabara Airport","KAAO","AAO","Wichita Approach (HUT Satellite)","https://www.liveatc.net/play/kaao3_app_125500.pls","",""
"North America","United States","Wichita","Kansas","Colonel James Jabara Airport","KAAO","AAO","Wichita Approach (S/SE)","https://www.liveatc.net/play/kaao3_app_127675.pls","",""
"North America","United States","Wichita","Kansas","Colonel James Jabara Airport","KAAO","AAO","Wichita Approach (West)","https://www.liveatc.net/play/kaao3_app_126700.pls","",""
"North America","United States","Wichita","Kansas","Colonel James Jabara Airport","KAAO","AAO","ZKC 03 Emporia Ultra Hi","https://www.liveatc.net/play/kaao3_zkc_124975.pls","",""
"North America","United States","Wichita","Kansas","Colonel James Jabara Airport","KAAO","AAO","ZKC 06 Anthony Hi","https://www.liveatc.net/play/kaao3_zkc_133200.pls","",""
"North America","United States","Wichita","Kansas","Colonel James Jabara Airport","KAAO","AAO","ZKC 20 Hutchinson Hi","https://www.liveatc.net/play/kaao3_zkc_134300.pls","",""
"North America","United States","Wichita","Kansas","Colonel James Jabara Airport","KAAO","AAO","ZKC 22 Garden City Hi","https://www.liveatc.net/play/kaao3_zkc_133450.pls","",""
"North America","United States","Wichita","Kansas","Colonel James Jabara Airport","KAAO","AAO","ZKC 24 Salina Hi","https://www.liveatc.net/play/kaao3_zkc_125175.pls","",""
"North America","United States","Wichita","Kansas","Colonel James Jabara Airport","KAAO","AAO","ZKC 27 Tulsa Hi","https://www.liveatc.net/play/kaao3_zkc_127625.pls","",""
"North America","United States","Wichita","Kansas","Colonel James Jabara Airport","KAAO","AAO","ZKC 41 CHIEF Super Hi","https://www.liveatc.net/play/kaao3_zkc_134725.pls","",""
"North America","United States","Wichita","Kansas","Colonel James Jabara Airport","KAAO","AAO","ZKC 47 TRAPR Super Hi","https://www.liveatc.net/play/kaao3_zkc_125425.pls","",""
"North America","United States","Wichita","Kansas","Colonel James Jabara Airport","KAAO","AAO","ZKC 62 Pioneer Low","https://www.liveatc.net/play/kaao3_zkc_127800.pls","",""
"North America","United States","Wichita","Kansas","Colonel James Jabara Airport","KAAO","AAO","ZKC 66 Salina Low","https://www.liveatc.net/play/kaao3_zkc_134900.pls","",""
"North America","United States","Wichita","Kansas","Colonel James Jabara Airport","KAAO","AAO","ZKC 68 Garden City Low","https://www.liveatc.net/play/kaao3_zkc_118350.pls","",""
"North America","United States","Wichita","Kansas","Colonel James Jabara Airport","KAAO","AAO","ZKC 68 Garden City Low","https://www.liveatc.net/play/kaao3_zkc_118800.pls","",""
"North America","United States","Wichita","Kansas","Colonel James Jabara Airport","KAAO","AAO","ZKC 72 VINTA Low","https://www.liveatc.net/play/kaao3_zkc_128600.pls","",""
"North America","United States","Wichita","Kansas","Colonel James Jabara Airport","KAAO","AAO","ZKC 97 Chanute Super Hi","https://www.liveatc.net/play/kaao3_zkc_118125.pls","",""
"North America","United States","Wichita","Kansas","Beech Factory Airport","KBEC","BEC","KBEC AWOS","https://www.liveatc.net/play/kaao3_kbec_awos.pls","",""
"North America","United States","Wichita","Kansas","Beech Factory Airport","KBEC","BEC","KBEC Ground","https://www.liveatc.net/play/kaao3_kbec_gnd.pls","",""
"North America","United States","Wichita","Kansas","Beech Factory Airport","KBEC","BEC","KBEC Tower","https://www.liveatc.net/play/kaao3_kbec_twr.pls","",""
"North America","United States","Wichita","Kansas","Cessna Aircraft Field Airport","KCEA","CEA","KCEA CTAF","https://www.liveatc.net/play/kaao3_122900.pls","","KIAB;KBEC"
"North America","United States","Wichita","Kansas","Mc Connell Air Force Base","KIAB","IAB","KIAB ATIS","https://www.liveatc.net/play/kaao3_kiab_atis.pls","",""
"North America","United States","Wichita","Kansas","Mc Connell Air Force Base","KIAB","IAB","KIAB Ground","https://www.liveatc.net/play/kaao3_kiab_gnd.pls","",""
"North America","United States","Wichita","Kansas","Mc Connell Air Force Base","KIAB","IAB","KIAB Tower","https://www.liveatc.net/play/kaao3_kiab_twr.pls","",""
"North America","United States","Wichita","Kansas","Wichita Mid-Continent Airport","KICT","ICT","KICT Area Guard","https://www.liveatc.net/play/kict4_guard.pls","",""
"North America","United States","Wichita","Kansas","Wichita Mid-Continent Airport","KICT","ICT","KICT Ground","https://www.liveatc.net/play/kict4_gnd.pls","",""
"North America","United States","Wichita","Kansas","Wichita Mid-Continent Airport","KICT","ICT","KICT Tower","https://www.liveatc.net/play/kict4_twr.pls","",""
"North America","United States","Wichita","Kansas","Wichita Mid-Continent Airport","KICT","ICT","Wichita Approach (East)","https://www.liveatc.net/play/kaao3_app_134850.pls","",""
"North America","United States","Wichita","Kansas","Wichita Mid-Continent Airport","KICT","ICT","Wichita Approach (HUT Satellite)","https://www.liveatc.net/play/kaao3_app_125500.pls","",""
"North America","United States","Wichita","Kansas","Wichita Mid-Continent Airport","KICT","ICT","Wichita Approach (S/SE)","https://www.liveatc.net/play/kaao3_app_127675.pls","",""
"North America","United States","Wichita","Kansas","Wichita Mid-Continent Airport","KICT","ICT","Wichita Approach (West)","https://www.liveatc.net/play/kaao3_app_126700.pls","",""
"North America","United States","Covington","Kentucky","Cincinnati/Northern Kentucky International Airport","KCVG","CVG","KCVG Clearance Delivery","https://www.liveatc.net/play/kcvg1_del.pls","",""
"North America","United States","Covington","Kentucky","Cincinnati/Northern Kentucky International Airport","KCVG","CVG","KCVG Ground","https://www.liveatc.net/play/kcvg1_gnd.pls","",""
"North America","United States","Covington","Kentucky","Cincinnati/Northern Kentucky International Airport","KCVG","CVG","KCVG Tower","https://www.liveatc.net/play/kcvg1_twr.pls","",""
"North America","United States","Lexington","Kentucky","Blue Grass Airport","KLEX","LEX","KLEX Gnd/Twr/App/Dep","https://www.liveatc.net/play/klex3.pls","",""
"North America","United States","Louisville","Kentucky","Bowman Field Airport","KLOU","LOU","KLOU ATIS","https://www.liveatc.net/play/klou_atis.pls","",""
"North America","United States","Louisville","Kentucky","Bowman Field Airport","KLOU","LOU","KLOU Del/Gnd","https://www.liveatc.net/play/klou_del_gnd.pls","",""
"North America","United States","Louisville","Kentucky","Bowman Field Airport","KLOU","LOU","KLOU Del/Gnd/Twr","https://www.liveatc.net/play/klou1_s.pls","",""
"North America","United States","Louisville","Kentucky","Bowman Field Airport","KLOU","LOU","KLOU Tower","https://www.liveatc.net/play/klou.pls","",""
"North America","United States","Louisville","Kentucky","Louisville International Airport-Standiford Field","KSDF","SDF","KSDF App/Dep #1","https://www.liveatc.net/play/ksdf_app_1.pls","",""
"North America","United States","Louisville","Kentucky","Louisville International Airport-Standiford Field","KSDF","SDF","KSDF App/Dep #2","https://www.liveatc.net/play/ksdf_app_2.pls","",""
"North America","United States","Louisville","Kentucky","Louisville International Airport-Standiford Field","KSDF","SDF","KSDF ATIS","https://www.liveatc.net/play/ksdf_atis.pls","",""
"North America","United States","Louisville","Kentucky","Louisville International Airport-Standiford Field","KSDF","SDF","KSDF Ground/Tower #1","https://www.liveatc.net/play/ksdf_twr.pls","",""
"North America","United States","Louisville","Kentucky","Louisville International Airport-Standiford Field","KSDF","SDF","KSDF Thunder Over Louisville Air Show #2","https://www.liveatc.net/play/ksdf_thunder2.pls","",""
"North America","United States","Baton Rouge","Louisiana","Baton Rouge Metropolitan Airport - Ryan Field","KBTR","BTR","KBTR App/Dep","https://www.liveatc.net/play/kbtr2_app.pls","",""
"North America","United States","Baton Rouge","Louisiana","Baton Rouge Metropolitan Airport - Ryan Field","KBTR","BTR","KBTR ATIS","https://www.liveatc.net/play/kbtr2_atis.pls","",""
"North America","United States","Baton Rouge","Louisiana","Baton Rouge Metropolitan Airport - Ryan Field","KBTR","BTR","KBTR Ground","https://www.liveatc.net/play/kbtr2_gnd.pls","",""
"North America","United States","Baton Rouge","Louisiana","Baton Rouge Metropolitan Airport - Ryan Field","KBTR","BTR","KBTR Tower","https://www.liveatc.net/play/kbtr2_twr.pls","",""
"North America","United States","Gonzales","Louisiana","Louisiana Regional Airport","KREG","REG","KREG CTAF","https://www.liveatc.net/play/kreg_ctaf.pls","",""
"North America","United States","Hammond","Louisiana","Hammond Northshore Regional Airport","KHDC","","KHDC ATIS","https://www.liveatc.net/play/khdc2_atis.pls","",""
"North America","United States","Hammond","Louisiana","Hammond Northshore Regional Airport","KHDC","","KHDC Ground","https://www.liveatc.net/play/khdc2_gnd.pls","",""
"North America","United States","Hammond","Louisiana","Hammond Northshore Regional Airport","KHDC","","KHDC Tower","https://www.liveatc.net/play/khdc2_twr.pls","",""
"North America","United States","Hammond","Louisiana","Hammond Northshore Regional Airport","KHDC","","New Orleans Approach (HDC Area)","https://www.liveatc.net/play/khdc2_app.pls","",""
"North America","United States","New Orleans","Louisiana","Louis Armstrong New Orleans International Airport","KMSY","MSY","KMSY App/Dep","https://www.liveatc.net/play/kmsy2_app.pls","",""
"North America","United States","New Orleans","Louisiana","Louis Armstrong New Orleans International Airport","KMSY","MSY","KMSY Del/Gnd","https://www.liveatc.net/play/kmsy2_del_gnd.pls","",""
"North America","United States","New Orleans","Louisiana","Louis Armstrong New Orleans International Airport","KMSY","MSY","KMSY Tower","https://www.liveatc.net/play/kmsy2_twr.pls","",""
"North America","United States","New Orleans","Louisiana","Lakefront Airport","KNEW","NEW","KNEW Ground/Tower","https://www.liveatc.net/play/knew_twrgnd.pls","",""
"North America","United States","New Roads","Louisiana","False River Regional Airport","KHZR","","KHZR AWOS","https://www.liveatc.net/play/khzr3_awos.pls","",""
"North America","United States","New Roads","Louisiana","False River Regional Airport","KHZR","","KHZR CTAF","https://www.liveatc.net/play/khzr3_ctaf.pls","",""
"North America","United States","New Roads","Louisiana","False River Regional Airport","KHZR","","KHZR Emergency/Guard","https://www.liveatc.net/play/khzr3_guard.pls","",""
"North America","United States","Auburn/Lewiston","Maine","Auburn Lewiston Municipal Airport","KLEW","LEW","KLEW CTAF","https://www.liveatc.net/play/kaug1_ctaf_122800.pls","",""
"North America","United States","Augusta","Maine","Augusta State Airport","KAUG","AUG","Boston Center (AUG02 Sector)","https://www.liveatc.net/play/kaug1_zbw_134950.pls","",""
"North America","United States","Augusta","Maine","Augusta State Airport","KAUG","AUG","Boston Center (Surry 15 Sector)","https://www.liveatc.net/play/kaug1_zbw_120250.pls","",""
"North America","United States","Augusta","Maine","Augusta State Airport","KAUG","AUG","KAUG Area Emergency/Guard","https://www.liveatc.net/play/kaug1_guard.pls","",""
"North America","United States","Augusta","Maine","Augusta State Airport","KAUG","AUG","KAUG ASOS","https://www.liveatc.net/play/kaug1_asos.pls","",""
"North America","United States","Augusta","Maine","Augusta State Airport","KAUG","AUG","KAUG Clearance Delivery","https://www.liveatc.net/play/kaug1_del.pls","",""
"North America","United States","Augusta","Maine","Augusta State Airport","KAUG","AUG","KAUG CTAF","https://www.liveatc.net/play/kaug1_ctaf.pls","",""
"North America","United States","Augusta","Maine","Augusta State Airport","KAUG","AUG","KAUG Del/CTAF","https://www.liveatc.net/play/kaug1_del_ctaf.pls","",""
"North America","United States","Augusta","Maine","Augusta State Airport","KAUG","AUG","Portland Approach (AUG Area)","https://www.liveatc.net/play/kaug1_app_128350.pls","",""
"North America","United States","Augusta","Maine","Augusta State Airport","KAUG","AUG","Portland Approach (AUG/PWM Areas)","https://www.liveatc.net/play/kaug1_app.pls","",""
"North America","United States","Augusta","Maine","Augusta State Airport","KAUG","AUG","Portland Approach (AUG/RKD Areas)","https://www.liveatc.net/play/kaug1_app_n.pls","",""
"North America","United States","Bangor","Maine","Bangor International Airport","KBGR","BGR","KBGR App/Dep","https://www.liveatc.net/play/kbgr_app.pls","",""
"North America","United States","Bangor","Maine","Bangor International Airport","KBGR","BGR","KBGR ATIS","https://www.liveatc.net/play/kbgr_atis.pls","",""
"North America","United States","Bangor","Maine","Bangor International Airport","KBGR","BGR","KBGR Del/Gnd/Twr","https://www.liveatc.net/play/kbgr.pls","",""
"North America","United States","Brunswick","Maine","Brunswick Executive Airport","KBXM","BXM","KBXM CTAF/AWOS","https://www.liveatc.net/play/kbxm2.pls","",""
"North America","United States","Houlton","Maine","Houlton International Airport","KHUL","HUL","KHUL ASOS","https://www.liveatc.net/play/khul_asos.pls","",""
"North America","United States","Houlton","Maine","Houlton International Airport","KHUL","HUL","KHUL/KPQI/ZBW01/15","https://www.liveatc.net/play/khul.pls","",""
"North America","United States","Houlton","Maine","Houlton International Airport","KHUL","HUL","ZBW Sector 01 (Millinocket High)","https://www.liveatc.net/play/kaug1_zbw_128050.pls","",""
"North America","United States","Portland","Maine","Portland International Jetport","KPWM","PWM","Emergency/Guard","https://www.liveatc.net/play/kpwm2_guard.pls","",""
"North America","United States","Portland","Maine","Portland International Jetport","KPWM","PWM","KPWM App/Dep #1","https://www.liveatc.net/play/kpwm2_app.pls","",""
"North America","United States","Portland","Maine","Portland International Jetport","KPWM","PWM","KPWM App/Dep #2","https://www.liveatc.net/play/kpwm3_app.pls","",""
"North America","United States","Portland","Maine","Portland International Jetport","KPWM","PWM","KPWM ATIS","https://www.liveatc.net/play/kpwm2_atis.pls","",""
"North America","United States","Portland","Maine","Portland International Jetport","KPWM","PWM","KPWM Gnd/Tower","https://www.liveatc.net/play/kpwm2_gnd_twr.pls","",""
"North America","United States","Portland","Maine","Portland International Jetport","KPWM","PWM","KPWM Gnd/Twr/App","https://www.liveatc.net/play/kpwm2_gnd_twr_app.pls","",""
"North America","United States","Portland","Maine","Portland International Jetport","KPWM","PWM","KPWM Ground","https://www.liveatc.net/play/kpwm2_gnd.pls","",""
"North America","United States","Portland","Maine","Portland International Jetport","KPWM","PWM","KPWM Tower #1","https://www.liveatc.net/play/kpwm2_twr.pls","",""
"North America","United States","Portland","Maine","Portland International Jetport","KPWM","PWM","KPWM Tower #2","https://www.liveatc.net/play/kpwm3_twr.pls","",""
"North America","United States","Portland","Maine","Portland International Jetport","KPWM","PWM","KPWM Twr/App","https://www.liveatc.net/play/kpwm2_twr_app.pls","",""
"North America","United States","Presque Isle","Maine","Northern Maine Regional Airport at Presque Isle","KPQI","PQI","KHUL/KPQI/ZBW01/15","https://www.liveatc.net/play/khul.pls","",""
"North America","United States","Rockland","Maine","Knox County Regional Airport","KRKD","RKD","KRKD CTAF","https://www.liveatc.net/play/kaug1_ctaf_123050.pls","",""
"North America","United States","Sanford","Maine","Sanford Seacoast Regional Airport","KSFM","SFM","KSFM CTAF","https://www.liveatc.net/play/kmht_murp_123075.pls","",""
"North America","United States","Waterville","Maine","Waterville Robert Lafleur Airport","KWVL","WVL","KWVL CTAF","https://www.liveatc.net/play/kaug1_ctaf_122700.pls","",""
"North America","United States","Baltimore","Maryland","Baltimore/Washington International Thurgood Marshall Airport","KBWI","BWI","KBWI Clearance Delivery","https://www.liveatc.net/play/kbwi_del.pls","",""
"North America","United States","Baltimore","Maryland","Baltimore/Washington International Thurgood Marshall Airport","KBWI","BWI","KBWI Ground","https://www.liveatc.net/play/kbwi_es_gnd.pls","",""
"North America","United States","Baltimore","Maryland","Baltimore/Washington International Thurgood Marshall Airport","KBWI","BWI","KBWI Potomac App (BELAY) #2","https://www.liveatc.net/play/kbwi_es_app_125525.pls","",""
"North America","United States","Baltimore","Maryland","Baltimore/Washington International Thurgood Marshall Airport","KBWI","BWI","KBWI Potomac App (BWI Final)","https://www.liveatc.net/play/kbwi_es_final.pls","",""
"North America","United States","Baltimore","Maryland","Baltimore/Washington International Thurgood Marshall Airport","KBWI","BWI","KBWI Potomac Approach (GRACO Sector)","https://www.liveatc.net/play/kbwi_es_app_124550.pls","",""
"North America","United States","Baltimore","Maryland","Baltimore/Washington International Thurgood Marshall Airport","KBWI","BWI","KBWI Tower","https://www.liveatc.net/play/kbwi_es_twr.pls","",""
"North America","United States","Baltimore","Maryland","Baltimore/Washington International Thurgood Marshall Airport","KBWI","BWI","Potomac App (BELAY) #1","https://www.liveatc.net/play/kdmw2_app_125525.pls","",""
"North America","United States","Baltimore","Maryland","Baltimore/Washington International Thurgood Marshall Airport","KBWI","BWI","ZDC Washington Center (SWANN Sector)","https://www.liveatc.net/play/kbwi_es_zdc_swann.pls","",""
"North America","United States","Baltimore","Maryland","Martin State Airport","KMTN","MTN","KMTN Area Guard","https://www.liveatc.net/play/kmtn3_guard.pls","",""
"North America","United States","Baltimore","Maryland","Martin State Airport","KMTN","MTN","KMTN Ground","https://www.liveatc.net/play/kmtn3_gnd.pls","",""
"North America","United States","Baltimore","Maryland","Martin State Airport","KMTN","MTN","KMTN Ground/Tower","https://www.liveatc.net/play/kmtn3_gnd_twr.pls","",""
"North America","United States","Baltimore","Maryland","Martin State Airport","KMTN","MTN","KMTN Tower","https://www.liveatc.net/play/kmtn3_twr.pls","",""
"North America","United States","Camp Springs","Maryland","Joint Base Andrews","KADW","ADW","KADW Del/Gnd/Twr/Misc","https://www.liveatc.net/play/kadw_misc.pls","",""
"North America","United States","Easton","Maryland","Easton/Newnam Field Airport","KESN","ESN","KESN Ground/Tower","https://www.liveatc.net/play/kesn2.pls","",""
"North America","United States","Frederick","Maryland","Frederick Municipal Airport","KFDK","FDK","KFDK ATIS","https://www.liveatc.net/play/kfdk2_atis.pls","",""
"North America","United States","Frederick","Maryland","Frederick Municipal Airport","KFDK","FDK","KFDK Del/Gnd/Twr/CTAF #1","https://www.liveatc.net/play/kfdk2.pls","",""
"North America","United States","Friendly","Maryland","Potomac Airfield","KVKX","VKX","KVKX Area Guard","https://www.liveatc.net/play/kvkx1_guard.pls","","KADW;KDCA"
"North America","United States","Friendly","Maryland","Potomac Airfield","KVKX","VKX","KVKX CTAF","https://www.liveatc.net/play/kvkx1_ctaf.pls","","KADW;KDCA"
"North America","United States","Gaithersburg","Maryland","Montgomery County Airpark","KGAI","GAI","KGAI CTAF/UNICOM","https://www.liveatc.net/play/kgai.pls","",""
"North America","United States","Westminster","Maryland","Carroll County Regional Airport/Jack B Poage Field","KDMW","DMW","KDMW AWOS #2","https://www.liveatc.net/play/kdmw2_awos.pls","",""
"North America","United States","Westminster","Maryland","Carroll County Regional Airport/Jack B Poage Field","KDMW","DMW","KDMW CTAF #2","https://www.liveatc.net/play/kdmw2_122700.pls","",""
"North America","United States","Westminster","Maryland","Carroll County Regional Airport/Jack B Poage Field","KDMW","DMW","KDMW Emergency/Guard #2","https://www.liveatc.net/play/kdmw2_guard.pls","",""
"North America","United States","Bedford","Massachusetts","Laurence G Hanscom Field Airport","KBED","BED","Boston App/Dep (North Sat) #1","https://www.liveatc.net/play/kbed1_app.pls","",""
"North America","United States","Bedford","Massachusetts","Laurence G Hanscom Field Airport","KBED","BED","Boston App/Dep (North Sat) #2","https://www.liveatc.net/play/kbed_murp_app.pls","",""
"North America","United States","Bedford","Massachusetts","Laurence G Hanscom Field Airport","KBED","BED","KBED ATIS #1","https://www.liveatc.net/play/kbed1_atis.pls","",""
"North America","United States","Bedford","Massachusetts","Laurence G Hanscom Field Airport","KBED","BED","KBED ATIS #2","https://www.liveatc.net/play/kbed_murp_atis2.pls","",""
"North America","United States","Bedford","Massachusetts","Laurence G Hanscom Field Airport","KBED","BED","KBED Clearance Delivery","https://www.liveatc.net/play/kbed1_del.pls","",""
"North America","United States","Bedford","Massachusetts","Laurence G Hanscom Field Airport","KBED","BED","KBED Del/Gnd","https://www.liveatc.net/play/kbed1_del_gnd.pls","",""
"North America","United States","Bedford","Massachusetts","Laurence G Hanscom Field Airport","KBED","BED","KBED Gnd/Twr","https://www.liveatc.net/play/kbed1_gnd_twr.pls","",""
"North America","United States","Bedford","Massachusetts","Laurence G Hanscom Field Airport","KBED","BED","KBED Ground","https://www.liveatc.net/play/kbed1_gnd.pls","",""
"North America","United States","Bedford","Massachusetts","Laurence G Hanscom Field Airport","KBED","BED","KBED Tower","https://www.liveatc.net/play/kbed1_twr.pls","",""
"North America","United States","Beverly","Massachusetts","Beverly Municipal Airport","KBVY","BVY","KBVY ATIS","https://www.liveatc.net/play/kbvy_atis.pls","",""
"North America","United States","Beverly","Massachusetts","Beverly Municipal Airport","KBVY","BVY","KBVY Ground","https://www.liveatc.net/play/kbvy_gnd.pls","",""
"North America","United States","Beverly","Massachusetts","Beverly Municipal Airport","KBVY","BVY","KBVY Tower #1","https://www.liveatc.net/play/kbvy.pls","",""
"North America","United States","Beverly","Massachusetts","Beverly Municipal Airport","KBVY","BVY","KBVY Tower #2","https://www.liveatc.net/play/kbvy_twr2.pls","",""
"North America","United States","Boston","Massachusetts","General Edward Lawrence Logan International Airport","KBOS","BOS","Boston App/Dep (North/High)","https://www.liveatc.net/play/kbos1_app_north.pls","",""
"North America","United States","Boston","Massachusetts","General Edward Lawrence Logan International Airport","KBOS","BOS","Boston App/Dep (South)","https://www.liveatc.net/play/kbos1_app_south.pls","",""
"North America","United States","Boston","Massachusetts","General Edward Lawrence Logan International Airport","KBOS","BOS","Boston Approach (Final Vector)","https://www.liveatc.net/play/kbos1_app_fin1.pls","",""
"North America","United States","Boston","Massachusetts","General Edward Lawrence Logan International Airport","KBOS","BOS","Boston Departure (Initial)","https://www.liveatc.net/play/kbos1_dep_133000.pls","",""
"North America","United States","Boston","Massachusetts","General Edward Lawrence Logan International Airport","KBOS","BOS","Boston Flight Watch (FSS)","https://www.liveatc.net/play/kbos_murp_fs.pls","",""
"North America","United States","Boston","Massachusetts","General Edward Lawrence Logan International Airport","KBOS","BOS","KBOS ATIS","https://www.liveatc.net/play/kbos1_atis.pls","",""
"North America","United States","Boston","Massachusetts","General Edward Lawrence Logan International Airport","KBOS","BOS","KBOS Clearance Delivery","https://www.liveatc.net/play/kbos1_del.pls","",""
"North America","United States","Boston","Massachusetts","General Edward Lawrence Logan International Airport","KBOS","BOS","KBOS Gate","https://www.liveatc.net/play/kbos1_gate.pls","",""
"North America","United States","Boston","Massachusetts","General Edward Lawrence Logan International Airport","KBOS","BOS","KBOS Ground","https://www.liveatc.net/play/kbos1_gnd_121900.pls","",""
"North America","United States","Boston","Massachusetts","General Edward Lawrence Logan International Airport","KBOS","BOS","KBOS Massport Gate","https://www.liveatc.net/play/kbos1_massportgate.pls","",""
"North America","United States","Boston","Massachusetts","General Edward Lawrence Logan International Airport","KBOS","BOS","KBOS Tower","https://www.liveatc.net/play/kbos1_twr.pls","",""
"North America","United States","Boston","Massachusetts","General Edward Lawrence Logan International Airport","KBOS","BOS","KBOS Tower (East)","https://www.liveatc.net/play/kbos1_twr_132225.pls","",""
"North America","United States","Boston","Massachusetts","General Edward Lawrence Logan International Airport","KBOS","BOS","KBOS Tower (Heli/Skyways)","https://www.liveatc.net/play/kbos1_twr_heli.pls","",""
"North America","United States","Boston","Massachusetts","General Edward Lawrence Logan International Airport","KBOS","BOS","KBOS Tower (West)","https://www.liveatc.net/play/kbos1_twr_128800.pls","",""
"North America","United States","Boston","Massachusetts","General Edward Lawrence Logan International Airport","KBOS","BOS","ZBW Boston Center (ALB22)","https://www.liveatc.net/play/kalb2_zbw_alb22.pls","",""
"North America","United States","Boston","Massachusetts","General Edward Lawrence Logan International Airport","KBOS","BOS","ZBW Boston Center (ALB22/CAM39)","https://www.liveatc.net/play/kgfl1_zbw_121350_128325.pls","",""
"North America","United States","Boston","Massachusetts","General Edward Lawrence Logan International Airport","KBOS","BOS","ZBW Boston Center (ATH38 High/CT Site)","https://www.liveatc.net/play/kbdl2_zbw_ath_hi.pls","",""
"North America","United States","Boston","Massachusetts","General Edward Lawrence Logan International Airport","KBOS","BOS","ZBW Boston Center (ATH38/NY)","https://www.liveatc.net/play/kgfl1_zbw_135325.pls","",""
"North America","United States","Boston","Massachusetts","General Edward Lawrence Logan International Airport","KBOS","BOS","ZBW Boston Center (BOS46 High) #1","https://www.liveatc.net/play/zbw_bos46_nh.pls","",""
"North America","United States","Boston","Massachusetts","General Edward Lawrence Logan International Airport","KBOS","BOS","ZBW Boston Center (BOS46 High) #2","https://www.liveatc.net/play/zbw_bos46_nh_both.pls","",""
"North America","United States","Boston","Massachusetts","General Edward Lawrence Logan International Airport","KBOS","BOS","ZBW Boston Center (BOS46 High) #2","https://www.liveatc.net/play/kbdl2_zbw_bos_hi.pls","",""
"North America","United States","Boston","Massachusetts","General Edward Lawrence Logan International Airport","KBOS","BOS","ZBW Boston Center (BOS47 Low)","https://www.liveatc.net/play/kbdl2_zbw_bos_low.pls","",""
"North America","United States","Boston","Massachusetts","General Edward Lawrence Logan International Airport","KBOS","BOS","ZBW Boston Center (CAM39)","https://www.liveatc.net/play/kgfl1_zbw_128325.pls","",""
"North America","United States","Boston","Massachusetts","General Edward Lawrence Logan International Airport","KBOS","BOS","ZBW Boston Center (CANAN21/BOS46)","https://www.liveatc.net/play/zbw_can21_bos46.pls","",""
"North America","United States","Boston","Massachusetts","General Edward Lawrence Logan International Airport","KBOS","BOS","ZBW Boston Center (CON37)","https://www.liveatc.net/play/zbw_con.pls","",""
"North America","United States","Boston","Massachusetts","General Edward Lawrence Logan International Airport","KBOS","BOS","ZBW Boston Center (GDM36)","https://www.liveatc.net/play/zbw_gdm.pls","",""
"North America","United States","Boston","Massachusetts","General Edward Lawrence Logan International Airport","KBOS","BOS","ZBW Boston Center (GDM36) #2","https://www.liveatc.net/play/zbw_gdm_nh.pls","",""
"North America","United States","Boston","Massachusetts","General Edward Lawrence Logan International Airport","KBOS","BOS","ZBW Boston Center (GDM36/CON37) #1","https://www.liveatc.net/play/zbw_gdm_con.pls","",""
"North America","United States","Boston","Massachusetts","General Edward Lawrence Logan International Airport","KBOS","BOS","ZBW Boston Center (IGN20)","https://www.liveatc.net/play/zbw20_hvn.pls","",""
"North America","United States","Boston","Massachusetts","General Edward Lawrence Logan International Airport","KBOS","BOS","ZBW Boston Center (MPV52/PLB53) #1","https://www.liveatc.net/play/zbw_mpv.pls","",""
"North America","United States","Boston","Massachusetts","General Edward Lawrence Logan International Airport","KBOS","BOS","ZBW Boston Center (MPV52/PLB53) #2","https://www.liveatc.net/play/zbw_mpv2.pls","",""
"North America","United States","Boston","Massachusetts","General Edward Lawrence Logan International Airport","KBOS","BOS","ZBW Boston Center (PVD34 Low)","https://www.liveatc.net/play/kbdl2_zbw_pvd_low.pls","",""
"North America","United States","Boston","Massachusetts","General Edward Lawrence Logan International Airport","KBOS","BOS","ZBW Boston Center (PWL06)","https://www.liveatc.net/play/zbw06_hvn.pls","",""
"North America","United States","Boston","Massachusetts","General Edward Lawrence Logan International Airport","KBOS","BOS","ZBW Boston Center (RKA10)","https://www.liveatc.net/play/zbw_remsen.pls","",""
"North America","United States","Boston","Massachusetts","General Edward Lawrence Logan International Airport","KBOS","BOS","ZBW Boston Center (UCA09/ART08)","https://www.liveatc.net/play/zbw_turin.pls","",""
"North America","United States","Chatham","Massachusetts","Chatham Municipal Airport","KCQX","CQX","5B6/KCQX/KPVC CTAF","https://www.liveatc.net/play/khya2_122800.pls","",""
"North America","United States","Falmouth","Massachusetts","Cape Cod Coast Guard Air Station","KFMH","FMH","Boston Approach (Cape North) #1","https://www.liveatc.net/play/kfmh1_app.pls","",""
"North America","United States","Falmouth","Massachusetts","Cape Cod Coast Guard Air Station","KFMH","FMH","Boston Approach (OTIS Arrival)","https://www.liveatc.net/play/kfmh1_app2.pls","",""
"North America","United States","Falmouth","Massachusetts","Cape Cod Coast Guard Air Station","KFMH","FMH","KFMH ATIS","https://www.liveatc.net/play/kfmh1_atis.pls","",""
"North America","United States","Falmouth","Massachusetts","Cape Cod Coast Guard Air Station","KFMH","FMH","KFMH Ground","https://www.liveatc.net/play/kfmh1_gnd.pls","",""
"North America","United States","Falmouth","Massachusetts","Cape Cod Coast Guard Air Station","KFMH","FMH","KFMH Tower","https://www.liveatc.net/play/kfmh1_twr.pls","",""
"North America","United States","Falmouth","Massachusetts","Cape Cod Coast Guard Air Station","KFMH","FMH","ZBW Cape Sector #1","https://www.liveatc.net/play/kfmh1_zbw_cape.pls","",""
"North America","United States","Falmouth","Massachusetts","Cape Cod Coast Guard Air Station","KFMH","FMH","ZNY JOBOC Sector","https://www.liveatc.net/play/kfmh1_zny_joboc.pls","",""
"North America","United States","Fitchburg","Massachusetts","Fitchburg Municipal Airport","KFIT","FIT","KCON/KDAW/KFIT CTAF","https://www.liveatc.net/play/kmht_murp_122700.pls","",""
"North America","United States","Gardner","Massachusetts","Gardner Municipal Airport","KGDM","GDM","KGDM/KORE CTAF","https://www.liveatc.net/play/kgdm.pls","","KFIT"
"North America","United States","Hyannis","Massachusetts","Cape Cod Gateway Airport","KHYA","HYA","Boston Approach (Cape North) #1","https://www.liveatc.net/play/kfmh1_app.pls","",""
"North America","United States","Hyannis","Massachusetts","Cape Cod Gateway Airport","KHYA","HYA","Boston Approach (Cape North) #2","https://www.liveatc.net/play/khya2_app.pls","",""
"North America","United States","Hyannis","Massachusetts","Cape Cod Gateway Airport","KHYA","HYA","KHYA ATIS","https://www.liveatc.net/play/khya2_atis.pls","",""
"North America","United States","Hyannis","Massachusetts","Cape Cod Gateway Airport","KHYA","HYA","KHYA Emergency/Guard","https://www.liveatc.net/play/khya2_121500.pls","",""
"North America","United States","Hyannis","Massachusetts","Cape Cod Gateway Airport","KHYA","HYA","KHYA Gnd/Twr","https://www.liveatc.net/play/khya2_gnd_twr.pls","",""
"North America","United States","Hyannis","Massachusetts","Cape Cod Gateway Airport","KHYA","HYA","KHYA Ground","https://www.liveatc.net/play/khya2_gnd.pls","",""
"North America","United States","Hyannis","Massachusetts","Cape Cod Gateway Airport","KHYA","HYA","KHYA Tower","https://www.liveatc.net/play/khya2_twr.pls","",""
"North America","United States","Hyannis","Massachusetts","Cape Cod Gateway Airport","KHYA","HYA","ZBW Boston Center (ACK17)","https://www.liveatc.net/play/khya2_zbw.pls","",""
"North America","United States","Lawrence","Massachusetts","Lawrence Municipal Airport","KLWM","LWM","KLWM ATIS","https://www.liveatc.net/play/klwm_atis.pls","",""
"North America","United States","Lawrence","Massachusetts","Lawrence Municipal Airport","KLWM","LWM","KLWM Clearance Delivery (Night)","https://www.liveatc.net/play/klwm_del.pls","",""
"North America","United States","Lawrence","Massachusetts","Lawrence Municipal Airport","KLWM","LWM","KLWM Ground","https://www.liveatc.net/play/klwm_gnd.pls","",""
"North America","United States","Lawrence","Massachusetts","Lawrence Municipal Airport","KLWM","LWM","KLWM Ground/Tower","https://www.liveatc.net/play/klwm.pls","",""
"North America","United States","Lawrence","Massachusetts","Lawrence Municipal Airport","KLWM","LWM","KLWM Tower #1","https://www.liveatc.net/play/klwm_twr.pls","",""
"North America","United States","Lawrence","Massachusetts","Lawrence Municipal Airport","KLWM","LWM","KLWM Tower #2","https://www.liveatc.net/play/klwm2_murp_twr.pls","",""
"North America","United States","Nantucket","Massachusetts","Nantucket Memorial Airport","KACK","ACK","KACK App/Dep","https://www.liveatc.net/play/kack_app.pls","",""
"North America","United States","Nantucket","Massachusetts","Nantucket Memorial Airport","KACK","ACK","KACK ATIS","https://www.liveatc.net/play/kack_atis.pls","",""
"North America","United States","Nantucket","Massachusetts","Nantucket Memorial Airport","KACK","ACK","KACK Del/Gnd/Twr","https://www.liveatc.net/play/kack_del_gnd.pls","",""
"North America","United States","Nantucket","Massachusetts","Nantucket Memorial Airport","KACK","ACK","KACK Tower","https://www.liveatc.net/play/kack.pls","",""
"North America","United States","Norwood","Massachusetts","Norwood Municipal Airport","KOWD","OWD","KOWD Ground/Tower","https://www.liveatc.net/play/kowd2.pls","",""
"North America","United States","Orange","Massachusetts","Orange Municipal Airport","KORE","ORE","KGDM/KORE CTAF","https://www.liveatc.net/play/kgdm.pls","",""
"North America","United States","Orange","Massachusetts","Orange Municipal Airport","KORE","ORE","MA/NH CTAF 122.8","https://www.liveatc.net/play/kmht_murp_122800.pls","",""
"North America","United States","Provincetown","Massachusetts","Provincetown Municipal Airport","KPVC","PVC","5B6/KCQX/KPVC CTAF","https://www.liveatc.net/play/khya2_122800.pls","",""
"North America","United States","Springfield/Chicopee","Massachusetts","Westover Air Reserve Base/Metropolitan Airport","KCEF","CEF","KBAF/KCEF Tower","https://www.liveatc.net/play/kbaf1_twr.pls","",""
"North America","United States","Vineyard Haven","Massachusetts","Martha's Vineyard Airport","KMVY","MVY","KMVY Twr/App","https://www.liveatc.net/play/kmvy_twrapp.pls","",""
"North America","United States","Westfield/Springfield","Massachusetts","Barnes Municipal Airport","KBAF","BAF","KBAF ATIS","https://www.liveatc.net/play/kbaf1_atis.pls","",""
"North America","United States","Westfield/Springfield","Massachusetts","Barnes Municipal Airport","KBAF","BAF","KBAF Ground","https://www.liveatc.net/play/kbaf1_gnd.pls","",""
"North America","United States","Westfield/Springfield","Massachusetts","Barnes Municipal Airport","KBAF","BAF","KBAF Ground/Tower","https://www.liveatc.net/play/kbaf1_gnd_twr.pls","",""
"North America","United States","Westfield/Springfield","Massachusetts","Barnes Municipal Airport","KBAF","BAF","KBAF/KCEF Tower","https://www.liveatc.net/play/kbaf1_twr.pls","",""
"North America","United States","Worcester","Massachusetts","Worcester Regional Airport","KORH","ORH","KORH ATIS","https://www.liveatc.net/play/korh_murp_atis.pls","",""
"North America","United States","Worcester","Massachusetts","Worcester Regional Airport","KORH","ORH","KORH Bradley App/Dep","https://www.liveatc.net/play/korh_murp_app.pls","",""
"North America","United States","Worcester","Massachusetts","Worcester Regional Airport","KORH","ORH","KORH Tower","https://www.liveatc.net/play/korh_murp_twr.pls","",""
"North America","United States","Ann Arbor","Michigan","Ann Arbor Municipal Airport","KARB","ARB","KARB ATIS","https://www.liveatc.net/play/karb2_atis.pls","",""
"North America","United States","Ann Arbor","Michigan","Ann Arbor Municipal Airport","KARB","ARB","KARB Gnd/Twr","https://www.liveatc.net/play/karb2_gnd_twr.pls","",""
"North America","United States","Ann Arbor","Michigan","Ann Arbor Municipal Airport","KARB","ARB","KARB Ground","https://www.liveatc.net/play/karb2_gnd.pls","",""
"North America","United States","Ann Arbor","Michigan","Ann Arbor Municipal Airport","KARB","ARB","KARB Tower","https://www.liveatc.net/play/karb2_twr2.pls","",""
"North America","United States","Detroit","Michigan","Detroit Metropolitan Wayne County Airport","KDTW","DTW","Detroit Approach (Arrival East)","https://www.liveatc.net/play/kdtw_app_125150.pls","",""
"North America","United States","Detroit","Michigan","Detroit Metropolitan Wayne County Airport","KDTW","DTW","Detroit Approach (Arrival West)","https://www.liveatc.net/play/kdtw_app_124050.pls","",""
"North America","United States","Detroit","Michigan","Detroit Metropolitan Wayne County Airport","KDTW","DTW","Detroit Approach (Feeder East)","https://www.liveatc.net/play/kdtw_app_126225.pls","",""
"North America","United States","Detroit","Michigan","Detroit Metropolitan Wayne County Airport","KDTW","DTW","Detroit Approach (Feeder West)","https://www.liveatc.net/play/kdtw_app_124975.pls","",""
"North America","United States","Detroit","Michigan","Detroit Metropolitan Wayne County Airport","KDTW","DTW","Detroit Approach (Final Monitor East)","https://www.liveatc.net/play/kdtw_app_135775.pls","",""
"North America","United States","Detroit","Michigan","Detroit Metropolitan Wayne County Airport","KDTW","DTW","Detroit Approach (Final Monitor West)","https://www.liveatc.net/play/kdtw_app_127050.pls","",""
"North America","United States","Detroit","Michigan","Detroit Metropolitan Wayne County Airport","KDTW","DTW","Detroit Approach (Satellite North)","https://www.liveatc.net/play/kdtw_app_132350.pls","",""
"North America","United States","Detroit","Michigan","Detroit Metropolitan Wayne County Airport","KDTW","DTW","Detroit Departure (East)","https://www.liveatc.net/play/kdtw_dep_132025.pls","",""
"North America","United States","Detroit","Michigan","Detroit Metropolitan Wayne County Airport","KDTW","DTW","Detroit Departure (Satellite East)","https://www.liveatc.net/play/kdtw_dep_134300.pls","",""
"North America","United States","Detroit","Michigan","Detroit Metropolitan Wayne County Airport","KDTW","DTW","Detroit Departure (Satellite West)","https://www.liveatc.net/play/kdtw_dep_118950.pls","",""
"North America","United States","Detroit","Michigan","Detroit Metropolitan Wayne County Airport","KDTW","DTW","Detroit Departure (West)","https://www.liveatc.net/play/kdtw_dep_125525.pls","",""
"North America","United States","Detroit","Michigan","Detroit Metropolitan Wayne County Airport","KDTW","DTW","KDTW ATIS (Arrival)","https://www.liveatc.net/play/kdtw_atis_133675.pls","",""
"North America","United States","Detroit","Michigan","Detroit Metropolitan Wayne County Airport","KDTW","DTW","KDTW ATIS (Departure)","https://www.liveatc.net/play/kdtw_atis_118125.pls","",""
"North America","United States","Detroit","Michigan","Detroit Metropolitan Wayne County Airport","KDTW","DTW","KDTW Clearance Delivery","https://www.liveatc.net/play/kdtw_del_120650.pls","",""
"North America","United States","Detroit","Michigan","Detroit Metropolitan Wayne County Airport","KDTW","DTW","KDTW Emergency/Guard","https://www.liveatc.net/play/kdtw_guard.pls","",""
"North America","United States","Detroit","Michigan","Detroit Metropolitan Wayne County Airport","KDTW","DTW","KDTW Ground","https://www.liveatc.net/play/kdtw_gnd.pls","",""
"North America","United States","Detroit","Michigan","Detroit Metropolitan Wayne County Airport","KDTW","DTW","KDTW Ground (NE)","https://www.liveatc.net/play/kdtw_gnd_119450.pls","",""
"North America","United States","Detroit","Michigan","Detroit Metropolitan Wayne County Airport","KDTW","DTW","KDTW Ground (NW)","https://www.liveatc.net/play/kdtw_gnd_121800.pls","",""
"North America","United States","Detroit","Michigan","Detroit Metropolitan Wayne County Airport","KDTW","DTW","KDTW Ground (SE)","https://www.liveatc.net/play/kdtw_gnd_119250.pls","",""
"North America","United States","Detroit","Michigan","Detroit Metropolitan Wayne County Airport","KDTW","DTW","KDTW Ground/Tower","https://www.liveatc.net/play/kdtw_s2.pls","",""
"North America","United States","Detroit","Michigan","Detroit Metropolitan Wayne County Airport","KDTW","DTW","KDTW Tower","https://www.liveatc.net/play/kdtw_twr.pls","",""
"North America","United States","Detroit","Michigan","Detroit Metropolitan Wayne County Airport","KDTW","DTW","KDTW Tower (Rwy 3L/21R, 27L)","https://www.liveatc.net/play/kdtw_twr_128750.pls","",""
"North America","United States","Detroit","Michigan","Detroit Metropolitan Wayne County Airport","KDTW","DTW","KDTW Tower (Rwy 3R/21L, 27R)","https://www.liveatc.net/play/kdtw_twr_118400.pls","",""
"North America","United States","Detroit","Michigan","Detroit Metropolitan Wayne County Airport","KDTW","DTW","KDTW Tower (Rwy 4L/22R)","https://www.liveatc.net/play/kdtw_twr_135000.pls","",""
"North America","United States","Detroit","Michigan","Detroit Metropolitan Wayne County Airport","KDTW","DTW","KDTW Tower (Rwy 4R/22L)","https://www.liveatc.net/play/kdtw_twr_128125.pls","",""
"North America","United States","Detroit","Michigan","Willow Run Airport","KYIP","YIP","Detroit Approach (SW Class B)","https://www.liveatc.net/play/kyip_app_118950.pls","",""
"North America","United States","Detroit","Michigan","Willow Run Airport","KYIP","YIP","KYIP ATIS","https://www.liveatc.net/play/kyip_atis.pls","",""
"North America","United States","Detroit","Michigan","Willow Run Airport","KYIP","YIP","KYIP Ground","https://www.liveatc.net/play/kyip_gnd.pls","",""
"North America","United States","Detroit","Michigan","Willow Run Airport","KYIP","YIP","KYIP Tower","https://www.liveatc.net/play/kyip_twr.pls","",""
"North America","United States","Grand Rapids","Michigan","Gerald R. Ford International Airport","KGRR","GRR","KGRR App/Dep","https://www.liveatc.net/play/kgrr2_2_app.pls","",""
"North America","United States","Grand Rapids","Michigan","Gerald R. Ford International Airport","KGRR","GRR","KGRR App/Dep (South)","https://www.liveatc.net/play/kgrr2_2_app_s.pls","",""
"North America","United States","Grand Rapids","Michigan","Gerald R. Ford International Airport","KGRR","GRR","KGRR Clearance Delivery","https://www.liveatc.net/play/kgrr2_2_del.pls","",""
"North America","United States","Grand Rapids","Michigan","Gerald R. Ford International Airport","KGRR","GRR","KGRR Del/Gnd/Twr","https://www.liveatc.net/play/kgrr2_2_del_gnd_twr.pls","",""
"North America","United States","Grand Rapids","Michigan","Gerald R. Ford International Airport","KGRR","GRR","KGRR Emergency/Guard","https://www.liveatc.net/play/kgrr2_2_guard.pls","",""
"North America","United States","Grand Rapids","Michigan","Gerald R. Ford International Airport","KGRR","GRR","KGRR Gnd/Twr/App","https://www.liveatc.net/play/kgrr2_2_gnd_twr_app.pls","",""
"North America","United States","Grand Rapids","Michigan","Gerald R. Ford International Airport","KGRR","GRR","KGRR Ground","https://www.liveatc.net/play/kgrr2_2_gnd.pls","",""
"North America","United States","Grand Rapids","Michigan","Gerald R. Ford International Airport","KGRR","GRR","KGRR Tower","https://www.liveatc.net/play/kgrr2_2_twr.pls","",""
"North America","United States","Grand Rapids","Michigan","Gerald R. Ford International Airport","KGRR","GRR","ZAU Sector 22","https://www.liveatc.net/play/kgrr2_2_zau22.pls","",""
"North America","United States","Grand Rapids","Michigan","Gerald R. Ford International Airport","KGRR","GRR","ZAU Sector 25","https://www.liveatc.net/play/kgrr2_2_zau25.pls","",""
"North America","United States","Jackson","Michigan","Jackson County Airport-Reynolds Field","KJXN","JXN","KJXN Gnd/Twr/UNICOM","https://www.liveatc.net/play/kjxn2_twrgnd.pls","",""
"North America","United States","Lansing","Michigan","Capital Region International Airport","KLAN","LAN","KLAN Del/Gnd/Twr/App","https://www.liveatc.net/play/klan.pls","",""
"North America","United States","Mount Clemens","Michigan","Selfridge Air National Guard Base","KMTC","MTC","KMTC App/Dep","https://www.liveatc.net/play/kmtc1_app.pls","",""
"North America","United States","Mount Clemens","Michigan","Selfridge Air National Guard Base","KMTC","MTC","KMTC ATIS","https://www.liveatc.net/play/kmtc1_atis.pls","",""
"North America","United States","Mount Clemens","Michigan","Selfridge Air National Guard Base","KMTC","MTC","KMTC Ground/Tower","https://www.liveatc.net/play/kmtc1_gnd_twr.pls","",""
"North America","United States","Mount Clemens","Michigan","Selfridge Air National Guard Base","KMTC","MTC","ZOB Sector 19 Gamble Hi","https://www.liveatc.net/play/zob_alg1_gambshi.pls","",""
"North America","United States","Mount Clemens","Michigan","Selfridge Air National Guard Base","KMTC","MTC","ZOB Sector 20 Dresden Low","https://www.liveatc.net/play/zob_alg1_dresdlo.pls","",""
"North America","United States","Mount Clemens","Michigan","Selfridge Air National Guard Base","KMTC","MTC","ZOB Sector 26 Lake Hi","https://www.liveatc.net/play/zob_alg1_lakehi.pls","",""
"North America","United States","Mount Clemens","Michigan","Selfridge Air National Guard Base","KMTC","MTC","ZOB Sector 27 Hudson Hi","https://www.liveatc.net/play/zob_alg1_hudhi.pls","",""
"North America","United States","Muskegon","Michigan","Muskegon County Airport","KMKG","MKG","KMKG App/Dep (North)","https://www.liveatc.net/play/kmkg3_app_n.pls","",""
"North America","United States","Muskegon","Michigan","Muskegon County Airport","KMKG","MKG","KMKG App/Dep (North/South)","https://www.liveatc.net/play/kmkg3_app.pls","",""
"North America","United States","Muskegon","Michigan","Muskegon County Airport","KMKG","MKG","KMKG App/Dep (South)","https://www.liveatc.net/play/kmkg3_app_s.pls","",""
"North America","United States","Muskegon","Michigan","Muskegon County Airport","KMKG","MKG","KMKG ATIS","https://www.liveatc.net/play/kmkg3_atis.pls","",""
"North America","United States","Muskegon","Michigan","Muskegon County Airport","KMKG","MKG","KMKG Emergency/Guard","https://www.liveatc.net/play/kmkg3_guard.pls","",""
"North America","United States","Muskegon","Michigan","Muskegon County Airport","KMKG","MKG","KMKG Ground","https://www.liveatc.net/play/kmkg3_gnd.pls","",""
"North America","United States","Muskegon","Michigan","Muskegon County Airport","KMKG","MKG","KMKG Ground/Tower","https://www.liveatc.net/play/kmkg3_gnd_twr.pls","",""
"North America","United States","Muskegon","Michigan","Muskegon County Airport","KMKG","MKG","KMKG Tower","https://www.liveatc.net/play/kmkg3_twr.pls","",""
"North America","United States","Muskegon","Michigan","Muskegon County Airport","KMKG","MKG","KMKG UNICOM","https://www.liveatc.net/play/kmkg3_unicom.pls","",""
"North America","United States","Muskegon","Michigan","Muskegon County Airport","KMKG","MKG","ZAU Sectors 24/25","https://www.liveatc.net/play/kmkg3_zau.pls","",""
"North America","United States","Pontiac","Michigan","Oakland County International Airport","KPTK","PTK","KPTK App/Dep","https://www.liveatc.net/play/kptk1_app.pls","",""
"North America","United States","Pontiac","Michigan","Oakland County International Airport","KPTK","PTK","KPTK ATIS","https://www.liveatc.net/play/kptk1_atis.pls","",""
"North America","United States","Pontiac","Michigan","Oakland County International Airport","KPTK","PTK","KPTK Del/Gnd/App","https://www.liveatc.net/play/kptk1_del_gnd.pls","",""
"North America","United States","Pontiac","Michigan","Oakland County International Airport","KPTK","PTK","KPTK Del/Gnd/Twr/App","https://www.liveatc.net/play/kptk1_gnd_twr.pls","",""
"North America","United States","Pontiac","Michigan","Oakland County International Airport","KPTK","PTK","KPTK Tower #1","https://www.liveatc.net/play/kptk1_twr.pls","",""
"North America","United States","Traverse City","Michigan","Cherry Capital Airport","KTVC","TVC","KTVC Ground/Tower/Center","https://www.liveatc.net/play/ktvc2_all.pls","",""
"North America","United States","Troy","Michigan","Oakland/Troy Airport","KVLL","VLL","KMTC Area CTAF","https://www.liveatc.net/play/kmtc1_area_ctaf.pls","",""
"North America","United States","Bemidji","Minnesota","Bemidji Regional Airport","KBJI","BJI","KBJI CTAF/ZMP","https://www.liveatc.net/play/kbji.pls","",""
"North America","United States","Duluth","Minnesota","Duluth International Airport","KDLH","DLH","KDLH Gnd/Twr/App","https://www.liveatc.net/play/kdlh1.pls","",""
"North America","United States","Duluth","Minnesota","Duluth International Airport","KDLH","DLH","ZMP Sector 25/DLH ANG","https://www.liveatc.net/play/kdlh2.pls","",""
"North America","United States","International Falls","Minnesota","Falls International Airport-Einarson Field","KINL","INL","KINL CTAF/FSS/Center","https://www.liveatc.net/play/kinl1_all.pls","",""
"North America","United States","International Falls","Minnesota","Falls International Airport-Einarson Field","KINL","INL","KINL Princeton Radio FSS","https://www.liveatc.net/play/kinl1_radio.pls","",""
"North America","United States","International Falls","Minnesota","Falls International Airport-Einarson Field","KINL","INL","KINL/CYAG CTAF","https://www.liveatc.net/play/kinl1_ctaf.pls","",""
"North America","United States","Minneapolis","Minnesota","Anoka County-Blaine Airport (Janes Field)","KANE","ANE","KANE Twr/CTAF","https://www.liveatc.net/play/kane.pls","",""
"North America","United States","Minneapolis","Minnesota","Flying Cloud Airport","KFCM","FCM","KFCM Tower","https://www.liveatc.net/play/kfcm2.pls","",""
"North America","United States","Minneapolis","Minnesota","Flying Cloud Airport","KFCM","FCM","KMSP Approach (FCM Satellite)","https://www.liveatc.net/play/kmsp4_app_134700.pls","",""
"North America","United States","Minneapolis","Minnesota","Crystal Airport","KMIC","MIC","KMIC ATIS","https://www.liveatc.net/play/kmic2_atis.pls","",""
"North America","United States","Minneapolis","Minnesota","Crystal Airport","KMIC","MIC","KMIC Emergency/Guard","https://www.liveatc.net/play/kmic2_guard.pls","",""
"North America","United States","Minneapolis","Minnesota","Crystal Airport","KMIC","MIC","KMIC Ground","https://www.liveatc.net/play/kmic2_gnd.pls","",""
"North America","United States","Minneapolis","Minnesota","Crystal Airport","KMIC","MIC","KMIC Ground/Tower","https://www.liveatc.net/play/kmic2_gnd_twr.pls","",""
"North America","United States","Minneapolis","Minnesota","Crystal Airport","KMIC","MIC","KMIC Tower/CTAF","https://www.liveatc.net/play/kmic2_twr.pls","",""
"North America","United States","Minneapolis","Minnesota","Minneapolis-St Paul International/Wold-Chamberlain Airport","KMSP","MSP","KMSP Approach (FCM Satellite)","https://www.liveatc.net/play/kmsp4_app_134700.pls","",""
"North America","United States","Minneapolis","Minnesota","Minneapolis-St Paul International/Wold-Chamberlain Airport","KMSP","MSP","KMSP Approach (Feeder North)","https://www.liveatc.net/play/kmsp3_app_feed_n.pls","",""
"North America","United States","Minneapolis","Minnesota","Minneapolis-St Paul International/Wold-Chamberlain Airport","KMSP","MSP","KMSP Approach (Feeder South)","https://www.liveatc.net/play/kmsp4_app_feed_s.pls","",""
"North America","United States","Minneapolis","Minnesota","Minneapolis-St Paul International/Wold-Chamberlain Airport","KMSP","MSP","KMSP Approach (Final Rwy 17/35)","https://www.liveatc.net/play/kmsp3_app_fin_1735.pls","",""
"North America","United States","Minneapolis","Minnesota","Minneapolis-St Paul International/Wold-Chamberlain Airport","KMSP","MSP","KMSP Approach (North Low)","https://www.liveatc.net/play/kmsp3_app_n_low.pls","",""
"North America","United States","Minneapolis","Minnesota","Minneapolis-St Paul International/Wold-Chamberlain Airport","KMSP","MSP","KMSP Approach (North/East)","https://www.liveatc.net/play/kmsp3_app_ne.pls","",""
"North America","United States","Minneapolis","Minnesota","Minneapolis-St Paul International/Wold-Chamberlain Airport","KMSP","MSP","KMSP Approach (South/West)","https://www.liveatc.net/play/kmsp3_app_sw.pls","",""
"North America","United States","Minneapolis","Minnesota","Minneapolis-St Paul International/Wold-Chamberlain Airport","KMSP","MSP","KMSP Approach (STP Satellite)","https://www.liveatc.net/play/kmsp3_app_121200.pls","",""
"North America","United States","Minneapolis","Minnesota","Minneapolis-St Paul International/Wold-Chamberlain Airport","KMSP","MSP","KMSP ATIS (Arrival)","https://www.liveatc.net/play/kmsp4_atis_arr.pls","",""
"North America","United States","Minneapolis","Minnesota","Minneapolis-St Paul International/Wold-Chamberlain Airport","KMSP","MSP","KMSP ATIS (Departure)","https://www.liveatc.net/play/kmsp3_atis_dep.pls","",""
"North America","United States","Minneapolis","Minnesota","Minneapolis-St Paul International/Wold-Chamberlain Airport","KMSP","MSP","KMSP Clearance Delivery","https://www.liveatc.net/play/kmsp4_del.pls","",""
"North America","United States","Minneapolis","Minnesota","Minneapolis-St Paul International/Wold-Chamberlain Airport","KMSP","MSP","KMSP Departure (North/East)","https://www.liveatc.net/play/kmsp3_dep_ne.pls","",""
"North America","United States","Minneapolis","Minnesota","Minneapolis-St Paul International/Wold-Chamberlain Airport","KMSP","MSP","KMSP Departure (South/West)","https://www.liveatc.net/play/kmsp4_dep_se.pls","",""
"North America","United States","Minneapolis","Minnesota","Minneapolis-St Paul International/Wold-Chamberlain Airport","KMSP","MSP","KMSP Emergency/Guard","https://www.liveatc.net/play/kmsp3_guard.pls","",""
"North America","United States","Minneapolis","Minnesota","Minneapolis-St Paul International/Wold-Chamberlain Airport","KMSP","MSP","KMSP Ground (North)","https://www.liveatc.net/play/kmsp3_gnd_n.pls","",""
"North America","United States","Minneapolis","Minnesota","Minneapolis-St Paul International/Wold-Chamberlain Airport","KMSP","MSP","KMSP Ground (South)","https://www.liveatc.net/play/kmsp3_gnd_s.pls","",""
"North America","United States","Minneapolis","Minnesota","Minneapolis-St Paul International/Wold-Chamberlain Airport","KMSP","MSP","KMSP Ground (West)","https://www.liveatc.net/play/kmsp3_gnd_w.pls","",""
"North America","United States","Minneapolis","Minnesota","Minneapolis-St Paul International/Wold-Chamberlain Airport","KMSP","MSP","KMSP Metering","https://www.liveatc.net/play/kmsp4_meter.pls","",""
"North America","United States","Minneapolis","Minnesota","Minneapolis-St Paul International/Wold-Chamberlain Airport","KMSP","MSP","KMSP Tower (Rwy 12L/30R)","https://www.liveatc.net/play/kmsp3_twr_12l.pls","https://youtu.be/eTYkJM4natY",""
"North America","United States","Minneapolis","Minnesota","Minneapolis-St Paul International/Wold-Chamberlain Airport","KMSP","MSP","KMSP Tower (Rwy 17/35)","https://www.liveatc.net/play/kmsp3_twr_1735.pls","https://youtu.be/eTYkJM4natY",""
"North America","United States","Minneapolis","Minnesota","Minneapolis-St Paul International/Wold-Chamberlain Airport","KMSP","MSP","KMSP Tower (Rwys 12R/30L,4/22)","https://www.liveatc.net/play/kmsp3_twr_12r.pls","https://youtu.be/eTYkJM4natY",""
"North America","United States","Preston","Minnesota","Fillmore County Airport","KFKA","FKA","KFKA CTAF","https://www.liveatc.net/play/kfka.pls","",""
"North America","United States","Rochester","Minnesota","Rochester International Airport","KRST","RST","KRST Gnd/Twr/App","https://www.liveatc.net/play/krst2.pls","",""
"North America","United States","Saint Paul","Minnesota","St. Paul Downtown Airport / Holman Field","KSTP","STP","KSTP Tower","https://www.liveatc.net/play/kmsp3_kstp_twr.pls","",""
"North America","United States","Gulfport","Mississippi","Gulfport-Biloxi International Airport","KGPT","GPT","KGPT Gnd/Twr/App","https://www.liveatc.net/play/kgpt2.pls","",""
"North America","United States","Jackson","Mississippi","Jackson-Medgar Wiley Evers International Airport","KJAN","JAN","KJAN Gnd/Twr/App/Dep","https://www.liveatc.net/play/kjan.pls","",""
"North America","United States","Cape Girardeau","Missouri","Cape Girardeau Regional Airport","KCGI","CGI","KCGI Tower","https://www.liveatc.net/play/kcgi.pls","",""
"North America","United States","Columbia","Missouri","Columbia Regional Airport","KCOU","COU","Kansas City Center (Sector 30 Hallsville High)","https://www.liveatc.net/play/kcou2_zkc_119475.pls","",""
"North America","United States","Columbia","Missouri","Columbia Regional Airport","KCOU","COU","KCOU Ground","https://www.liveatc.net/play/kcou2_gnd.pls","",""
"North America","United States","Columbia","Missouri","Columbia Regional Airport","KCOU","COU","KCOU Tower","https://www.liveatc.net/play/kcou2_twr.pls","",""
"North America","United States","Columbia","Missouri","Columbia Regional Airport","KCOU","COU","KCOU UNICOM","https://www.liveatc.net/play/kcou2_unicom.pls","",""
"North America","United States","Columbia","Missouri","Columbia Regional Airport","KCOU","COU","Mizzu Approach","https://www.liveatc.net/play/kcou2_app.pls","",""
"North America","United States","Joplin","Missouri","Joplin Regional Airport","KJLN","JLN","KJLN ATIS","https://www.liveatc.net/play/kjln2_atis.pls","",""
"North America","United States","Joplin","Missouri","Joplin Regional Airport","KJLN","JLN","KJLN Ground","https://www.liveatc.net/play/kjln2_gnd.pls","",""
"North America","United States","Joplin","Missouri","Joplin Regional Airport","KJLN","JLN","KJLN Ground/Tower","https://www.liveatc.net/play/kjln2_gnd_twr.pls","",""
"North America","United States","Joplin","Missouri","Joplin Regional Airport","KJLN","JLN","KJLN Tower","https://www.liveatc.net/play/kjln2_twr.pls","",""
"North America","United States","Joplin","Missouri","Joplin Regional Airport","KJLN","JLN","ZKC72 VINTA Low","https://www.liveatc.net/play/zkc_kjln2.pls","",""
"North America","United States","Kansas City","Missouri","Kansas City International Airport","KMCI","MCI","KMCI App/Dep","https://www.liveatc.net/play/kmci1_app.pls","",""
"North America","United States","Kansas City","Missouri","Kansas City International Airport","KMCI","MCI","KMCI Del/Gnd/Twr","https://www.liveatc.net/play/kmci1_local.pls","",""
"North America","United States","Kansas City","Missouri","Kansas City International Airport","KMCI","MCI","KMCI Del/Gnd/Twr/App","https://www.liveatc.net/play/kmci1.pls","",""
"North America","United States","Kansas City","Missouri","Kansas City International Airport","KMCI","MCI","ZKC Kansas City Center (26)","https://www.liveatc.net/play/zkc_mci.pls","",""
"North America","United States","Kansas City","Missouri","Charles B. Wheeler Downtown Airport","KMKC","MKC","KMKC ATIS","https://www.liveatc.net/play/kmkc_atis.pls","",""
"North America","United States","Kansas City","Missouri","Charles B. Wheeler Downtown Airport","KMKC","MKC","KMKC Ground","https://www.liveatc.net/play/kmkc_gnd.pls","",""
"North America","United States","Kansas City","Missouri","Charles B. Wheeler Downtown Airport","KMKC","MKC","KMKC Tower","https://www.liveatc.net/play/kmkc_twr.pls","",""
"North America","United States","Lee's Summit","Missouri","Lee's Summit Municipal Airport","KLXT","","KLXT AWOS","https://www.liveatc.net/play/klxt_awos.pls","",""
"North America","United States","Lee's Summit","Missouri","Lee's Summit Municipal Airport","KLXT","","KLXT CTAF","https://www.liveatc.net/play/klxt_ctaf.pls","",""
"North America","United States","Springfield","Missouri","Springfield Branson National Airport","KSGF","SGF","KSGF Approach (East) #1","https://www.liveatc.net/play/ksgf2_app_121100.pls","",""
"North America","United States","Springfield","Missouri","Springfield Branson National Airport","KSGF","SGF","KSGF Approach (West/Primary) #1","https://www.liveatc.net/play/ksgf2_app_124950.pls","",""
"North America","United States","Springfield","Missouri","Springfield Branson National Airport","KSGF","SGF","KSGF Approach/Departure #1","https://www.liveatc.net/play/ksgf2_app.pls","",""
"North America","United States","Springfield","Missouri","Springfield Branson National Airport","KSGF","SGF","KSGF ATIS","https://www.liveatc.net/play/ksgf2_atis.pls","",""
"North America","United States","Springfield","Missouri","Springfield Branson National Airport","KSGF","SGF","KSGF Clearance Delivery #1","https://www.liveatc.net/play/ksgf2_del.pls","",""
"North America","United States","Springfield","Missouri","Springfield Branson National Airport","KSGF","SGF","KSGF Ground #1","https://www.liveatc.net/play/ksgf2_gnd.pls","",""
"North America","United States","Springfield","Missouri","Springfield Branson National Airport","KSGF","SGF","KSGF Tower #1","https://www.liveatc.net/play/ksgf2_twr.pls","",""
"North America","United States","Springfield","Missouri","Springfield Branson National Airport","KSGF","SGF","ZKC Sector 28 #1","https://www.liveatc.net/play/ksgf2_zkc_133475.pls","",""
"North America","United States","Springfield","Missouri","Springfield Branson National Airport","KSGF","SGF","ZKC Sector 28 #2","https://www.liveatc.net/play/ksgf5_zkc_133475.pls","",""
"North America","United States","St Joseph","Missouri","Rosecrans Memorial Airport","KSTJ","STJ","KSTJ App/Dep","https://www.liveatc.net/play/kstj2_app.pls","",""
"North America","United States","St Joseph","Missouri","Rosecrans Memorial Airport","KSTJ","STJ","KSTJ ATIS","https://www.liveatc.net/play/kstj2_atis.pls","",""
"North America","United States","St Joseph","Missouri","Rosecrans Memorial Airport","KSTJ","STJ","KSTJ Ground","https://www.liveatc.net/play/kstj2_gnd.pls","",""
"North America","United States","St Joseph","Missouri","Rosecrans Memorial Airport","KSTJ","STJ","KSTJ Tower","https://www.liveatc.net/play/kstj2_twr.pls","",""
"North America","United States","St. Louis","Missouri","Lambert-St Louis International Airport","KSTL","STL","KSTL Approach","https://www.liveatc.net/play/kstl_app.pls","",""
"North America","United States","St. Louis","Missouri","Lambert-St Louis International Airport","KSTL","STL","KSTL Del/Gnd","https://www.liveatc.net/play/kstl2_del_gnd.pls","",""
"North America","United States","St. Louis","Missouri","Lambert-St Louis International Airport","KSTL","STL","KSTL Del/Gnd/Twr","https://www.liveatc.net/play/kstl2.pls","",""
"North America","United States","St. Louis","Missouri","Lambert-St Louis International Airport","KSTL","STL","KSTL Tower","https://www.liveatc.net/play/kstl2_twr.pls","",""
"North America","United States","St. Louis","Missouri","Spirit of St. Louis Airport","KSUS","SUS","KSUS App/Dep","https://www.liveatc.net/play/ksus2_app.pls","",""
"North America","United States","St. Louis","Missouri","Spirit of St. Louis Airport","KSUS","SUS","KSUS Tower","https://www.liveatc.net/play/ksus2_twr.pls","",""
"North America","United States","Billings","Montana","Billings Logan International Airport","KBIL","BIL","KBIL App/Dep (East)","https://www.liveatc.net/play/kbil1_app_119200.pls","",""
"North America","United States","Billings","Montana","Billings Logan International Airport","KBIL","BIL","KBIL App/Dep (East/West)","https://www.liveatc.net/play/kbil1_app.pls","",""
"North America","United States","Billings","Montana","Billings Logan International Airport","KBIL","BIL","KBIL App/Dep (West)","https://www.liveatc.net/play/kbil1_app_120500.pls","",""
"North America","United States","Billings","Montana","Billings Logan International Airport","KBIL","BIL","KBIL Area Guard","https://www.liveatc.net/play/kbil1_guard.pls","",""
"North America","United States","Billings","Montana","Billings Logan International Airport","KBIL","BIL","KBIL ATIS","https://www.liveatc.net/play/kbil1_atis.pls","",""
"North America","United States","Billings","Montana","Billings Logan International Airport","KBIL","BIL","KBIL Ground","https://www.liveatc.net/play/kbil1_gnd.pls","",""
"North America","United States","Billings","Montana","Billings Logan International Airport","KBIL","BIL","KBIL Ground/Tower","https://www.liveatc.net/play/kbil1_gnd_twr.pls","",""
"North America","United States","Billings","Montana","Billings Logan International Airport","KBIL","BIL","KBIL Tower","https://www.liveatc.net/play/kbil1_twr.pls","",""
"North America","United States","Billings","Montana","Billings Logan International Airport","KBIL","BIL","ZLC Salt Lake Center (Sector 15)","https://www.liveatc.net/play/kbil1_zlc15_127750.pls","",""
"North America","United States","Bozeman","Montana","Bozeman Yellowstone International Airport","KBZN","BZN","KBZN App/Dep","https://www.liveatc.net/play/kbzn1_app.pls","",""
"North America","United States","Bozeman","Montana","Bozeman Yellowstone International Airport","KBZN","BZN","KBZN Area Flight Service","https://www.liveatc.net/play/kbzn1_rdo.pls","",""
"North America","United States","Bozeman","Montana","Bozeman Yellowstone International Airport","KBZN","BZN","KBZN ATIS","https://www.liveatc.net/play/kbzn1_atis.pls","",""
"North America","United States","Bozeman","Montana","Bozeman Yellowstone International Airport","KBZN","BZN","KBZN Emergency/Guard","https://www.liveatc.net/play/kbzn1_guard.pls","",""
"North America","United States","Bozeman","Montana","Bozeman Yellowstone International Airport","KBZN","BZN","KBZN Gnd/Twr","https://www.liveatc.net/play/kbzn1_gnd_twr.pls","",""
"North America","United States","Bozeman","Montana","Bozeman Yellowstone International Airport","KBZN","BZN","KBZN Gnd/Twr/App","https://www.liveatc.net/play/kbzn1_gta.pls","",""
"North America","United States","Bozeman","Montana","Bozeman Yellowstone International Airport","KBZN","BZN","KBZN Ground","https://www.liveatc.net/play/kbzn1_gnd.pls","",""
"North America","United States","Bozeman","Montana","Bozeman Yellowstone International Airport","KBZN","BZN","KBZN Tower","https://www.liveatc.net/play/kbzn1_twr2.pls","",""
"North America","United States","Helena","Montana","Helena Regional Airport","KHLN","HLN","KHLN Approach/Departure","https://www.liveatc.net/play/khln2_app.pls","",""
"North America","United States","Helena","Montana","Helena Regional Airport","KHLN","HLN","KHLN ATIS","https://www.liveatc.net/play/khln2_atis.pls","",""
"North America","United States","Helena","Montana","Helena Regional Airport","KHLN","HLN","KHLN Ground","https://www.liveatc.net/play/khln2_gnd.pls","",""
"North America","United States","Helena","Montana","Helena Regional Airport","KHLN","HLN","KHLN Tower","https://www.liveatc.net/play/khln2_twr.pls","",""
"North America","United States","Kalispell","Montana","Glacier Park International Airport","KGPI","GPI","KGPI Great Falls Radio","https://www.liveatc.net/play/kgpi2_rdo.pls","",""
"North America","United States","Kalispell","Montana","Glacier Park International Airport","KGPI","GPI","KGPI Ground","https://www.liveatc.net/play/kgpi2_gnd.pls","",""
"North America","United States","Kalispell","Montana","Glacier Park International Airport","KGPI","GPI","KGPI Tower","https://www.liveatc.net/play/kgpi2_twr.pls","",""
"North America","United States","Kalispell","Montana","Glacier Park International Airport","KGPI","GPI","Salt Lake Center (KGPI App/Dep)","https://www.liveatc.net/play/kgpi2_app.pls","",""
"North America","United States","Livingston","Montana","Mission Field Airport","KLVM","LVM","KLVM CTAF","https://www.liveatc.net/play/kbzn1_123000.pls","",""
"North America","United States","Missoula","Montana","Missoula International Airport","KMSO","MSO","KMSO Gnd/Twr/App/ZLC/ZSE","https://www.liveatc.net/play/kmso.pls","",""
"North America","United States","Kearney","Nebraska","Kearney Regional Airport","KEAR","EAR","KEAR AWOS","https://www.liveatc.net/play/kear_awos.pls","",""
"North America","United States","Kearney","Nebraska","Kearney Regional Airport","KEAR","EAR","KEAR Columbus Radio","https://www.liveatc.net/play/kear_olu.pls","",""
"North America","United States","Kearney","Nebraska","Kearney Regional Airport","KEAR","EAR","KEAR CTAF","https://www.liveatc.net/play/kear_ctaf.pls","",""
"North America","United States","Kearney","Nebraska","Kearney Regional Airport","KEAR","EAR","ZDV/ZMP Kearney NE","https://www.liveatc.net/play/kear_center.pls","",""
"North America","United States","Lincoln","Nebraska","Lincoln Airport","KLNK","LNK","KLNK Approach","https://www.liveatc.net/play/klnk3_app.pls","",""
"North America","United States","Lincoln","Nebraska","Lincoln Airport","KLNK","LNK","KLNK ATIS","https://www.liveatc.net/play/klnk3_atis.pls","",""
"North America","United States","Lincoln","Nebraska","Lincoln Airport","KLNK","LNK","KLNK Ground","https://www.liveatc.net/play/klnk3_gnd.pls","",""
"North America","United States","Lincoln","Nebraska","Lincoln Airport","KLNK","LNK","KLNK Tower","https://www.liveatc.net/play/klnk3_twr.pls","",""
"North America","United States","Lincoln","Nebraska","Lincoln Airport","KLNK","LNK","KLNK Twr/App","https://www.liveatc.net/play/klnk3_twr_app.pls","",""
"North America","United States","Carson City","Nevada","Carson Airport","KCXP","CXP","KCXP CTAF","https://www.liveatc.net/play/kcxp1.pls","",""
"North America","United States","Las Vegas","Nevada","Henderson Executive Airport","KHND","HSH","KHND ATIS","https://www.liveatc.net/play/khnd_atis.pls","",""
"North America","United States","Las Vegas","Nevada","Henderson Executive Airport","KHND","HSH","KHND Ground/Tower","https://www.liveatc.net/play/khnd.pls","",""
"North America","United States","Las Vegas","Nevada","Harry Reid International Airport","KLAS","LAS","KLAS Approach (Final)","https://www.liveatc.net/play/klas5_app_final.pls","https://youtu.be/_-Qg5jD-PfA",""
"North America","United States","Las Vegas","Nevada","Harry Reid International Airport","KLAS","LAS","KLAS Approach (NE)","https://www.liveatc.net/play/klas4_app_ne.pls","https://youtu.be/_-Qg5jD-PfA",""
"North America","United States","Las Vegas","Nevada","Harry Reid International Airport","KLAS","LAS","KLAS Approach (NW)","https://www.liveatc.net/play/klas4_app_nw.pls","https://youtu.be/_-Qg5jD-PfA",""
"North America","United States","Las Vegas","Nevada","Harry Reid International Airport","KLAS","LAS","KLAS Approach (SE)","https://www.liveatc.net/play/klas4_app_se.pls","https://youtu.be/_-Qg5jD-PfA",""
"North America","United States","Las Vegas","Nevada","Harry Reid International Airport","KLAS","LAS","KLAS Approach (SW)","https://www.liveatc.net/play/klas4_app_sw.pls","https://youtu.be/_-Qg5jD-PfA",""
"North America","United States","Las Vegas","Nevada","Harry Reid International Airport","KLAS","LAS","KLAS Approach (VFR)","https://www.liveatc.net/play/klas4_app_vfr.pls","",""
"North America","United States","Las Vegas","Nevada","Harry Reid International Airport","KLAS","LAS","KLAS ATIS","https://www.liveatc.net/play/klas5_atis.pls","",""
"North America","United States","Las Vegas","Nevada","Harry Reid International Airport","KLAS","LAS","KLAS Clearance Delivery","https://www.liveatc.net/play/klas4_del.pls","https://youtu.be/_-Qg5jD-PfA",""
"North America","United States","Las Vegas","Nevada","Harry Reid International Airport","KLAS","LAS","KLAS Departure (Rwys 01/08)","https://www.liveatc.net/play/klas5_dep_0108.pls","",""
"North America","United States","Las Vegas","Nevada","Harry Reid International Airport","KLAS","LAS","KLAS Departure (Rwys 19/26)","https://www.liveatc.net/play/klas4_dep_1926.pls","https://youtu.be/_-Qg5jD-PfA",""
"North America","United States","Las Vegas","Nevada","Harry Reid International Airport","KLAS","LAS","KLAS Ground (East)","https://www.liveatc.net/play/klas4_gnd_e.pls","",""
"North America","United States","Las Vegas","Nevada","Harry Reid International Airport","KLAS","LAS","KLAS Ground (East/West)","https://www.liveatc.net/play/klas4_gnd.pls","",""
"North America","United States","Las Vegas","Nevada","Harry Reid International Airport","KLAS","LAS","KLAS Ground (West)","https://www.liveatc.net/play/klas4_gnd_w.pls","",""
"North America","United States","Las Vegas","Nevada","Harry Reid International Airport","KLAS","LAS","KLAS Helicopter Control","https://www.liveatc.net/play/klas4_heli.pls","",""
"North America","United States","Las Vegas","Nevada","Harry Reid International Airport","KLAS","LAS","KLAS Ramp Control","https://www.liveatc.net/play/klas4_ramp.pls","",""
"North America","United States","Las Vegas","Nevada","Harry Reid International Airport","KLAS","LAS","KLAS Tower (Both)","https://www.liveatc.net/play/klas4_twr.pls","",""
"North America","United States","Las Vegas","Nevada","Harry Reid International Airport","KLAS","LAS","KLAS Tower (Emergency/Discrete)","https://www.liveatc.net/play/klas4_twr_emerg.pls","",""
"North America","United States","Las Vegas","Nevada","Harry Reid International Airport","KLAS","LAS","KLAS Tower (Rwys 01/19)","https://www.liveatc.net/play/klas4_twr_0119.pls","",""
"North America","United States","Las Vegas","Nevada","Harry Reid International Airport","KLAS","LAS","KLAS Tower (Rwys 08/26)","https://www.liveatc.net/play/klas4_twr_0826.pls","https://youtu.be/_-Qg5jD-PfA",""
"North America","United States","Las Vegas","Nevada","Harry Reid International Airport","KLAS","LAS","ZLA Sector 16 (Low/High)","https://www.liveatc.net/play/klas4_zla16.pls","",""
"North America","United States","Las Vegas","Nevada","Harry Reid International Airport","KLAS","LAS","ZLA Sector 34 (High)","https://www.liveatc.net/play/klas5_zla34.pls","",""
"North America","United States","Las Vegas","Nevada","Nellis Air Force Base","KLSV","LSV","KLSV Range Control (119.35)","https://www.liveatc.net/play/klas4_nellis_119350.pls","",""
"North America","United States","Las Vegas","Nevada","Nellis Air Force Base","KLSV","LSV","KLSV Range Control (126.65)","https://www.liveatc.net/play/klas4_nellis_126650.pls","",""
"North America","United States","Las Vegas","Nevada","North Las Vegas Airport","KVGT","VGT","KVGT ATIS","https://www.liveatc.net/play/klas4_kvgt_atis.pls","",""
"North America","United States","Las Vegas","Nevada","North Las Vegas Airport","KVGT","VGT","KVGT Ground","https://www.liveatc.net/play/klas4_kvgt_gnd.pls","",""
"North America","United States","Las Vegas","Nevada","North Las Vegas Airport","KVGT","VGT","KVGT Tower","https://www.liveatc.net/play/klas4_kvgt_twr.pls","",""
"North America","United States","Minden","Nevada","Minden-Tahoe Airport","KMEV","MEV","KMEV CTAF","https://www.liveatc.net/play/kmev_ctaf.pls","",""
"North America","United States","Reno","Nevada","Reno/Tahoe International Airport","KRNO","RNO","KRNO Clearance Delivery","https://www.liveatc.net/play/krno1_del.pls","",""
"North America","United States","Reno","Nevada","Reno/Tahoe International Airport","KRNO","RNO","KRNO Del/Gnd/Twr","https://www.liveatc.net/play/krno1_gnd_twr.pls","",""
"North America","United States","Reno","Nevada","Reno/Tahoe International Airport","KRNO","RNO","KRNO Del/Gnd/Twr/App/ZOA","https://www.liveatc.net/play/krno.pls","",""
"North America","United States","Reno","Nevada","Reno/Tahoe International Airport","KRNO","RNO","KRNO Emergency/Guard","https://www.liveatc.net/play/krno1_guard.pls","",""
"North America","United States","Reno","Nevada","Reno/Tahoe International Airport","KRNO","RNO","KRNO Ground","https://www.liveatc.net/play/krno1_gnd.pls","",""
"North America","United States","Reno","Nevada","Reno/Tahoe International Airport","KRNO","RNO","KRNO NORCAL App/Dep","https://www.liveatc.net/play/krno1_app.pls","",""
"North America","United States","Reno","Nevada","Reno/Tahoe International Airport","KRNO","RNO","KRNO NORCAL App/Dep (North)","https://www.liveatc.net/play/krno1_app_north.pls","",""
"North America","United States","Reno","Nevada","Reno/Tahoe International Airport","KRNO","RNO","KRNO NORCAL App/Dep (South)","https://www.liveatc.net/play/krno1_app_south.pls","",""
"North America","United States","Reno","Nevada","Reno/Tahoe International Airport","KRNO","RNO","KRNO Tower","https://www.liveatc.net/play/krno1_twr.pls","",""
"North America","United States","Reno","Nevada","Reno Stead Airport","KRTS","","KRTS Area Emergency/Guard","https://www.liveatc.net/play/krts_guard.pls","",""
"North America","United States","Reno","Nevada","Reno Stead Airport","KRTS","","KRTS CTAF","https://www.liveatc.net/play/krts_ctaf.pls","",""
"North America","United States","Concord","New Hampshire","Concord Municipal Airport","KCON","CON","KCON/KDAW/KFIT CTAF","https://www.liveatc.net/play/kmht_murp_122700.pls","",""
"North America","United States","Jaffrey","New Hampshire","Jaffrey Airport-Silver Ranch","KAFN","AFN","MA/NH CTAF 122.8","https://www.liveatc.net/play/kmht_murp_122800.pls","",""
"North America","United States","Keene","New Hampshire","Dillant-Hopkins Airport","KEEN","EEN","KEEN CTAF","https://www.liveatc.net/play/kmht_murp_123000.pls","",""
"North America","United States","Laconia","New Hampshire","Laconia Municipal Airport","KLCI","LCI","KLCI AWOS","https://www.liveatc.net/play/klci_awos.pls","",""
"North America","United States","Laconia","New Hampshire","Laconia Municipal Airport","KLCI","LCI","KLCI CTAF","https://www.liveatc.net/play/klci.pls","",""
"North America","United States","Laconia","New Hampshire","Laconia Municipal Airport","KLCI","LCI","KLCI CTAF/Del","https://www.liveatc.net/play/klci_del_ctaf.pls","",""
"North America","United States","Laconia","New Hampshire","Laconia Municipal Airport","KLCI","LCI","KLCI Del","https://www.liveatc.net/play/klci_del.pls","",""
"North America","United States","Manchester","New Hampshire","Manchester Airport","KMHT","MHT","Boston App/Dep (MHT/High)","https://www.liveatc.net/play/kmht_murp_app_134750.pls","",""
"North America","United States","Manchester","New Hampshire","Manchester Airport","KMHT","MHT","Boston App/Dep (MHT/Low) #2","https://www.liveatc.net/play/kmht_murp_fitzy.pls","",""
"North America","United States","Manchester","New Hampshire","Manchester Airport","KMHT","MHT","Boston App/Dep (MHT/Low/High) #1","https://www.liveatc.net/play/kmht_app.pls","",""
"North America","United States","Manchester","New Hampshire","Manchester Airport","KMHT","MHT","KMHT ATIS #1","https://www.liveatc.net/play/kmht_atis.pls","",""
"North America","United States","Manchester","New Hampshire","Manchester Airport","KMHT","MHT","KMHT ATIS #2","https://www.liveatc.net/play/kmht_atis2.pls","",""
"North America","United States","Manchester","New Hampshire","Manchester Airport","KMHT","MHT","KMHT Del/Gnd/Twr","https://www.liveatc.net/play/kmht.pls","",""
"North America","United States","Manchester","New Hampshire","Manchester Airport","KMHT","MHT","KMHT Del/Gnd/Twr/App","https://www.liveatc.net/play/kmht2.pls","",""
"North America","United States","Manchester","New Hampshire","Manchester Airport","KMHT","MHT","KMHT Ground","https://www.liveatc.net/play/kmht_gnd.pls","",""
"North America","United States","Manchester","New Hampshire","Manchester Airport","KMHT","MHT","KMHT Tower #1","https://www.liveatc.net/play/kmht_murp_twr_both.pls","",""
"North America","United States","Nashua","New Hampshire","Boire Field Airport","KASH","ASH","Boston App/Dep (MHT) #1","https://www.liveatc.net/play/kmht_app.pls","",""
"North America","United States","Nashua","New Hampshire","Boire Field Airport","KASH","ASH","KASH ATIS #1","https://www.liveatc.net/play/kash1_atis.pls","",""
"North America","United States","Nashua","New Hampshire","Boire Field Airport","KASH","ASH","KASH ATIS #3","https://www.liveatc.net/play/kash_murp_atis2.pls","",""
"North America","United States","Nashua","New Hampshire","Boire Field Airport","KASH","ASH","KASH Gnd/Twr/FBO #1","https://www.liveatc.net/play/kash1_gnd_twr.pls","",""
"North America","United States","Nashua","New Hampshire","Boire Field Airport","KASH","ASH","KASH Ground","https://www.liveatc.net/play/kash1_gnd.pls","",""
"North America","United States","Nashua","New Hampshire","Boire Field Airport","KASH","ASH","KASH Ground/FBO #1","https://www.liveatc.net/play/kash1_gnd_fbo.pls","",""
"North America","United States","Nashua","New Hampshire","Boire Field Airport","KASH","ASH","KASH Guard","https://www.liveatc.net/play/kash1_guard.pls","",""
"North America","United States","Nashua","New Hampshire","Boire Field Airport","KASH","ASH","KASH Tower #1","https://www.liveatc.net/play/kash1_twr.pls","",""
"North America","United States","Nashua","New Hampshire","Boire Field Airport","KASH","ASH","KASH Tower #3","https://www.liveatc.net/play/kmht_murp_kash_twr.pls","",""
"North America","United States","Portsmouth","New Hampshire","Portsmouth International Airport at Pease","KPSM","PSM","Boston Approach/Departure (PSM/SFM/East)","https://www.liveatc.net/play/kpsm_app.pls","",""
"North America","United States","Portsmouth","New Hampshire","Portsmouth International Airport at Pease","KPSM","PSM","KPSM Gnd/Twr","https://www.liveatc.net/play/kpsm_gnd_twr.pls","",""
"North America","United States","Portsmouth","New Hampshire","Portsmouth International Airport at Pease","KPSM","PSM","KPSM Gnd/Twr/App/GCA","https://www.liveatc.net/play/kpsm.pls","",""
"North America","United States","Rochester","New Hampshire","Skyhaven Airport","KDAW","DAW","KCON/KDAW/KFIT CTAF","https://www.liveatc.net/play/kmht_murp_122700.pls","",""
"North America","United States","Atlantic City","New Jersey","Atlantic City International Airport","KACY","ACY","KACY App/Dep","https://www.liveatc.net/play/kacy_a_app.pls","",""
"North America","United States","Atlantic City","New Jersey","Atlantic City International Airport","KACY","ACY","KACY ATIS","https://www.liveatc.net/play/kacy_a_atis.pls","",""
"North America","United States","Atlantic City","New Jersey","Atlantic City International Airport","KACY","ACY","KACY Clearance Delivery","https://www.liveatc.net/play/kacy_a_del.pls","",""
"North America","United States","Atlantic City","New Jersey","Atlantic City International Airport","KACY","ACY","KACY GIANT KILLER","https://www.liveatc.net/play/kacy_gk.pls","",""
"North America","United States","Atlantic City","New Jersey","Atlantic City International Airport","KACY","ACY","KACY Ground","https://www.liveatc.net/play/kacy_a_gnd.pls","",""
"North America","United States","Atlantic City","New Jersey","Atlantic City International Airport","KACY","ACY","KACY Ground/Tower","https://www.liveatc.net/play/kacy_a_gnd_twr.pls","",""
"North America","United States","Atlantic City","New Jersey","Atlantic City International Airport","KACY","ACY","KACY Tower","https://www.liveatc.net/play/kacy_a_twr.pls","",""
"North America","United States","Atlantic City","New Jersey","Atlantic City International Airport","KACY","ACY","ZDC SIE54/CASINO51","https://www.liveatc.net/play/kacy_zdc_sie.pls","",""
"North America","United States","Atlantic City","New Jersey","Atlantic City International Airport","KACY","ACY","ZNY ATL86/ZDC SIE54","https://www.liveatc.net/play/zdc59_zny86_acy.pls","",""
"North America","United States","Belmar/Farmingdale","New Jersey","Monmouth Executive Airport","KBLM","BLM","KBLM/N12/3N6/KMJX","https://www.liveatc.net/play/kblm2.pls","",""
"North America","United States","Caldwell","New Jersey","Essex County Airport","KCDW","CDW","KCDW ATIS","https://www.liveatc.net/play/kcdw2_atis.pls","",""
"North America","United States","Caldwell","New Jersey","Essex County Airport","KCDW","CDW","KCDW Del/Gnd/Twr #1","https://www.liveatc.net/play/kcdw1.pls","",""
"North America","United States","Lakehurst","New Jersey","Lakehurst Maxfield Field Joint Base McGuire","KNEL","NEL","KNEL/KWRI/ZNY","https://www.liveatc.net/play/kblm1.pls","","KMJX"
"North America","United States","Morristown","New Jersey","Morristown Municipal Airport","KMMU","MMU","KMMU ATIS","https://www.liveatc.net/play/kmmu4_atis.pls","",""
"North America","United States","Morristown","New Jersey","Morristown Municipal Airport","KMMU","MMU","KMMU Ground","https://www.liveatc.net/play/kmmu4_gnd.pls","",""
"North America","United States","Morristown","New Jersey","Morristown Municipal Airport","KMMU","MMU","KMMU Tower #1","https://www.liveatc.net/play/kmmu3.pls","",""
"North America","United States","Morristown","New Jersey","Morristown Municipal Airport","KMMU","MMU","KMMU Tower #2","https://www.liveatc.net/play/kmmu4_twr.pls","",""
"North America","United States","Mount Holly","New Jersey","South Jersey Regional Airport","KVAY","VAY","SNJ Area CTAF 122.8","https://www.liveatc.net/play/kpne1_122800.pls","",""
"North America","United States","Newark","New Jersey","Newark Liberty International Airport","KEWR","EWR","KEWR ATIS","https://www.liveatc.net/play/kewr_atis.pls","",""
"North America","United States","Newark","New Jersey","Newark Liberty International Airport","KEWR","EWR","KEWR Clearance Delivery","https://www.liveatc.net/play/kewr_del.pls","",""
"North America","United States","Newark","New Jersey","Newark Liberty International Airport","KEWR","EWR","KEWR Ground","https://www.liveatc.net/play/kewr_gnd_pri.pls","",""
"North America","United States","Newark","New Jersey","Newark Liberty International Airport","KEWR","EWR","KEWR Ramp/Company/Misc","https://www.liveatc.net/play/kewr_co.pls","",""
"North America","United States","Newark","New Jersey","Newark Liberty International Airport","KEWR","EWR","KEWR Tower (TCA)","https://www.liveatc.net/play/kewr_twr_tca.pls","",""
"North America","United States","Newark","New Jersey","Newark Liberty International Airport","KEWR","EWR","KEWR Tower #1","https://www.liveatc.net/play/kewr_twr.pls","",""
"North America","United States","Newark","New Jersey","Newark Liberty International Airport","KEWR","EWR","KEWR Tower #2","https://www.liveatc.net/play/kewr_twr_sf1.pls","",""
"North America","United States","Newark","New Jersey","Newark Liberty International Airport","KEWR","EWR","KEWR Tower/TCA/Backup","https://www.liveatc.net/play/kewr_twr_bu_tca.pls","",""
"North America","United States","Newark","New Jersey","Newark Liberty International Airport","KEWR","EWR","New York Approach (EMPYR)","https://www.liveatc.net/play/kewr_klga_app_empyr.pls","",""
"North America","United States","Newark","New Jersey","Newark Liberty International Airport","KEWR","EWR","Newark Apporach (N. Arrival)","https://www.liveatc.net/play/kewr_app_n.pls","",""
"North America","United States","Newark","New Jersey","Newark Liberty International Airport","KEWR","EWR","Newark Approach  (ARD Sector) #2","https://www.liveatc.net/play/kewr_app_ard2.pls","",""
"North America","United States","Newark","New Jersey","Newark Liberty International Airport","KEWR","EWR","Newark Approach (EWR Final)","https://www.liveatc.net/play/kewr_app_final.pls","",""
"North America","United States","Newark","New Jersey","Newark Liberty International Airport","KEWR","EWR","Newark Approach (MUGZY Sector)","https://www.liveatc.net/play/kewr_app_mugzy.pls","",""
"North America","United States","Newark","New Jersey","Newark Liberty International Airport","KEWR","EWR","Newark Approach (N. Arrival Backup)","https://www.liveatc.net/play/kewr_app_n_arr2.pls","",""
"North America","United States","Newark","New Jersey","Newark Liberty International Airport","KEWR","EWR","Newark Approach (North Arrival Alt)","https://www.liveatc.net/play/kewr_app_135575.pls","",""
"North America","United States","Newark","New Jersey","Newark Liberty International Airport","KEWR","EWR","Newark Departure (Liberty South)","https://www.liveatc.net/play/kewr_dep_lib_s.pls","",""
"North America","United States","Newark","New Jersey","Newark Liberty International Airport","KEWR","EWR","Newark Departure (Liberty West)","https://www.liveatc.net/play/kewr_dep_lib_w.pls","",""
"North America","United States","Newark","New Jersey","Newark Liberty International Airport","KEWR","EWR","Newark Departure #1","https://www.liveatc.net/play/kewr_dep.pls","",""
"North America","United States","Newark","New Jersey","Newark Liberty International Airport","KEWR","EWR","Newark Departure #2","https://www.liveatc.net/play/kewr_dep2.pls","",""
"North America","United States","Newark","New Jersey","Newark Liberty International Airport","KEWR","EWR","Newark Departure #3","https://www.liveatc.net/play/kewr_dep_125850.pls","",""
"North America","United States","Teterboro","New Jersey","Teterboro Airport","KTEB","TEB","KTEB ATIS","https://www.liveatc.net/play/kteb_es_atis.pls","",""
"North America","United States","Teterboro","New Jersey","Teterboro Airport","KTEB","TEB","KTEB Clearance Delivery #1","https://www.liveatc.net/play/kteb_es_del.pls","",""
"North America","United States","Teterboro","New Jersey","Teterboro Airport","KTEB","TEB","KTEB Clearance Delivery #2","https://www.liveatc.net/play/kteb_es_del_r.pls","",""
"North America","United States","Teterboro","New Jersey","Teterboro Airport","KTEB","TEB","KTEB Del/Gnd/Ramp","https://www.liveatc.net/play/kteb1.pls","",""
"North America","United States","Teterboro","New Jersey","Teterboro Airport","KTEB","TEB","KTEB FBOs","https://www.liveatc.net/play/kteb_es_fbos.pls","",""
"North America","United States","Teterboro","New Jersey","Teterboro Airport","KTEB","TEB","KTEB Ground #1","https://www.liveatc.net/play/kteb_es_gnd_r.pls","",""
"North America","United States","Teterboro","New Jersey","Teterboro Airport","KTEB","TEB","KTEB Ground #2","https://www.liveatc.net/play/kteb_es_gnd.pls","",""
"North America","United States","Teterboro","New Jersey","Teterboro Airport","KTEB","TEB","KTEB Ops","https://www.liveatc.net/play/kteb_es_ops.pls","",""
"North America","United States","Teterboro","New Jersey","Teterboro Airport","KTEB","TEB","KTEB Ramp Control","https://www.liveatc.net/play/kteb_es_ramp.pls","",""
"North America","United States","Teterboro","New Jersey","Teterboro Airport","KTEB","TEB","KTEB Tower (Secondary)","https://www.liveatc.net/play/kteb_es_twr2.pls","",""
"North America","United States","Teterboro","New Jersey","Teterboro Airport","KTEB","TEB","KTEB Tower #1","https://www.liveatc.net/play/kteb_es_twr_r.pls","",""
"North America","United States","Teterboro","New Jersey","Teterboro Airport","KTEB","TEB","KTEB Tower #2","https://www.liveatc.net/play/kteb_es_twr.pls","",""
"North America","United States","Toms River","New Jersey","Ocean County Airport","KMJX","MJX","KBLM/N12/3N6/KMJX","https://www.liveatc.net/play/kblm2.pls","",""
"North America","United States","Trenton","New Jersey","Trenton Mercer Airport","KTTN","TTN","KTTN Area Guard","https://www.liveatc.net/play/kttn_guard.pls","",""
"North America","United States","Trenton","New Jersey","Trenton Mercer Airport","KTTN","TTN","KTTN ATIS","https://www.liveatc.net/play/kttn_atis.pls","",""
"North America","United States","Trenton","New Jersey","Trenton Mercer Airport","KTTN","TTN","KTTN Ground","https://www.liveatc.net/play/kttn_gnd.pls","",""
"North America","United States","Trenton","New Jersey","Trenton Mercer Airport","KTTN","TTN","KTTN Ground/Tower #1","https://www.liveatc.net/play/kttn.pls","",""
"North America","United States","Trenton","New Jersey","Trenton Mercer Airport","KTTN","TTN","KTTN Ground/Tower #2","https://www.liveatc.net/play/kttn_gnd_twr.pls","",""
"North America","United States","Trenton","New Jersey","Trenton Mercer Airport","KTTN","TTN","KTTN Tower","https://www.liveatc.net/play/kttn_twr.pls","",""
"North America","United States","Wrightstown","New Jersey","McGuire Field (Joint Base Mc Guire Dix Lakehurst) Airport","KWRI","WRI","KNEL/KWRI/ZNY","https://www.liveatc.net/play/kblm1.pls","",""
"North America","United States","Albuquerque","New Mexico","Albuquerque International Sunport Airport","KABQ","ABQ","KABQ App/Dep (Main)","https://www.liveatc.net/play/kabq2_3.pls","",""
"North America","United States","Albuquerque","New Mexico","Albuquerque International Sunport Airport","KABQ","ABQ","KABQ App/Dep (Other)","https://www.liveatc.net/play/kabq2_4.pls","",""
"North America","United States","Albuquerque","New Mexico","Albuquerque International Sunport Airport","KABQ","ABQ","KABQ Del/Gnd","https://www.liveatc.net/play/kabq2_1.pls","",""
"North America","United States","Albuquerque","New Mexico","Albuquerque International Sunport Airport","KABQ","ABQ","KABQ Tower","https://www.liveatc.net/play/kabq2_2.pls","",""
"North America","United States","Albuquerque","New Mexico","Albuquerque International Sunport Airport","KABQ","ABQ","KABQ Tower #2","https://www.liveatc.net/play/kabq2_twr2.pls","",""
"North America","United States","Albuquerque","New Mexico","Albuquerque International Sunport Airport","KABQ","ABQ","KABQ Twr/App/ZAB","https://www.liveatc.net/play/kabq1_1.pls","",""
"North America","United States","Albuquerque","New Mexico","Albuquerque International Sunport Airport","KABQ","ABQ","ZAB Sector 17 Lava (Low)","https://www.liveatc.net/play/kabq2_zab17.pls","",""
"North America","United States","Albuquerque","New Mexico","Double Eagle II Airport","KAEG","AEG","KAEG Twr/App","https://www.liveatc.net/play/kabq1_2.pls","",""
"North America","United States","Farmington","New Mexico","Four Corners Regional Airport","KFMN","FMN","KFMN Gnd/Twr/App","https://www.liveatc.net/play/kfmn2.pls","",""
"North America","United States","Santa Fe","New Mexico","Santa Fe Municipal Airport","KSAF","SAF","KSAF ATIS","https://www.liveatc.net/play/ksaf1_atis.pls","",""
"North America","United States","Santa Fe","New Mexico","Santa Fe Municipal Airport","KSAF","SAF","KSAF Emergency/Guard","https://www.liveatc.net/play/ksaf1_guard.pls","",""
"North America","United States","Santa Fe","New Mexico","Santa Fe Municipal Airport","KSAF","SAF","KSAF Ground","https://www.liveatc.net/play/ksaf1_gnd.pls","",""
"North America","United States","Santa Fe","New Mexico","Santa Fe Municipal Airport","KSAF","SAF","KSAF Ground/Tower","https://www.liveatc.net/play/ksaf1_gnd_twr.pls","",""
"North America","United States","Santa Fe","New Mexico","Santa Fe Municipal Airport","KSAF","SAF","KSAF Tower","https://www.liveatc.net/play/ksaf1_twr.pls","",""
"North America","United States","Santa Fe","New Mexico","Santa Fe Municipal Airport","KSAF","SAF","ZAB Sector 16 (Sandia Low)","https://www.liveatc.net/play/ksaf1_zab16.pls","",""
"North America","United States","Albany","New York","Albany International Airport","KALB","ALB","KALB Approach/Departure","https://www.liveatc.net/play/kalb2_app.pls","",""
"North America","United States","Albany","New York","Albany International Airport","KALB","ALB","KALB Approach/Departure (East)","https://www.liveatc.net/play/kalb2_app_132825.pls","",""
"North America","United States","Albany","New York","Albany International Airport","KALB","ALB","KALB Approach/Departure (West)","https://www.liveatc.net/play/kalb2_app_118050.pls","",""
"North America","United States","Albany","New York","Albany International Airport","KALB","ALB","KALB ATIS","https://www.liveatc.net/play/kalb2_atis.pls","",""
"North America","United States","Albany","New York","Albany International Airport","KALB","ALB","KALB Ground","https://www.liveatc.net/play/kalb2_gnd.pls","",""
"North America","United States","Albany","New York","Albany International Airport","KALB","ALB","KALB Tower","https://www.liveatc.net/play/kalb2_twr.pls","",""
"North America","United States","Binghamton","New York","Greater Binghamton Airport/Edwin A Link Field","KBGM","BGM","KBGM Approach/Departure","https://www.liveatc.net/play/kbgm1_app.pls","",""
"North America","United States","Binghamton","New York","Greater Binghamton Airport/Edwin A Link Field","KBGM","BGM","KBGM ATIS","https://www.liveatc.net/play/kbgm1_atis.pls","",""
"North America","United States","Binghamton","New York","Greater Binghamton Airport/Edwin A Link Field","KBGM","BGM","KBGM Ground","https://www.liveatc.net/play/kbgm1_gnd.pls","",""
"North America","United States","Binghamton","New York","Greater Binghamton Airport/Edwin A Link Field","KBGM","BGM","KBGM Tower","https://www.liveatc.net/play/kbgm1_twr.pls","",""
"North America","United States","Binghamton","New York","Greater Binghamton Airport/Edwin A Link Field","KBGM","BGM","ZBW Sector 23 Hancock Low","https://www.liveatc.net/play/kbgm1_zbw23.pls","",""
"North America","United States","Binghamton","New York","Greater Binghamton Airport/Edwin A Link Field","KBGM","BGM","ZNY Sector 34 Elmira High","https://www.liveatc.net/play/kbgm1_zny34.pls","",""
"North America","United States","Binghamton","New York","Greater Binghamton Airport/Edwin A Link Field","KBGM","BGM","ZNY Sector 35 Huguenot Low","https://www.liveatc.net/play/kbgm1_zny35.pls","",""
"North America","United States","Binghamton","New York","Greater Binghamton Airport/Edwin A Link Field","KBGM","BGM","ZNY Sector 36 Sparta Low","https://www.liveatc.net/play/kbgm1_zny36.pls","",""
"North America","United States","Binghamton","New York","Greater Binghamton Airport/Edwin A Link Field","KBGM","BGM","ZNY Sector 50 Binghamton Low","https://www.liveatc.net/play/kbgm1_zny50.pls","",""
"North America","United States","Binghamton","New York","Greater Binghamton Airport/Edwin A Link Field","KBGM","BGM","ZNY Sector 51 Lake Henry Low","https://www.liveatc.net/play/kbgm1_zny51.pls","",""
"North America","United States","Buffalo","New York","Buffalo Niagara International Airport","KBUF","BUF","KBUF Gnd/Twr/App","https://www.liveatc.net/play/kbuf1_dgta.pls","",""
"North America","United States","Canandaigua","New York","Canandaigua Airport","KIUA","IUA","KIUA CTAF","https://www.liveatc.net/play/kiua1_ctaf.pls","",""
"North America","United States","Elmira","New York","Elmira/Corning Regional Airport","KELM","ELM","KELM App/Dep","https://www.liveatc.net/play/kelm1_app.pls","",""
"North America","United States","Elmira","New York","Elmira/Corning Regional Airport","KELM","ELM","KELM ATIS","https://www.liveatc.net/play/kelm1_atis.pls","",""
"North America","United States","Elmira","New York","Elmira/Corning Regional Airport","KELM","ELM","KELM Del/Gnd/Twr/App","https://www.liveatc.net/play/kelm1_all.pls","",""
"North America","United States","Elmira","New York","Elmira/Corning Regional Airport","KELM","ELM","KELM Del/Ground","https://www.liveatc.net/play/kelm1_del_gnd.pls","",""
"North America","United States","Elmira","New York","Elmira/Corning Regional Airport","KELM","ELM","KELM Emergency/Guard","https://www.liveatc.net/play/kelm1_guard.pls","",""
"North America","United States","Elmira","New York","Elmira/Corning Regional Airport","KELM","ELM","KELM Tower","https://www.liveatc.net/play/kelm1_twr.pls","",""
"North America","United States","Farmingdale","New York","Republic Airport","KFRG","FRG","Jones Beach Air Show (Air Boss)","https://www.liveatc.net/play/rr_jbas_boss.pls","",""
"North America","United States","Farmingdale","New York","Republic Airport","KFRG","FRG","Jones Beach Air Show (Blue Angels)","https://www.liveatc.net/play/rr_jbas_blues.pls","",""
"North America","United States","Farmingdale","New York","Republic Airport","KFRG","FRG","Jones Beach Air Show (Performers)","https://www.liveatc.net/play/rr_jbas_performers.pls","",""
"North America","United States","Farmingdale","New York","Republic Airport","KFRG","FRG","KFRG ATIS","https://www.liveatc.net/play/kfrg_atis1.pls","",""
"North America","United States","Farmingdale","New York","Republic Airport","KFRG","FRG","KFRG Clearance Delivery","https://www.liveatc.net/play/kfrg_ron45_del.pls","",""
"North America","United States","Farmingdale","New York","Republic Airport","KFRG","FRG","KFRG Delivery/Ground","https://www.liveatc.net/play/kfrg_del_gnd1.pls","",""
"North America","United States","Farmingdale","New York","Republic Airport","KFRG","FRG","KFRG Ground #2","https://www.liveatc.net/play/kfrg9_gnd.pls","",""
"North America","United States","Farmingdale","New York","Republic Airport","KFRG","FRG","KFRG Ground/Tower #2","https://www.liveatc.net/play/kfrg9_gnd_twr.pls","",""
"North America","United States","Farmingdale","New York","Republic Airport","KFRG","FRG","KFRG Tower #1","https://www.liveatc.net/play/kfrg_twr1.pls","",""
"North America","United States","Farmingdale","New York","Republic Airport","KFRG","FRG","KFRG Tower #2","https://www.liveatc.net/play/kfrg9_twr.pls","",""
"North America","United States","Glens Falls","New York","Floyd Bennett Memorial Airport","KGFL","GFL","KGFL Area CTAF","https://www.liveatc.net/play/kgfl1_ctaf.pls","",""
"North America","United States","Islip","New York","Long Island Mac Arthur Airport","KISP","ISP","KISP Area Emergency/Guard","https://www.liveatc.net/play/kisp1_guard.pls","",""
"North America","United States","Islip","New York","Long Island Mac Arthur Airport","KISP","ISP","KISP ATIS","https://www.liveatc.net/play/kisp1_atis.pls","",""
"North America","United States","Islip","New York","Long Island Mac Arthur Airport","KISP","ISP","KISP Clearance Delivery","https://www.liveatc.net/play/kisp1_del.pls","",""
"North America","United States","Islip","New York","Long Island Mac Arthur Airport","KISP","ISP","KISP Clearance Delivery/Ground","https://www.liveatc.net/play/kisp1_del_gnd.pls","",""
"North America","United States","Islip","New York","Long Island Mac Arthur Airport","KISP","ISP","KISP Ground","https://www.liveatc.net/play/kisp1_gnd.pls","",""
"North America","United States","Islip","New York","Long Island Mac Arthur Airport","KISP","ISP","KISP Ground/Tower","https://www.liveatc.net/play/kisp1_gnd_twr.pls","",""
"North America","United States","Islip","New York","Long Island Mac Arthur Airport","KISP","ISP","KISP New York Approach #1","https://www.liveatc.net/play/kisp1_app.pls","",""
"North America","United States","Islip","New York","Long Island Mac Arthur Airport","KISP","ISP","KISP New York Approach #2","https://www.liveatc.net/play/kisp2.pls","",""
"North America","United States","Islip","New York","Long Island Mac Arthur Airport","KISP","ISP","KISP Tower #1","https://www.liveatc.net/play/kisp1_twr1.pls","",""
"North America","United States","Islip","New York","Long Island Mac Arthur Airport","KISP","ISP","KISP Tower #2","https://www.liveatc.net/play/kisp_gnd_twr.pls","",""
"North America","United States","Islip","New York","Long Island Mac Arthur Airport","KISP","ISP","KISP Tower/Approach #1","https://www.liveatc.net/play/kisp1_twr_app.pls","",""
"North America","United States","Islip","New York","Long Island Mac Arthur Airport","KISP","ISP","KISP Tower/Approach #2","https://www.liveatc.net/play/kisp_s.pls","",""
"North America","United States","Islip","New York","Long Island Mac Arthur Airport","KISP","ISP","New York Approach (VIKKY Sector)","https://www.liveatc.net/play/zbw_ccc_n90_vikky.pls","",""
"North America","United States","Montgomery","New York","Orange County Airport","KMGJ","MGJ","KMGJ CTAF","https://www.liveatc.net/play/kswf1_ctaf_122725.pls","",""
"North America","United States","New York","New York","John F Kennedy International Airport","KJFK","JFK","ARINC (JFK/LGA Area)","https://www.liveatc.net/play/kjfk_arinc.pls","",""
"North America","United States","New York","New York","John F Kennedy International Airport","KJFK","JFK","KJFK Clearance Delivery #1","https://www.liveatc.net/play/kjfk_del3.pls","",""
"North America","United States","New York","New York","John F Kennedy International Airport","KJFK","JFK","KJFK Clearance Delivery #2","https://www.liveatc.net/play/kjfk_del2.pls","",""
"North America","United States","New York","New York","John F Kennedy International Airport","KJFK","JFK","KJFK Company/Ramp","https://www.liveatc.net/play/kjfk_co.pls","",""
"North America","United States","New York","New York","John F Kennedy International Airport","KJFK","JFK","KJFK D-ATIS","https://www.liveatc.net/play/kjfk_atis.pls","",""
"North America","United States","New York","New York","John F Kennedy International Airport","KJFK","JFK","KJFK Gnd/Twr","https://www.liveatc.net/play/kjfk9_s.pls","",""
"North America","United States","New York","New York","John F Kennedy International Airport","KJFK","JFK","KJFK Ground #1","https://www.liveatc.net/play/kjfk9_gnd.pls","",""
"North America","United States","New York","New York","John F Kennedy International Airport","KJFK","JFK","KJFK Ground #2","https://www.liveatc.net/play/kjfk_gnd.pls","",""
"North America","United States","New York","New York","John F Kennedy International Airport","KJFK","JFK","KJFK Tower","https://www.liveatc.net/play/kjfk_twr.pls","",""
"North America","United States","New York","New York","John F Kennedy International Airport","KJFK","JFK","KJFK Tower #2","https://www.liveatc.net/play/kjfk_twr3.pls","",""
"North America","United States","New York","New York","John F Kennedy International Airport","KJFK","JFK","KJFK Tower #3","https://www.liveatc.net/play/kjfk9_twr.pls","",""
"North America","United States","New York","New York","John F Kennedy International Airport","KJFK","JFK","KJFK Tower 119.1","https://www.liveatc.net/play/kjfk_twr_1191.pls","",""
"North America","United States","New York","New York","John F Kennedy International Airport","KJFK","JFK","KJFK Tower 123.9","https://www.liveatc.net/play/kjfk_twr_1239.pls","",""
"North America","United States","New York","New York","John F Kennedy International Airport","KJFK","JFK","NY Approach (CAMRN/JFK) #1","https://www.liveatc.net/play/kjfk9_app_camrn.pls","",""
"North America","United States","New York","New York","John F Kennedy International Airport","KJFK","JFK","NY Approach (CAMRN/JFK) #2","https://www.liveatc.net/play/kjfk_bw_app_camrn.pls","",""
"North America","United States","New York","New York","John F Kennedy International Airport","KJFK","JFK","NY Approach (CAMRN/JFK) #3","https://www.liveatc.net/play/kjfk_118_app_camrn.pls","",""
"North America","United States","New York","New York","John F Kennedy International Airport","KJFK","JFK","NY Approach (Final/JFK) #1","https://www.liveatc.net/play/kjfk_bw_app_final.pls","",""
"North America","United States","New York","New York","John F Kennedy International Airport","KJFK","JFK","NY Approach (Final/JFK) #2","https://www.liveatc.net/play/kjfk_118_app_final.pls","",""
"North America","United States","New York","New York","John F Kennedy International Airport","KJFK","JFK","NY Approach (ROBER/JFK #1)","https://www.liveatc.net/play/kjfk9_app_rober.pls","",""
"North America","United States","New York","New York","John F Kennedy International Airport","KJFK","JFK","NY Approach (ROBER/JFK #2)","https://www.liveatc.net/play/kjfk_app_rober.pls","",""
"North America","United States","New York","New York","John F Kennedy International Airport","KJFK","JFK","NY Dep (Liberty North) #1","https://www.liveatc.net/play/khpn_app_lib_n.pls","",""
"North America","United States","New York","New York","John F Kennedy International Airport","KJFK","JFK","NY Dep (Liberty North) #2","https://www.liveatc.net/play/ny_app_lib_north.pls","",""
"North America","United States","New York","New York","John F Kennedy International Airport","KJFK","JFK","NY Departure (JFK)","https://www.liveatc.net/play/kjfk_dep.pls","",""
"North America","United States","New York","New York","John F Kennedy International Airport","KJFK","JFK","ZBW Boston Center (CLIPR32)","https://www.liveatc.net/play/zbw_ccc1.pls","",""
"North America","United States","New York","New York","John F Kennedy International Airport","KJFK","JFK","ZBW Boston Center (HTO31)","https://www.liveatc.net/play/zbw_ccc2.pls","",""
"North America","United States","New York","New York","John F Kennedy International Airport","KJFK","JFK","ZBW Boston Center (SOUTHIE49)","https://www.liveatc.net/play/zbw_ccc_southie.pls","",""
"North America","United States","New York","New York","John F Kennedy International Airport","KJFK","JFK","ZBW Sector 19 Danbury Low","https://www.liveatc.net/play/kfrg_ron45_zbw_134000.pls","",""
"North America","United States","New York","New York","John F Kennedy International Airport","KJFK","JFK","ZBW/ZNY/ZDC (JFK Area) #1","https://www.liveatc.net/play/zbw_ron1.pls","",""
"North America","United States","New York","New York","John F Kennedy International Airport","KJFK","JFK","ZBW/ZNY/ZDC (JFK Area) #2","https://www.liveatc.net/play/zbw_ron2.pls","",""
"North America","United States","New York","New York","John F Kennedy International Airport","KJFK","JFK","ZBW/ZNY/ZDC (JFK Area) #3","https://www.liveatc.net/play/zbw_ron3.pls","",""
"North America","United States","New York","New York","John F Kennedy International Airport","KJFK","JFK","ZBW/ZNY/ZDC (JFK Area) #4","https://www.liveatc.net/play/zbw_ron4.pls","",""
"North America","United States","New York","New York","John F Kennedy International Airport","KJFK","JFK","ZNY Misc (NE PA)","https://www.liveatc.net/play/zbw_ron5.pls","",""
"North America","United States","New York","New York","John F Kennedy International Airport","KJFK","JFK","ZNY Sector 56 (Kennedy)","https://www.liveatc.net/play/zny_col_ken.pls","",""
"North America","United States","New York","New York","John F Kennedy International Airport","KJFK","JFK","ZNY Sector 67 (Dixie)","https://www.liveatc.net/play/zny_col_dix.pls","",""
"North America","United States","New York","New York","West 30th St. Heliport","KJRA","JRA","KJRA/KJRB CTAF #3","https://www.liveatc.net/play/jfk118_kjra.pls","","KNYC;KJRB"
"North America","United States","New York","New York","LaGuardia Airport","KLGA","LGA","KLGA ATIS (Departure) #1","https://www.liveatc.net/play/klga_118_atis_dep.pls","",""
"North America","United States","New York","New York","LaGuardia Airport","KLGA","LGA","KLGA ATIS (Departure) #2","https://www.liveatc.net/play/klga_atis_dep.pls","",""
"North America","United States","New York","New York","LaGuardia Airport","KLGA","LGA","KLGA Clearance Delivery","https://www.liveatc.net/play/klga_118_del.pls","",""
"North America","United States","New York","New York","LaGuardia Airport","KLGA","LGA","KLGA Del/ARINC/TCA","https://www.liveatc.net/play/klga_del.pls","",""
"North America","United States","New York","New York","LaGuardia Airport","KLGA","LGA","KLGA Ground #1","https://www.liveatc.net/play/klga_gnd.pls","",""
"North America","United States","New York","New York","LaGuardia Airport","KLGA","LGA","KLGA Ground #2","https://www.liveatc.net/play/klga_118_gnd.pls","",""
"North America","United States","New York","New York","LaGuardia Airport","KLGA","LGA","KLGA NY App (Final) #2","https://www.liveatc.net/play/klga_final2.pls","",""
"North America","United States","New York","New York","LaGuardia Airport","KLGA","LGA","KLGA NY App (HAARP) #1","https://www.liveatc.net/play/klga_ny_app.pls","",""
"North America","United States","New York","New York","LaGuardia Airport","KLGA","LGA","KLGA NY App (HAARP) #2","https://www.liveatc.net/play/klga_118_app_haarp.pls","",""
"North America","United States","New York","New York","LaGuardia Airport","KLGA","LGA","KLGA NY Dep","https://www.liveatc.net/play/klga_ny_dep.pls","",""
"North America","United States","New York","New York","LaGuardia Airport","KLGA","LGA","KLGA NY Dep 135.35","https://www.liveatc.net/play/klga_118_dep_135350.pls","",""
"North America","United States","New York","New York","LaGuardia Airport","KLGA","LGA","KLGA Tower (TCA/Heli)","https://www.liveatc.net/play/klga_twr2.pls","",""
"North America","United States","New York","New York","LaGuardia Airport","KLGA","LGA","KLGA Tower #1","https://www.liveatc.net/play/klga_twr.pls","",""
"North America","United States","New York","New York","LaGuardia Airport","KLGA","LGA","KLGA Tower #2","https://www.liveatc.net/play/klga_118_twr.pls","",""
"North America","United States","New York","New York","LaGuardia Airport","KLGA","LGA","New York Approach (EMPYR)","https://www.liveatc.net/play/kewr_klga_app_empyr.pls","",""
"North America","United States","New York","New York","LaGuardia Airport","KLGA","LGA","NY Dep (Liberty North) #1","https://www.liveatc.net/play/khpn_app_lib_n.pls","",""
"North America","United States","New York","New York","LaGuardia Airport","KLGA","LGA","NY Dep (Liberty North) #2","https://www.liveatc.net/play/ny_app_lib_north.pls","",""
"North America","United States","New York","New York","LaGuardia Airport","KLGA","LGA","ZNY Sector 86 (121.125)","https://www.liveatc.net/play/klga_118_zny86.pls","",""
"North America","United States","Newburgh","New York","Stewart International Airport","KSWF","SWF","KSWF ATIS","https://www.liveatc.net/play/kswf1_atis.pls","",""
"North America","United States","Newburgh","New York","Stewart International Airport","KSWF","SWF","KSWF Emergency/Guard","https://www.liveatc.net/play/kswf1_guard.pls","",""
"North America","United States","Newburgh","New York","Stewart International Airport","KSWF","SWF","KSWF Ground","https://www.liveatc.net/play/kswf1_gnd.pls","",""
"North America","United States","Newburgh","New York","Stewart International Airport","KSWF","SWF","KSWF Ground/Tower","https://www.liveatc.net/play/kswf1_gnd_twr.pls","",""
"North America","United States","Newburgh","New York","Stewart International Airport","KSWF","SWF","KSWF Tower","https://www.liveatc.net/play/kswf1_twr.pls","",""
"North America","United States","Newburgh","New York","Stewart International Airport","KSWF","SWF","NY Approach (Liberty/Catskills)","https://www.liveatc.net/play/kswf1_app.pls","",""
"North America","United States","Newburgh","New York","Stewart International Airport","KSWF","SWF","ZBW Boston Center (SWF05)","https://www.liveatc.net/play/kswf1_zbw05.pls","",""
"North America","United States","Newburgh","New York","Stewart International Airport","KSWF","SWF","ZNY NY Center (Sector 35/HUO Low)","https://www.liveatc.net/play/kswf1_zny_huo.pls","",""
"North America","United States","Penn Yan","New York","Penn Yan Airport","KPEO","PEO","KPEO CTAF","https://www.liveatc.net/play/kpeo2.pls","",""
"North America","United States","Poughkeepsie","New York","Dutchess County Airport","KPOU","POU","KPOU ATIS","https://www.liveatc.net/play/kswf1_kpou_atis.pls","",""
"North America","United States","Poughkeepsie","New York","Dutchess County Airport","KPOU","POU","KPOU Ground/Tower","https://www.liveatc.net/play/kpou1.pls","",""
"North America","United States","Poughkeepsie","New York","Dutchess County Airport","KPOU","POU","KPOU Tower #2","https://www.liveatc.net/play/kswf1_kpou_twr.pls","",""
"North America","United States","Rochester","New York","Greater Rochester International Airport","KROC","ROC","KROC Approach","https://www.liveatc.net/play/kroc.pls","",""
"North America","United States","Rochester","New York","Greater Rochester International Airport","KROC","ROC","KROC Del/Gnd/Twr","https://www.liveatc.net/play/kroc_s.pls","",""
"North America","United States","Rochester","New York","Greater Rochester International Airport","KROC","ROC","KROC Delivery/Ground","https://www.liveatc.net/play/kroc_del_gnd.pls","",""
"North America","United States","Rochester","New York","Greater Rochester International Airport","KROC","ROC","KROC Tower","https://www.liveatc.net/play/kroc_twr.pls","",""
"North America","United States","Schenectady","New York","Schenectady County Airport","KSCH","SCH","KSCH Ground","https://www.liveatc.net/play/kalb2_ksch_gnd.pls","",""
"North America","United States","Schenectady","New York","Schenectady County Airport","KSCH","SCH","KSCH Tower","https://www.liveatc.net/play/kalb2_ksch_twr.pls","",""
"North America","United States","Shirley","New York","Brookhaven Airport","KHWV","HWV","KHWV CTAF","https://www.liveatc.net/play/khwv_ctaf.pls","",""
"North America","United States","Syracuse","New York","Syracuse Hancock International Airport","KSYR","SYR","KSYR App/Dep","https://www.liveatc.net/play/ksyr_app.pls","",""
"North America","United States","Syracuse","New York","Syracuse Hancock International Airport","KSYR","SYR","KSYR ATIS","https://www.liveatc.net/play/ksyr_atis.pls","",""
"North America","United States","Syracuse","New York","Syracuse Hancock International Airport","KSYR","SYR","KSYR Clearance Delivery","https://www.liveatc.net/play/ksyr_del.pls","",""
"North America","United States","Syracuse","New York","Syracuse Hancock International Airport","KSYR","SYR","KSYR Ground","https://www.liveatc.net/play/ksyr_gnd.pls","",""
"North America","United States","Syracuse","New York","Syracuse Hancock International Airport","KSYR","SYR","KSYR Ground/Tower","https://www.liveatc.net/play/ksyr_gnd_twr.pls","",""
"North America","United States","Syracuse","New York","Syracuse Hancock International Airport","KSYR","SYR","KSYR Tower","https://www.liveatc.net/play/ksyr_twr.pls","",""
"North America","United States","Syracuse","New York","Syracuse Hancock International Airport","KSYR","SYR","KSYR Tower/Approach","https://www.liveatc.net/play/ksyr.pls","",""
"North America","United States","White Plains","New York","Westchester County Airport","KHPN","HPN","KHPN ATIS","https://www.liveatc.net/play/khpn_atis2.pls","",""
"North America","United States","White Plains","New York","Westchester County Airport","KHPN","HPN","KHPN Del/Gnd/Tower #1","https://www.liveatc.net/play/khpn2_del_gnd_twr.pls","",""
"North America","United States","White Plains","New York","Westchester County Airport","KHPN","HPN","KHPN Delivery/Ground","https://www.liveatc.net/play/khpn_del_gnd.pls","",""
"North America","United States","White Plains","New York","Westchester County Airport","KHPN","HPN","KHPN Tower","https://www.liveatc.net/play/khpn_twr.pls","",""
"North America","United States","White Plains","New York","Westchester County Airport","KHPN","HPN","NY Approach (NOBBI/NYACK/HAARP)","https://www.liveatc.net/play/khpn2.pls","",""
"North America","United States","Asheville","North Carolina","Asheville Regional Airport","KAVL","AVL","KAVL Approach/Departure","https://www.liveatc.net/play/kavl2_app_dep.pls","",""
"North America","United States","Asheville","North Carolina","Asheville Regional Airport","KAVL","AVL","KAVL ATIS","https://www.liveatc.net/play/kavl2_atis.pls","",""
"North America","United States","Asheville","North Carolina","Asheville Regional Airport","KAVL","AVL","KAVL Gnd/Twr","https://www.liveatc.net/play/kavl2_gnd_twr.pls","",""
"North America","United States","Asheville","North Carolina","Asheville Regional Airport","KAVL","AVL","KAVL Gnd/Twr/App","https://www.liveatc.net/play/kavl2.pls","",""
"North America","United States","Asheville","North Carolina","Asheville Regional Airport","KAVL","AVL","KAVL Ground","https://www.liveatc.net/play/kavl2_gnd.pls","",""
"North America","United States","Asheville","North Carolina","Asheville Regional Airport","KAVL","AVL","KAVL Guard","https://www.liveatc.net/play/kavl2_guard.pls","",""
"North America","United States","Asheville","North Carolina","Asheville Regional Airport","KAVL","AVL","KAVL Tower","https://www.liveatc.net/play/kavl2_twr.pls","",""
"North America","United States","Asheville","North Carolina","Asheville Regional Airport","KAVL","AVL","ZTL Sector 44 (Shine Low)","https://www.liveatc.net/play/kavl2_ztl44.pls","",""
"North America","United States","Burlington","North Carolina","Burlington-Alamance Regional Airport","KBUY","BUY","KBUY CTAF","https://www.liveatc.net/play/kbuy2.pls","",""
"North America","United States","Charlotte","North Carolina","Charlotte/Douglas International Airport","KCLT","CLT","KCLT App/Dep (High North)","https://www.liveatc.net/play/kclt7_dep_120500.pls","",""
"North America","United States","Charlotte","North Carolina","Charlotte/Douglas International Airport","KCLT","CLT","KCLT Approach (Arrival)","https://www.liveatc.net/play/kclt4_arr.pls","",""
"North America","United States","Charlotte","North Carolina","Charlotte/Douglas International Airport","KCLT","CLT","KCLT Approach (Satellite Radar South)","https://www.liveatc.net/play/kclt7_app_120050.pls","",""
"North America","United States","Charlotte","North Carolina","Charlotte/Douglas International Airport","KCLT","CLT","KCLT Departure","https://www.liveatc.net/play/kclt7_dep_119000.pls","",""
"North America","United States","Charlotte","North Carolina","Charlotte/Douglas International Airport","KCLT","CLT","KCLT Tower (Rwy 18L/36R)","https://www.liveatc.net/play/kclt7_twr_118100.pls","",""
"North America","United States","Cherry Point","North Carolina","Cherry Point Marine Corps Air Station (Cunningham Field)","KNKT","NKT","Aerial Refueling Ops","https://www.liveatc.net/play/knkt1_ar.pls","",""
"North America","United States","Cherry Point","North Carolina","Cherry Point Marine Corps Air Station (Cunningham Field)","KNKT","NKT","KNKT Twr/App/Dep","https://www.liveatc.net/play/knkt1_app.pls","",""
"North America","United States","Concord","North Carolina","Concord Regional Airport","KJQF","JQF","KJQF Ground/Tower","https://www.liveatc.net/play/kjqf.pls","",""
"North America","United States","Fayetteville","North Carolina","Fayetteville Regional Grannis Field","KFAY","FAY","KFAY App/Dep (North)","https://www.liveatc.net/play/kfay1_app_125175.pls","",""
"North America","United States","Fayetteville","North Carolina","Fayetteville Regional Grannis Field","KFAY","FAY","KFAY App/Dep (South)","https://www.liveatc.net/play/kfay1_app_133000.pls","",""
"North America","United States","Fayetteville","North Carolina","Fayetteville Regional Grannis Field","KFAY","FAY","KFAY App/Dep (Spare)","https://www.liveatc.net/play/kfay1_app_127800.pls","",""
"North America","United States","Fayetteville","North Carolina","Fayetteville Regional Grannis Field","KFAY","FAY","KFAY ATIS","https://www.liveatc.net/play/kfay1_atis.pls","",""
"North America","United States","Fayetteville","North Carolina","Fayetteville Regional Grannis Field","KFAY","FAY","KFAY Emergency/Guard","https://www.liveatc.net/play/kfay1_guard.pls","",""
"North America","United States","Fayetteville","North Carolina","Fayetteville Regional Grannis Field","KFAY","FAY","KFAY Ground","https://www.liveatc.net/play/kfay1_gnd.pls","",""
"North America","United States","Fayetteville","North Carolina","Fayetteville Regional Grannis Field","KFAY","FAY","KFAY Tower","https://www.liveatc.net/play/kfay1_twr.pls","",""
"North America","United States","Greensboro","North Carolina","Piedmont Triad International Airport","KGSO","GSO","KGSO Approach/Departure","https://www.liveatc.net/play/kgso1_app.pls","",""
"North America","United States","Greensboro","North Carolina","Piedmont Triad International Airport","KGSO","GSO","KGSO Approach/Departure (South)","https://www.liveatc.net/play/kgso1_app_south.pls","",""
"North America","United States","Greensboro","North Carolina","Piedmont Triad International Airport","KGSO","GSO","KGSO Approach/Departure (West)","https://www.liveatc.net/play/kgso1_app_west.pls","",""
"North America","United States","Greensboro","North Carolina","Piedmont Triad International Airport","KGSO","GSO","KGSO ATIS","https://www.liveatc.net/play/kgso1_atis.pls","",""
"North America","United States","Greensboro","North Carolina","Piedmont Triad International Airport","KGSO","GSO","KGSO Del/Gnd","https://www.liveatc.net/play/kgso1_del_gnd.pls","",""
"North America","United States","Greensboro","North Carolina","Piedmont Triad International Airport","KGSO","GSO","KGSO Tower","https://www.liveatc.net/play/kgso1_twr.pls","",""
"North America","United States","Greensboro","North Carolina","Piedmont Triad International Airport","KGSO","GSO","ZTL Sector 29","https://www.liveatc.net/play/kgso1_ztl29.pls","",""
"North America","United States","Greensboro","North Carolina","Piedmont Triad International Airport","KGSO","GSO","ZTL Sector 29/33","https://www.liveatc.net/play/kgso1_ztl2933.pls","",""
"North America","United States","Greensboro","North Carolina","Piedmont Triad International Airport","KGSO","GSO","ZTL Sector 33","https://www.liveatc.net/play/kgso1_ztl33.pls","",""
"North America","United States","Greenville","North Carolina","Pitt-Greenville Airport","KPGV","PGV","KPGV CTAF","https://www.liveatc.net/play/kpgv.pls","",""
"North America","United States","Hickory","North Carolina","Hickory Regional Airport","KHKY","HKY","KHKY ASOS","https://www.liveatc.net/play/khky2_asos.pls","",""
"North America","United States","Hickory","North Carolina","Hickory Regional Airport","KHKY","HKY","KHKY Clearance Delivery (ZTL)","https://www.liveatc.net/play/khky2_del.pls","",""
"North America","United States","Hickory","North Carolina","Hickory Regional Airport","KHKY","HKY","KHKY Emergency/Guard","https://www.liveatc.net/play/khky2_guard.pls","",""
"North America","United States","Hickory","North Carolina","Hickory Regional Airport","KHKY","HKY","KHKY Ground","https://www.liveatc.net/play/khky2_gnd.pls","",""
"North America","United States","Hickory","North Carolina","Hickory Regional Airport","KHKY","HKY","KHKY Tower","https://www.liveatc.net/play/khky2_twr.pls","",""
"North America","United States","Hickory","North Carolina","Hickory Regional Airport","KHKY","HKY","ZTL48 Wilkes Sector","https://www.liveatc.net/play/khky2_ztl48.pls","",""
"North America","United States","Lincolnton","North Carolina","Lincolnton-Lincoln County Regional Airport","KIPJ","IPJ","KIPJ CTAF/Del","https://www.liveatc.net/play/kipj.pls","",""
"North America","United States","Louisburg","North Carolina","Triangle North Executive Airport","KLHZ","LHZ","KLHZ CTAF","https://www.liveatc.net/play/klhz.pls","",""
"North America","United States","Monroe","North Carolina","Monroe Regional Airport","KEQY","EQY","KEQY CTAF","https://www.liveatc.net/play/keqy3.pls","",""
"North America","United States","Morganton","North Carolina","Foothills Regional Airport","KMRN","MRN","KMRN CTAF","https://www.liveatc.net/play/khky2_kmrn.pls","",""
"North America","United States","Pinehurst/Southern Pines","North Carolina","Moore County Airport","KSOP","SOP","KSOP AWOS","https://www.liveatc.net/play/ksop1_awos.pls","",""
"North America","United States","Pinehurst/Southern Pines","North Carolina","Moore County Airport","KSOP","SOP","KSOP Clearance Delivery (RCO)","https://www.liveatc.net/play/ksop1_del.pls","",""
"North America","United States","Pinehurst/Southern Pines","North Carolina","Moore County Airport","KSOP","SOP","KSOP CTAF","https://www.liveatc.net/play/ksop1_ctaf.pls","",""
"North America","United States","Raleigh/Durham","North Carolina","Raleigh-Durham International Airport","KRDU","RDU","KRDU Approach","https://www.liveatc.net/play/krdu_app.pls","",""
"North America","United States","Raleigh/Durham","North Carolina","Raleigh-Durham International Airport","KRDU","RDU","KRDU Approach/Departure","https://www.liveatc.net/play/krdu_app2.pls","",""
"North America","United States","Raleigh/Durham","North Carolina","Raleigh-Durham International Airport","KRDU","RDU","KRDU Departure","https://www.liveatc.net/play/krdu_dep.pls","",""
"North America","United States","Raleigh/Durham","North Carolina","Raleigh-Durham International Airport","KRDU","RDU","KRDU Ground","https://www.liveatc.net/play/krdu_gnd.pls","",""
"North America","United States","Raleigh/Durham","North Carolina","Raleigh-Durham International Airport","KRDU","RDU","KRDU Ground/Tower","https://www.liveatc.net/play/krdu_gnd_twr.pls","",""
"North America","United States","Raleigh/Durham","North Carolina","Raleigh-Durham International Airport","KRDU","RDU","KRDU Tower","https://www.liveatc.net/play/krdu_twr.pls","",""
"North America","United States","Raleigh/Durham","North Carolina","Raleigh-Durham International Airport","KRDU","RDU","ZDC Sector 38 (Tar River Hi)","https://www.liveatc.net/play/zdc38_dk.pls","",""
"North America","United States","Sanford","North Carolina","Raleigh Executive Jetport at Sanford-Lee County Airport","KTTA","TTA","KTTA AWOS","https://www.liveatc.net/play/ktta_awos.pls","",""
"North America","United States","Sanford","North Carolina","Raleigh Executive Jetport at Sanford-Lee County Airport","KTTA","TTA","KTTA CTAF","https://www.liveatc.net/play/ktta.pls","",""
"North America","United States","Smithfield","North Carolina","Johnston Regional Airport","KJNX","JNX","KJNX AWOS","https://www.liveatc.net/play/kjnx2.pls","",""
"North America","United States","Smithfield","North Carolina","Johnston Regional Airport","KJNX","JNX","KJNX CTAF","https://www.liveatc.net/play/kjnx.pls","",""
"North America","United States","Wilmington","North Carolina","Wilmington International Airport","KILM","ILM","KILM Gnd/Twr/App","https://www.liveatc.net/play/kilm2_gnd_twr_app.pls","",""
"North America","United States","Wilmington","North Carolina","Wilmington International Airport","KILM","ILM","KILM Gnd/Twr/App/ZDC","https://www.liveatc.net/play/kilm2_s.pls","",""
"North America","United States","Wilmington","North Carolina","Wilmington International Airport","KILM","ILM","ZDC Sector 35 Wilmington","https://www.liveatc.net/play/zdc_kilm2.pls","",""
"North America","United States","Wilmington","North Carolina","Wilmington International Airport","KILM","ILM","ZNY Sector 83 HANRI","https://www.liveatc.net/play/zny_ilm_hanri.pls","",""
"North America","United States","Winston Salem","North Carolina","Smith Reynolds Airport","KINT","INT","KINT Emergency/Guard","https://www.liveatc.net/play/kint2_guard.pls","",""
"North America","United States","Winston Salem","North Carolina","Smith Reynolds Airport","KINT","INT","KINT Ground","https://www.liveatc.net/play/kint2_gnd.pls","",""
"North America","United States","Winston Salem","North Carolina","Smith Reynolds Airport","KINT","INT","KINT Tower","https://www.liveatc.net/play/kint2_twr.pls","",""
"North America","United States","Bismarck","North Dakota","Bismarck Municipal Airport","KBIS","BIS","KBIS App/Dep","https://www.liveatc.net/play/kbis3_app.pls","",""
"North America","United States","Bismarck","North Dakota","Bismarck Municipal Airport","KBIS","BIS","KBIS Gnd/Twr","https://www.liveatc.net/play/kbis3_gnd_twr.pls","",""
"North America","United States","Fargo","North Dakota","Hector International Airport","KFAR","FAR","KFAR Tower","https://www.liveatc.net/play/kfar2.pls","",""
"North America","United States","Grand Forks","North Dakota","Grand Forks International Airport","KGFK","GFK","KGFK Approach","https://www.liveatc.net/play/kgfk3_app.pls","",""
"North America","United States","Grand Forks","North Dakota","Grand Forks International Airport","KGFK","GFK","KGFK Ground","https://www.liveatc.net/play/kgfk3_gnd.pls","",""
"North America","United States","Grand Forks","North Dakota","Grand Forks International Airport","KGFK","GFK","KGFK Tower (Both)","https://www.liveatc.net/play/kgfk3_twr.pls","",""
"North America","United States","Grand Forks","North Dakota","Grand Forks International Airport","KGFK","GFK","KGFK Tower 1 (118.4/IFR/VFR)","https://www.liveatc.net/play/kgfk3_twr1.pls","",""
"North America","United States","Williston","North Dakota","Williston Basin International Airport","KXWA","XWA","KXWA Area Guard","https://www.liveatc.net/play/kxwa2_guard.pls","",""
"North America","United States","Williston","North Dakota","Williston Basin International Airport","KXWA","XWA","KXWA CTAF","https://www.liveatc.net/play/kxwa2_ctaf.pls","",""
"North America","United States","Akron","Ohio","Akron Fulton International Airport","KAKR","AKR","KAKR CTAF","https://www.liveatc.net/play/kakr2.pls","",""
"North America","United States","Akron","Ohio","Akron-Canton Regional Airport","KCAK","CAK","KCAK App/Dep","https://www.liveatc.net/play/kcak_app.pls","",""
"North America","United States","Akron","Ohio","Akron-Canton Regional Airport","KCAK","CAK","KCAK ATIS","https://www.liveatc.net/play/kcak_atis.pls","",""
"North America","United States","Akron","Ohio","Akron-Canton Regional Airport","KCAK","CAK","KCAK Del/Gnd/Twr","https://www.liveatc.net/play/kcak_del_gnd_twr.pls","",""
"North America","United States","Cincinnati","Ohio","Cincinnati Municipal Airport-Lunken Field","KLUK","LUK","KLUK Twr/App/Dep","https://www.liveatc.net/play/kluk2.pls","",""
"North America","United States","Cleveland","Ohio","Burke Lakefront Airport","KBKL","BKL","KBKL Gnd/Twr/Misc","https://www.liveatc.net/play/kbkl2.pls","",""
"North America","United States","Cleveland","Ohio","Cleveland-Hopkins International Airport","KCLE","CLE","KCLE Approach","https://www.liveatc.net/play/kcle3_app.pls","",""
"North America","United States","Cleveland","Ohio","Cleveland-Hopkins International Airport","KCLE","CLE","KCLE ATIS","https://www.liveatc.net/play/kcle3_atis.pls","",""
"North America","United States","Cleveland","Ohio","Cleveland-Hopkins International Airport","KCLE","CLE","KCLE Clearance Delivery","https://www.liveatc.net/play/kcle3_del.pls","",""
"North America","United States","Cleveland","Ohio","Cleveland-Hopkins International Airport","KCLE","CLE","KCLE Departure","https://www.liveatc.net/play/kcle3_dep.pls","",""
"North America","United States","Cleveland","Ohio","Cleveland-Hopkins International Airport","KCLE","CLE","KCLE Ground","https://www.liveatc.net/play/kcle3_gnd.pls","",""
"North America","United States","Cleveland","Ohio","Cleveland-Hopkins International Airport","KCLE","CLE","KCLE Tower","https://www.liveatc.net/play/kcle3_twr.pls","",""
"North America","United States","Cleveland","Ohio","Cleveland-Hopkins International Airport","KCLE","CLE","KCLE UNICOM","https://www.liveatc.net/play/kcle3_unicom.pls","",""
"North America","United States","Cleveland","Ohio","Cleveland-Hopkins International Airport","KCLE","CLE","ZOB Sector 21 Windsor Low","https://www.liveatc.net/play/kpcw1_zob_21.pls","",""
"North America","United States","Cleveland","Ohio","Cleveland-Hopkins International Airport","KCLE","CLE","ZOB Sector 47 Bluffton Hi","https://www.liveatc.net/play/kpcw1_zob_47.pls","",""
"North America","United States","Cleveland","Ohio","Cleveland-Hopkins International Airport","KCLE","CLE","ZOB Sector 48 Ravenna Hi","https://www.liveatc.net/play/kpcw1_zob_48.pls","",""
"North America","United States","Columbus","Ohio","Port Columbus International Airport","KCMH","CMH","KCMH App/Dep (118.0)","https://www.liveatc.net/play/kcmh_es_1_app_118000.pls","",""
"North America","United States","Columbus","Ohio","Port Columbus International Airport","KCMH","CMH","KCMH App/Dep (119.65)","https://www.liveatc.net/play/kcmh_es_1_app_119650.pls","",""
"North America","United States","Columbus","Ohio","Port Columbus International Airport","KCMH","CMH","KCMH App/Dep (120.2)","https://www.liveatc.net/play/kcmh_es_1_app_120200.pls","",""
"North America","United States","Columbus","Ohio","Port Columbus International Airport","KCMH","CMH","KCMH App/Dep (132.3)","https://www.liveatc.net/play/kcmh_es_1_app_132300.pls","",""
"North America","United States","Columbus","Ohio","Port Columbus International Airport","KCMH","CMH","KCMH App/Dep (Final)","https://www.liveatc.net/play/kcmh_es_1_app_118200.pls","",""
"North America","United States","Columbus","Ohio","Port Columbus International Airport","KCMH","CMH","KCMH App/Dep (North)","https://www.liveatc.net/play/kcmh_es_1_app_125950.pls","",""
"North America","United States","Columbus","Ohio","Port Columbus International Airport","KCMH","CMH","KCMH App/Dep (South)","https://www.liveatc.net/play/kcmh_es_1_app_134000.pls","",""
"North America","United States","Columbus","Ohio","Port Columbus International Airport","KCMH","CMH","KCMH App/Dep (South/UHF)","https://www.liveatc.net/play/kcmh_es_2_app_uhf.pls","",""
"North America","United States","Columbus","Ohio","Port Columbus International Airport","KCMH","CMH","KCMH ATIS #1","https://www.liveatc.net/play/kcmh_es_2_atis.pls","",""
"North America","United States","Columbus","Ohio","Port Columbus International Airport","KCMH","CMH","KCMH ATIS #2","https://www.liveatc.net/play/kcmh1_atis.pls","",""
"North America","United States","Columbus","Ohio","Port Columbus International Airport","KCMH","CMH","KCMH Clearance Delivery #1","https://www.liveatc.net/play/kcmh_es_1_del.pls","",""
"North America","United States","Columbus","Ohio","Port Columbus International Airport","KCMH","CMH","KCMH Clearance Delivery #2","https://www.liveatc.net/play/kcmh1_del.pls","",""
"North America","United States","Columbus","Ohio","Port Columbus International Airport","KCMH","CMH","KCMH De-Ice","https://www.liveatc.net/play/kcmh_es_2_deice.pls","",""
"North America","United States","Columbus","Ohio","Port Columbus International Airport","KCMH","CMH","KCMH Del/Gnd/Twr","https://www.liveatc.net/play/kcmh1_del_gnd_twr.pls","",""
"North America","United States","Columbus","Ohio","Port Columbus International Airport","KCMH","CMH","KCMH Emergency/Guard #1","https://www.liveatc.net/play/kcmh_es_2_guard.pls","",""
"North America","United States","Columbus","Ohio","Port Columbus International Airport","KCMH","CMH","KCMH Emergency/Guard #2","https://www.liveatc.net/play/kcmh1_guard.pls","",""
"North America","United States","Columbus","Ohio","Port Columbus International Airport","KCMH","CMH","KCMH Ground #1","https://www.liveatc.net/play/kcmh_es_2_gnd.pls","",""
"North America","United States","Columbus","Ohio","Port Columbus International Airport","KCMH","CMH","KCMH Ground #2","https://www.liveatc.net/play/kcmh1_gnd.pls","",""
"North America","United States","Columbus","Ohio","Port Columbus International Airport","KCMH","CMH","KCMH Tower #1","https://www.liveatc.net/play/kcmh_es_2_twr.pls","",""
"North America","United States","Columbus","Ohio","Port Columbus International Airport","KCMH","CMH","KCMH Tower #2","https://www.liveatc.net/play/kcmh1_twr.pls","",""
"North America","United States","Columbus","Ohio","Port Columbus International Airport","KCMH","CMH","KCMH Twr/App/Dep","https://www.liveatc.net/play/kcmh1_twr_app.pls","",""
"North America","United States","Columbus","Ohio","Rickenbacker International Airport","KLCK","LCK","KCMH App/Dep (South)","https://www.liveatc.net/play/kcmh_es_1_app_134000.pls","",""
"North America","United States","Columbus","Ohio","Rickenbacker International Airport","KLCK","LCK","KCMH App/Dep (South/UHF)","https://www.liveatc.net/play/kcmh_es_2_app_uhf.pls","",""
"North America","United States","Columbus","Ohio","Rickenbacker International Airport","KLCK","LCK","KLCK ATIS/AWOS","https://www.liveatc.net/play/klck_es_2_atis.pls","",""
"North America","United States","Columbus","Ohio","Rickenbacker International Airport","KLCK","LCK","KLCK Del/Gnd","https://www.liveatc.net/play/klck_es_1_del_gnd.pls","",""
"North America","United States","Columbus","Ohio","Rickenbacker International Airport","KLCK","LCK","KLCK Del/Gnd (UHF)","https://www.liveatc.net/play/klck_es_1_del_gnd_uhf.pls","",""
"North America","United States","Columbus","Ohio","Rickenbacker International Airport","KLCK","LCK","KLCK Emergency/Guard","https://www.liveatc.net/play/klck_es_1_guard.pls","",""
"North America","United States","Columbus","Ohio","Rickenbacker International Airport","KLCK","LCK","KLCK Tower","https://www.liveatc.net/play/klck_es_1_twr.pls","",""
"North America","United States","Columbus","Ohio","Rickenbacker International Airport","KLCK","LCK","KLCK Tower (UHF)","https://www.liveatc.net/play/klck_es_1_twr_uhf.pls","",""
"North America","United States","Columbus","Ohio","Rickenbacker International Airport","KLCK","LCK","KLCK UNICOM","https://www.liveatc.net/play/klck_es_2_unicom.pls","",""
"North America","United States","Columbus","Ohio","Ohio State University Airport","KOSU","OSU","KCMH App/Dep (North","https://www.liveatc.net/play/kcmh_es_1_app_125950.pls","",""
"North America","United States","Columbus","Ohio","Ohio State University Airport","KOSU","OSU","KOSU Air-to-Air/UNICOM","https://www.liveatc.net/play/kosu3_a2a_unicom.pls","",""
"North America","United States","Columbus","Ohio","Ohio State University Airport","KOSU","OSU","KOSU ATIS","https://www.liveatc.net/play/kosu3_atis.pls","",""
"North America","United States","Columbus","Ohio","Ohio State University Airport","KOSU","OSU","KOSU Ground/Tower","https://www.liveatc.net/play/kosu3_twr_gnd.pls","",""
"North America","United States","Dayton","Ohio","James M Cox Dayton International Airport","KDAY","DAY","KDAY Del/Gnd/Twr/App","https://www.liveatc.net/play/kday.pls","",""
"North America","United States","Dayton","Ohio","Dayton Wright Brothers Airport","KMGY","MGY","KMGY Air to Air","https://www.liveatc.net/play/kmgy1_a2a.pls","",""
"North America","United States","Dayton","Ohio","Dayton Wright Brothers Airport","KMGY","MGY","KMGY AWOS","https://www.liveatc.net/play/kmgy1_awos.pls","",""
"North America","United States","Dayton","Ohio","Dayton Wright Brothers Airport","KMGY","MGY","KMGY CTAF","https://www.liveatc.net/play/kmgy1_ctaf.pls","",""
"North America","United States","Dayton","Ohio","Dayton Wright Brothers Airport","KMGY","MGY","KMGY Emergency/Guard","https://www.liveatc.net/play/kmgy1_guard.pls","",""
"North America","United States","Hamilton","Ohio","Butler Co Regional Airport","KHAO","HAO","KHAO CTAF","https://www.liveatc.net/play/khao2.pls","",""
"North America","United States","Mansfield","Ohio","Mansfield Lahm Regional Airport","KMFD","MFD","KMFD ATIS","https://www.liveatc.net/play/kmfd1_atis.pls","",""
"North America","United States","Mansfield","Ohio","Mansfield Lahm Regional Airport","KMFD","MFD","KMFD Gnd/Twr/App","https://www.liveatc.net/play/kmfd1_scanner.pls","",""
"North America","United States","Mansfield","Ohio","Mansfield Lahm Regional Airport","KMFD","MFD","ZOB Sector 04 Mansfield Low","https://www.liveatc.net/play/kmfd1_zob04.pls","",""
"North America","United States","Mansfield","Ohio","Mansfield Lahm Regional Airport","KMFD","MFD","ZOB Sector 06 Briggs Low","https://www.liveatc.net/play/kmfd1_zob06.pls","",""
"North America","United States","Mansfield","Ohio","Mansfield Lahm Regional Airport","KMFD","MFD","ZOB Sector 45 Geauga Ultra Hi","https://www.liveatc.net/play/kmfd1_zob45.pls","",""
"North America","United States","Mansfield","Ohio","Mansfield Lahm Regional Airport","KMFD","MFD","ZOB Sector 49 Lorain Hi","https://www.liveatc.net/play/kmfd1_zob49.pls","",""
"North America","United States","Port Clinton","Ohio","Erie-Ottawa International Airport","KPCW","","KPCW CTAF/App","https://www.liveatc.net/play/kpcw1_ctaf.pls","",""
"North America","United States","Toledo","Ohio","Toledo Express Airport","KTOL","TOL","KTOL Del/Gnd/Twr/App","https://www.liveatc.net/play/ktol.pls","",""
"North America","United States","Norman","Oklahoma","University of Oklahoma Westheimer Airport","KOUN","OUN","KOUN Tower","https://www.liveatc.net/play/koun_twr.pls","",""
"North America","United States","Oklahoma City","Oklahoma","Sundance Airpark","KHSD","","KHSD CTAF","https://www.liveatc.net/play/khsd2.pls","",""
"North America","United States","Oklahoma City","Oklahoma","Will Rogers World Airport","KOKC","OKC","KOKC App/Dep (NE)","https://www.liveatc.net/play/kokc_app_1242.pls","",""
"North America","United States","Oklahoma City","Oklahoma","Will Rogers World Airport","KOKC","OKC","KOKC App/Dep (SW)","https://www.liveatc.net/play/kokc_app_1246.pls","",""
"North America","United States","Oklahoma City","Oklahoma","Will Rogers World Airport","KOKC","OKC","KOKC ATIS","https://www.liveatc.net/play/kokc_atis.pls","",""
"North America","United States","Oklahoma City","Oklahoma","Will Rogers World Airport","KOKC","OKC","KOKC Clearance Delivery","https://www.liveatc.net/play/kokc_del.pls","",""
"North America","United States","Oklahoma City","Oklahoma","Will Rogers World Airport","KOKC","OKC","KOKC Emergency/Guard","https://www.liveatc.net/play/kokc_guard.pls","",""
"North America","United States","Oklahoma City","Oklahoma","Will Rogers World Airport","KOKC","OKC","KOKC Ground","https://www.liveatc.net/play/kokc_gnd.pls","",""
"North America","United States","Oklahoma City","Oklahoma","Will Rogers World Airport","KOKC","OKC","KOKC Tower","https://www.liveatc.net/play/kokc_twr.pls","",""
"North America","United States","Oklahoma City","Oklahoma","Wiley Post Airport","KPWA","PWA","KPWA Tower","https://www.liveatc.net/play/kpwa3_twr.pls","",""
"North America","United States","Stillwater","Oklahoma","Stillwater Regional Airport","KSWO","SWO","KSWO Ground","https://www.liveatc.net/play/kswo4_gnd.pls","",""
"North America","United States","Stillwater","Oklahoma","Stillwater Regional Airport","KSWO","SWO","KSWO Ground/Tower #1","https://www.liveatc.net/play/kswo4_gnd_twr.pls","",""
"North America","United States","Stillwater","Oklahoma","Stillwater Regional Airport","KSWO","SWO","KSWO Ground/Tower #2","https://www.liveatc.net/play/kswo3.pls","",""
"North America","United States","Stillwater","Oklahoma","Stillwater Regional Airport","KSWO","SWO","KSWO Tower","https://www.liveatc.net/play/kswo4_twr.pls","",""
"North America","United States","Tulsa","Oklahoma","Richard Lloyd Jones Jr Airport","KRVS","RVS","KRVS Ground/Tower","https://www.liveatc.net/play/krvs.pls","",""
"North America","United States","Tulsa","Oklahoma","Tulsa International Airport","KTUL","TUL","KTUL Del/Gnd/Twr/App","https://www.liveatc.net/play/ktul1.pls","",""
"North America","United States","Tulsa","Oklahoma","Tulsa International Airport","KTUL","TUL","ZKC (Tulsa RCAG)","https://www.liveatc.net/play/ktul2.pls","",""
"North America","United States","Aurora","Oregon","Aurora State Airport","KUAO","","KUAO Area Emergency/Guard","https://www.liveatc.net/play/kuao1_guard.pls","",""
"North America","United States","Aurora","Oregon","Aurora State Airport","KUAO","","KUAO ATIS","https://www.liveatc.net/play/kuao1_atis.pls","",""
"North America","United States","Aurora","Oregon","Aurora State Airport","KUAO","","KUAO Clearance Delivery","https://www.liveatc.net/play/kuao1_del.pls","",""
"North America","United States","Aurora","Oregon","Aurora State Airport","KUAO","","KUAO Ground","https://www.liveatc.net/play/kuao1_gnd_119150.pls","",""
"North America","United States","Aurora","Oregon","Aurora State Airport","KUAO","","KUAO Ground/Tower","https://www.liveatc.net/play/kuao1_gnd_twr.pls","",""
"North America","United States","Aurora","Oregon","Aurora State Airport","KUAO","","KUAO Tower","https://www.liveatc.net/play/kuao1_twr_120350.pls","",""
"North America","United States","Aurora","Oregon","Aurora State Airport","KUAO","","Portland Approach","https://www.liveatc.net/play/kuao1_app.pls","",""
"North America","United States","Aurora","Oregon","Aurora State Airport","KUAO","","Portland Approach (RDM/HIO/UAO Areas)","https://www.liveatc.net/play/kuao1_app_126000.pls","",""
"North America","United States","Aurora","Oregon","Aurora State Airport","KUAO","","Seattle Center (Sector 46 Low/High)","https://www.liveatc.net/play/kuao1_zse_121350.pls","",""
"North America","United States","Bend","Oregon","Bend Municipal Airport","KBDN","BDN","KBDN CTAF","https://www.liveatc.net/play/kbdn2_ctaf.pls","",""
"North America","United States","Bend","Oregon","Bend Municipal Airport","KBDN","BDN","ZSE Seattle Center (Sector 05)","https://www.liveatc.net/play/kbdn2_zse05.pls","",""
"North America","United States","Bend","Oregon","Bend Municipal Airport","KBDN","BDN","ZSE Seattle Center (Sector 35)","https://www.liveatc.net/play/kbdn2_zse35.pls","",""
"North America","United States","Corvallis","Oregon","Corvallis Municipal Airport","KCVO","CVO","KCVO CTAF/Misc","https://www.liveatc.net/play/kcvo.pls","",""
"North America","United States","Eugene","Oregon","Mahlon Sweet Field","KEUG","EUG","Cascade App/Dep 119.6","https://www.liveatc.net/play/keug3_app_119600.pls","",""
"North America","United States","Eugene","Oregon","Mahlon Sweet Field","KEUG","EUG","Cascade App/Dep 120.25","https://www.liveatc.net/play/keug3_app_120250.pls","",""
"North America","United States","Eugene","Oregon","Mahlon Sweet Field","KEUG","EUG","Cascade Approach/Departure","https://www.liveatc.net/play/keug3_app.pls","",""
"North America","United States","Eugene","Oregon","Mahlon Sweet Field","KEUG","EUG","KEUG ATIS","https://www.liveatc.net/play/keug3_atis.pls","",""
"North America","United States","Eugene","Oregon","Mahlon Sweet Field","KEUG","EUG","KEUG Emergency/Guard","https://www.liveatc.net/play/keug3_guard.pls","",""
"North America","United States","Eugene","Oregon","Mahlon Sweet Field","KEUG","EUG","KEUG Ground","https://www.liveatc.net/play/keug3_gnd.pls","",""
"North America","United States","Eugene","Oregon","Mahlon Sweet Field","KEUG","EUG","KEUG Ground/Tower","https://www.liveatc.net/play/keug3_gnd_twr.pls","",""
"North America","United States","Eugene","Oregon","Mahlon Sweet Field","KEUG","EUG","KEUG Tower (Both)","https://www.liveatc.net/play/keug3_twr.pls","",""
"North America","United States","Eugene","Oregon","Mahlon Sweet Field","KEUG","EUG","KEUG Tower (Rwy 16L/34R)","https://www.liveatc.net/play/keug3_twr_124150.pls","",""
"North America","United States","Eugene","Oregon","Mahlon Sweet Field","KEUG","EUG","KEUG Tower (Rwy 16R/34L)","https://www.liveatc.net/play/keug3_twr_118900.pls","",""
"North America","United States","Eugene","Oregon","Mahlon Sweet Field","KEUG","EUG","Seattle Center (Sector 06 Low)","https://www.liveatc.net/play/keug3_zse_125800.pls","",""
"North America","United States","Eugene","Oregon","Mahlon Sweet Field","KEUG","EUG","Seattle Center (Sectors 42/36)","https://www.liveatc.net/play/keug3_zse_132075_127550.pls","",""
"North America","United States","Newport","Oregon","Newport Municipal Airport","KONP","ONP","KONP Area Emergency/Guard","https://www.liveatc.net/play/konp2_guard.pls","",""
"North America","United States","Newport","Oregon","Newport Municipal Airport","KONP","ONP","KONP CTAF","https://www.liveatc.net/play/konp2_ctaf.pls","",""
"North America","United States","North Bend","Oregon","Southwest Oregon Regional Airport","KOTH","OTH","KOTH ATIS/AWOS","https://www.liveatc.net/play/koth_atis.pls","",""
"North America","United States","North Bend","Oregon","Southwest Oregon Regional Airport","KOTH","OTH","KOTH Gnd/Twr","https://www.liveatc.net/play/koth_gnd_twr.pls","",""
"North America","United States","North Bend","Oregon","Southwest Oregon Regional Airport","KOTH","OTH","KOTH Ground","https://www.liveatc.net/play/koth_gnd.pls","",""
"North America","United States","North Bend","Oregon","Southwest Oregon Regional Airport","KOTH","OTH","KOTH Tower/CTAF","https://www.liveatc.net/play/koth_twr.pls","",""
"North America","United States","Pendleton","Oregon","Eastern Oregon Regional Airport at Pendleton","KPDT","PDT","KPDT Gnd/Twr/App","https://www.liveatc.net/play/kpdt2.pls","",""
"North America","United States","Portland","Oregon","Portland-Hillsboro Airport","KHIO","HIO","KHIO Ground","https://www.liveatc.net/play/khio_gnd.pls","",""
"North America","United States","Portland","Oregon","Portland-Hillsboro Airport","KHIO","HIO","KHIO Tower (Both)","https://www.liveatc.net/play/khio.pls","",""
"North America","United States","Portland","Oregon","Portland International Airport","KPDX","PDX","KPDX App/Dep (North)","https://www.liveatc.net/play/kpdx_app_124350.pls","",""
"North America","United States","Portland","Oregon","Portland International Airport","KPDX","PDX","KPDX App/Dep (South)","https://www.liveatc.net/play/kpdx_app_118100.pls","",""
"North America","United States","Portland","Oregon","Portland International Airport","KPDX","PDX","KPDX Approach (Final) #1","https://www.liveatc.net/play/kpdx_app_final.pls","",""
"North America","United States","Portland","Oregon","Portland International Airport","KPDX","PDX","KPDX Approach (Final) #2","https://www.liveatc.net/play/kpdx3_app_final.pls","",""
"North America","United States","Portland","Oregon","Portland International Airport","KPDX","PDX","KPDX ATIS","https://www.liveatc.net/play/kpdx3_atis.pls","",""
"North America","United States","Portland","Oregon","Portland International Airport","KPDX","PDX","KPDX Clearance Delivery","https://www.liveatc.net/play/kpdx3_del.pls","",""
"North America","United States","Portland","Oregon","Portland International Airport","KPDX","PDX","KPDX Del/Gnd","https://www.liveatc.net/play/kpdx3_del_gnd.pls","",""
"North America","United States","Portland","Oregon","Portland International Airport","KPDX","PDX","KPDX Ground","https://www.liveatc.net/play/kpdx3_gnd.pls","",""
"North America","United States","Portland","Oregon","Portland International Airport","KPDX","PDX","KPDX Tower (Both)","https://www.liveatc.net/play/kpdx3_twr.pls","",""
"North America","United States","Portland","Oregon","Portland International Airport","KPDX","PDX","KPDX Tower (Primary)","https://www.liveatc.net/play/kpdx3_twr_123775.pls","",""
"North America","United States","Portland","Oregon","Portland International Airport","KPDX","PDX","KPDX Tower (Rwy 10L/28R 118.7)","https://www.liveatc.net/play/kpdx3_twr_118700.pls","",""
"North America","United States","Portland","Oregon","Portland International Airport","KPDX","PDX","ZSE Seattle Center (PDX Area)","https://www.liveatc.net/play/kpdx_zse.pls","",""
"North America","United States","Portland","Oregon","Portland-Troutdale Airport","KTTD","TTD","KTTD ATIS","https://www.liveatc.net/play/kttd1_atis.pls","",""
"North America","United States","Portland","Oregon","Portland-Troutdale Airport","KTTD","TTD","KTTD Ground","https://www.liveatc.net/play/kttd1_gnd.pls","",""
"North America","United States","Portland","Oregon","Portland-Troutdale Airport","KTTD","TTD","KTTD Tower","https://www.liveatc.net/play/kttd1.pls","",""
"North America","United States","Redmond","Oregon","Roberts Field","KRDM","RDM","KRDM ATIS","https://www.liveatc.net/play/krdm2_atis.pls","",""
"North America","United States","Redmond","Oregon","Roberts Field","KRDM","RDM","KRDM Ground/Tower","https://www.liveatc.net/play/krdm2_gnd_twr.pls","",""
"North America","United States","Redmond","Oregon","Roberts Field","KRDM","RDM","ZSE Seattle Center (Sector 05)","https://www.liveatc.net/play/krdm2_zse05.pls","",""
"North America","United States","Redmond","Oregon","Roberts Field","KRDM","RDM","ZSE Seattle Center (Sector 35)","https://www.liveatc.net/play/krdm2_zse35.pls","",""
"North America","United States","Redmond","Oregon","Roberts Field","KRDM","RDM","ZSE Seattle Center (Sector 46)","https://www.liveatc.net/play/krdm2_zse46.pls","",""
"North America","United States","Salem","Oregon","McNary Field Airport","KSLE","SLE","KSLE Gnd/Twr","https://www.liveatc.net/play/ksle.pls","",""
"North America","United States","Allentown","Pennsylvania","Lehigh Valley International Airport","KABE","ABE","KABE App/Dep","https://www.liveatc.net/play/kabe1_app.pls","",""
"North America","United States","Allentown","Pennsylvania","Lehigh Valley International Airport","KABE","ABE","KABE App/Dep (Above 3000')","https://www.liveatc.net/play/kabe1_app_124450.pls","",""
"North America","United States","Allentown","Pennsylvania","Lehigh Valley International Airport","KABE","ABE","KABE App/Dep (Below 3000')","https://www.liveatc.net/play/kabe1_app_119650.pls","",""
"North America","United States","Allentown","Pennsylvania","Lehigh Valley International Airport","KABE","ABE","KABE Clearance Delivery","https://www.liveatc.net/play/kabe1_del.pls","",""
"North America","United States","Allentown","Pennsylvania","Lehigh Valley International Airport","KABE","ABE","KABE Del/Gnd/Twr","https://www.liveatc.net/play/kabe1_del_gnd_twr.pls","",""
"North America","United States","Allentown","Pennsylvania","Lehigh Valley International Airport","KABE","ABE","KABE Del/Gnd/Twr/App","https://www.liveatc.net/play/kabe1_all.pls","",""
"North America","United States","Allentown","Pennsylvania","Lehigh Valley International Airport","KABE","ABE","KABE Ground","https://www.liveatc.net/play/kabe1_gnd.pls","",""
"North America","United States","Allentown","Pennsylvania","Lehigh Valley International Airport","KABE","ABE","KABE Tower","https://www.liveatc.net/play/kabe1_twr.pls","",""
"North America","United States","Allentown","Pennsylvania","Lehigh Valley International Airport","KABE","ABE","KABE Twr/App/Dep","https://www.liveatc.net/play/kabe1_twr_app.pls","",""
"North America","United States","Allentown","Pennsylvania","Lehigh Valley International Airport","KABE","ABE","ZNY Sector 55 (Yardley Backup)","https://www.liveatc.net/play/kabe1_zny_123825.pls","",""
"North America","United States","Allentown","Pennsylvania","Lehigh Valley International Airport","KABE","ABE","ZNY Sector 92 (Pottstown Low)","https://www.liveatc.net/play/kabe1_zny92.pls","",""
"North America","United States","Allentown","Pennsylvania","Lehigh Valley International Airport","KABE","ABE","ZNY Sectors 39/55 (Parke/Yardley)","https://www.liveatc.net/play/kabe1_zny39_55.pls","",""
"North America","United States","Beaver Falls","Pennsylvania","Beaver County Airport","KBVI","BVI","KBVI ATIS","https://www.liveatc.net/play/kbvi_atis.pls","",""
"North America","United States","Beaver Falls","Pennsylvania","Beaver County Airport","KBVI","BVI","KBVI Del/Gnd/Twr","https://www.liveatc.net/play/kbvi_gnd_twr.pls","",""
"North America","United States","Beaver Falls","Pennsylvania","Beaver County Airport","KBVI","BVI","KBVI Ground","https://www.liveatc.net/play/kbvi_gnd.pls","",""
"North America","United States","Beaver Falls","Pennsylvania","Beaver County Airport","KBVI","BVI","KBVI Tower","https://www.liveatc.net/play/kbvi_twr2.pls","",""
"North America","United States","Coatesville","Pennsylvania","Heritage Field Airport","KPTW","PTW","KPTW CTAF","https://www.liveatc.net/play/kptw3_ctaf.pls","",""
"North America","United States","Doylestown","Pennsylvania","Doylestown Airport","KDYL","DYL","KDYL CTAF #1","https://www.liveatc.net/play/kdyl.pls","",""
"North America","United States","Doylestown","Pennsylvania","Doylestown Airport","KDYL","DYL","KDYL CTAF #2","https://www.liveatc.net/play/kdyl2.pls","",""
"North America","United States","Harrisburg","Pennsylvania","Capital City Airport","KCXY","HAR","KCXY Ground","https://www.liveatc.net/play/kmdt1_kcxy_gnd.pls","",""
"North America","United States","Harrisburg","Pennsylvania","Capital City Airport","KCXY","HAR","KCXY Ground/Tower","https://www.liveatc.net/play/kmdt1_kcxy_gnd_twr.pls","",""
"North America","United States","Harrisburg","Pennsylvania","Capital City Airport","KCXY","HAR","KCXY Tower","https://www.liveatc.net/play/kmdt1_kcxy_twr.pls","",""
"North America","United States","Harrisburg","Pennsylvania","Harrisburg International Airport","KMDT","MDT","KMDT App/Dep (East)","https://www.liveatc.net/play/kmdt1_app_e.pls","",""
"North America","United States","Harrisburg","Pennsylvania","Harrisburg International Airport","KMDT","MDT","KMDT App/Dep (East/West)","https://www.liveatc.net/play/kmdt1_app.pls","",""
"North America","United States","Harrisburg","Pennsylvania","Harrisburg International Airport","KMDT","MDT","KMDT App/Dep (North)","https://www.liveatc.net/play/kmdt1_app_n.pls","",""
"North America","United States","Harrisburg","Pennsylvania","Harrisburg International Airport","KMDT","MDT","KMDT App/Dep (West)","https://www.liveatc.net/play/kmdt1_app_w.pls","",""
"North America","United States","Harrisburg","Pennsylvania","Harrisburg International Airport","KMDT","MDT","KMDT ATIS","https://www.liveatc.net/play/kmdt1_atis.pls","",""
"North America","United States","Harrisburg","Pennsylvania","Harrisburg International Airport","KMDT","MDT","KMDT Emergency/Ground","https://www.liveatc.net/play/kmdt1_guard.pls","",""
"North America","United States","Harrisburg","Pennsylvania","Harrisburg International Airport","KMDT","MDT","KMDT Ground","https://www.liveatc.net/play/kmdt1_gnd.pls","",""
"North America","United States","Harrisburg","Pennsylvania","Harrisburg International Airport","KMDT","MDT","KMDT Tower","https://www.liveatc.net/play/kmdt1_twr.pls","",""
"North America","United States","Harrisburg","Pennsylvania","Harrisburg International Airport","KMDT","MDT","ZNY New York Center Sector 10","https://www.liveatc.net/play/kmdt1_zny10.pls","",""
"North America","United States","Harrisburg","Pennsylvania","Harrisburg International Airport","KMDT","MDT","ZNY New York Center Sector 26","https://www.liveatc.net/play/kmdt1_zny26.pls","",""
"North America","United States","Harrisburg","Pennsylvania","Harrisburg International Airport","KMDT","MDT","ZNY New York Center Sector 27","https://www.liveatc.net/play/kmdt1_zny27.pls","",""
"North America","United States","Harrisburg","Pennsylvania","Harrisburg International Airport","KMDT","MDT","ZNY New York Center Sector 8","https://www.liveatc.net/play/kmdt1_zny08.pls","",""
"North America","United States","Lancaster","Pennsylvania","Lancaster Airport","KLNS","LNS","KLNS ATIS","https://www.liveatc.net/play/klns_atis.pls","",""
"North America","United States","Lancaster","Pennsylvania","Lancaster Airport","KLNS","LNS","KLNS Emergency/Guard","https://www.liveatc.net/play/klns_guard.pls","",""
"North America","United States","Lancaster","Pennsylvania","Lancaster Airport","KLNS","LNS","KLNS Ground","https://www.liveatc.net/play/klns_gnd.pls","",""
"North America","United States","Lancaster","Pennsylvania","Lancaster Airport","KLNS","LNS","KLNS Ground/Tower","https://www.liveatc.net/play/klns_gnd_twr.pls","",""
"North America","United States","Lancaster","Pennsylvania","Lancaster Airport","KLNS","LNS","KLNS Tower","https://www.liveatc.net/play/klns_twr.pls","",""
"North America","United States","Latrobe","Pennsylvania","Arnold Palmer Regional Airport","KLBE","LBE","KLBE Ground/Tower","https://www.liveatc.net/play/klbe1.pls","",""
"North America","United States","Philadelphia","Pennsylvania","Philadelphia International Airport","KPHL","PHL","KPHL App (Final)","https://www.liveatc.net/play/kphl_final.pls","https://youtu.be/azhIWng8xhk",""
"North America","United States","Philadelphia","Pennsylvania","Philadelphia International Airport","KPHL","PHL","KPHL App (N. Arrival) #1","https://www.liveatc.net/play/kphl_app_128400.pls","https://youtu.be/azhIWng8xhk",""
"North America","United States","Philadelphia","Pennsylvania","Philadelphia International Airport","KPHL","PHL","KPHL App (N. Arrival) #2","https://www.liveatc.net/play/kphl_n_arr.pls","https://youtu.be/azhIWng8xhk",""
"North America","United States","Philadelphia","Pennsylvania","Philadelphia International Airport","KPHL","PHL","KPHL App (S. Arrival) #1","https://www.liveatc.net/play/kphl_s_arr.pls","https://youtu.be/azhIWng8xhk",""
"North America","United States","Philadelphia","Pennsylvania","Philadelphia International Airport","KPHL","PHL","KPHL App (S. Arrival) #2","https://www.liveatc.net/play/kphl_app_133875.pls","https://youtu.be/azhIWng8xhk",""
"North America","United States","Philadelphia","Pennsylvania","Philadelphia International Airport","KPHL","PHL","KPHL App/Dep (South)","https://www.liveatc.net/play/kphl_app_119750.pls","https://youtu.be/azhIWng8xhk",""
"North America","United States","Philadelphia","Pennsylvania","Philadelphia International Airport","KPHL","PHL","KPHL Approach (North High)","https://www.liveatc.net/play/kphl_app_n_high.pls","",""
"North America","United States","Philadelphia","Pennsylvania","Philadelphia International Airport","KPHL","PHL","KPHL ATIS (Arrival)","https://www.liveatc.net/play/kphl_atis_arr.pls","https://youtu.be/azhIWng8xhk",""
"North America","United States","Philadelphia","Pennsylvania","Philadelphia International Airport","KPHL","PHL","KPHL ATIS (Departure)","https://www.liveatc.net/play/kphl_atis_dep.pls","https://youtu.be/azhIWng8xhk",""
"North America","United States","Philadelphia","Pennsylvania","Philadelphia International Airport","KPHL","PHL","KPHL Clearance Delivery","https://www.liveatc.net/play/kphl_del2.pls","https://youtu.be/azhIWng8xhk",""
"North America","United States","Philadelphia","Pennsylvania","Philadelphia International Airport","KPHL","PHL","KPHL Dep (N/S Dep)","https://www.liveatc.net/play/kphl_dep.pls","https://youtu.be/azhIWng8xhk",""
"North America","United States","Philadelphia","Pennsylvania","Philadelphia International Airport","KPHL","PHL","KPHL Departure (North)","https://www.liveatc.net/play/kphl_dep_n.pls","",""
"North America","United States","Philadelphia","Pennsylvania","Philadelphia International Airport","KPHL","PHL","KPHL Departure (South)","https://www.liveatc.net/play/kphl_dep_s.pls","",""
"North America","United States","Philadelphia","Pennsylvania","Philadelphia International Airport","KPHL","PHL","KPHL Ground (Both)","https://www.liveatc.net/play/kphl_gnd.pls","",""
"North America","United States","Philadelphia","Pennsylvania","Philadelphia International Airport","KPHL","PHL","KPHL Ground 1","https://www.liveatc.net/play/kphl_gnd1.pls","",""
"North America","United States","Philadelphia","Pennsylvania","Philadelphia International Airport","KPHL","PHL","KPHL Ground 2 (West)","https://www.liveatc.net/play/kphl_gnd2.pls","",""
"North America","United States","Philadelphia","Pennsylvania","Philadelphia International Airport","KPHL","PHL","KPHL Ramp Control","https://www.liveatc.net/play/kphl_ramp.pls","https://youtu.be/azhIWng8xhk",""
"North America","United States","Philadelphia","Pennsylvania","Philadelphia International Airport","KPHL","PHL","KPHL Tower (East)","https://www.liveatc.net/play/kphl_twr_east.pls","https://youtu.be/azhIWng8xhk",""
"North America","United States","Philadelphia","Pennsylvania","Philadelphia International Airport","KPHL","PHL","KPHL Tower (East/West)","https://www.liveatc.net/play/kphl_twr_both.pls","https://youtu.be/azhIWng8xhk",""
"North America","United States","Philadelphia","Pennsylvania","Philadelphia International Airport","KPHL","PHL","KPHL Tower (West)","https://www.liveatc.net/play/kphl_twr_west.pls","https://youtu.be/azhIWng8xhk",""
"North America","United States","Philadelphia","Pennsylvania","Northeast Philadelphia Airport","KPNE","PNE","KPNE App/Dep","https://www.liveatc.net/play/kpne1_app2.pls","",""
"North America","United States","Philadelphia","Pennsylvania","Northeast Philadelphia Airport","KPNE","PNE","KPNE ATIS","https://www.liveatc.net/play/kpne1_atis.pls","",""
"North America","United States","Philadelphia","Pennsylvania","Northeast Philadelphia Airport","KPNE","PNE","KPNE Del/Gnd/Twr","https://www.liveatc.net/play/kpne_gnd_twr.pls","",""
"North America","United States","Philadelphia","Pennsylvania","Northeast Philadelphia Airport","KPNE","PNE","KPNE Del/Gnd/Twr/App","https://www.liveatc.net/play/kpne.pls","",""
"North America","United States","Pittsburgh","Pennsylvania","Pittsburgh International Airport","KPIT","PIT","KPIT App/Dep","https://www.liveatc.net/play/kpit2_app_dep.pls","",""
"North America","United States","Pittsburgh","Pennsylvania","Pittsburgh International Airport","KPIT","PIT","KPIT Del/Gnd/Ramp","https://www.liveatc.net/play/kpit2_del_gnd.pls","",""
"North America","United States","Pittsburgh","Pennsylvania","Pittsburgh International Airport","KPIT","PIT","KPIT Tower","https://www.liveatc.net/play/kpit2_twr.pls","",""
"North America","United States","Pittsburgh","Pennsylvania","Pittsburgh International Airport","KPIT","PIT","ZOB (Moon Twp RCAG)","https://www.liveatc.net/play/kpit2_zob.pls","",""
"North America","United States","Quakertown","Pennsylvania","Quakertown Airport","KUKT","UKT","KUKT AWOS","https://www.liveatc.net/play/kukt1_awos.pls","",""
"North America","United States","Quakertown","Pennsylvania","Quakertown Airport","KUKT","UKT","KUKT Clearance Delivery","https://www.liveatc.net/play/kukt1_del.pls","",""
"North America","United States","Quakertown","Pennsylvania","Quakertown Airport","KUKT","UKT","KUKT CTAF","https://www.liveatc.net/play/kukt1_ctaf.pls","",""
"North America","United States","Reading","Pennsylvania","Reading Regional Airport/Carl A Spaatz Field","KRDG","RDG","KRDG App/Dep #1","https://www.liveatc.net/play/krdg2_app.pls","",""
"North America","United States","Reading","Pennsylvania","Reading Regional Airport/Carl A Spaatz Field","KRDG","RDG","KRDG App/Dep #2","https://www.liveatc.net/play/krdg2_app2.pls","",""
"North America","United States","Reading","Pennsylvania","Reading Regional Airport/Carl A Spaatz Field","KRDG","RDG","KRDG Area Guard","https://www.liveatc.net/play/krdg2_guard.pls","",""
"North America","United States","Reading","Pennsylvania","Reading Regional Airport/Carl A Spaatz Field","KRDG","RDG","KRDG ATIS","https://www.liveatc.net/play/krdg2_atis.pls","",""
"North America","United States","Reading","Pennsylvania","Reading Regional Airport/Carl A Spaatz Field","KRDG","RDG","KRDG Gnd/Twr/App/Dep","https://www.liveatc.net/play/krdg2.pls","",""
"North America","United States","Reading","Pennsylvania","Reading Regional Airport/Carl A Spaatz Field","KRDG","RDG","KRDG Ground","https://www.liveatc.net/play/krdg2_gnd2.pls","",""
"North America","United States","Reading","Pennsylvania","Reading Regional Airport/Carl A Spaatz Field","KRDG","RDG","KRDG Ground/Tower #1","https://www.liveatc.net/play/krdg2_gnd_twr.pls","",""
"North America","United States","Reading","Pennsylvania","Reading Regional Airport/Carl A Spaatz Field","KRDG","RDG","KRDG Ground/Tower #2","https://www.liveatc.net/play/krdg2_gnd_twr2.pls","",""
"North America","United States","Reading","Pennsylvania","Reading Regional Airport/Carl A Spaatz Field","KRDG","RDG","KRDG Tower","https://www.liveatc.net/play/krdg2_twr2.pls","",""
"North America","United States","Reading","Pennsylvania","Reading Regional Airport/Carl A Spaatz Field","KRDG","RDG","KRDG Twr/App/Dep","https://www.liveatc.net/play/krdg2_twr_app.pls","",""
"North America","United States","State College","Pennsylvania","State College Regional Airport","KUNV","UNV","KUNV Gnd/Twr","https://www.liveatc.net/play/kunv.pls","",""
"North America","United States","State College","Pennsylvania","State College Regional Airport","KUNV","UNV","ZNY Sector 73","https://www.liveatc.net/play/kunv_ctr_1.pls","",""
"North America","United States","West Chester","Pennsylvania","Brandywine Airport","KOQN","","KOQN AWOS","https://www.liveatc.net/play/koqn1_awos.pls","",""
"North America","United States","West Chester","Pennsylvania","Brandywine Airport","KOQN","","KOQN CTAF #1","https://www.liveatc.net/play/koqn1_ctaf.pls","",""
"North America","United States","West Chester","Pennsylvania","Brandywine Airport","KOQN","","KOQN CTAF #2","https://www.liveatc.net/play/koqn1_ctaf2.pls","",""
"North America","United States","West Chester","Pennsylvania","Brandywine Airport","KOQN","","ZDC Sector 18 (Dupont)","https://www.liveatc.net/play/koqn1_zdc18.pls","",""
"North America","United States","West Chester","Pennsylvania","Brandywine Airport","KOQN","","ZNY Sector 25 (Modena)","https://www.liveatc.net/play/koqn1_zny25.pls","",""
"North America","United States","Wilkes-Barre/Scranton","Pennsylvania","Wilkes Barre Scranton International Airport","KAVP","AVP","KAVP Gnd/Twr/App/Misc","https://www.liveatc.net/play/kavp2.pls","",""
"North America","United States","Williamsport","Pennsylvania","Williamsport Regional Airport","KIPT","IPT","KIPT Gnd/Twr","https://www.liveatc.net/play/kipt.pls","",""
"North America","United States","Williamsport","Pennsylvania","Williamsport Regional Airport","KIPT","IPT","ZNY Sector 49","https://www.liveatc.net/play/kipt1_zny49.pls","",""
"North America","United States","Williamsport","Pennsylvania","Williamsport Regional Airport","KIPT","IPT","ZNY Sector 74","https://www.liveatc.net/play/kipt1_zny_74.pls","",""
"North America","United States","Williamsport","Pennsylvania","Williamsport Regional Airport","KIPT","IPT","ZNY Sector 91","https://www.liveatc.net/play/kipt1_zny_91.pls","",""
"North America","United States","Williamsport","Pennsylvania","Williamsport Regional Airport","KIPT","IPT","ZNY Sectors 74/92","https://www.liveatc.net/play/kipt1_zny_74_92.pls","",""
"North America","United States","Zelienople","Pennsylvania","Zelienople Municipal Airport","KPJC","PJC","KPJC Area Emergency/Guard","https://www.liveatc.net/play/kpjc3_guard.pls","","KBTP"
"North America","United States","Zelienople","Pennsylvania","Zelienople Municipal Airport","KPJC","PJC","KPJC CTAF","https://www.liveatc.net/play/kpjc3_ctaf.pls","","KBTP"
"North America","United States","Ponce","Puerto Rico","Mercedita Airport","TJPS","PSE","TJPS CTAF/Clearance","https://www.liveatc.net/play/tjps1_ctaf.pls","",""
"North America","United States","San Juan","Puerto Rico","Fernando Luis Ribas Dominicci Airport","TJIG","SIG","TJIG ATIS","https://www.liveatc.net/play/tjig2_atis.pls","",""
"North America","United States","San Juan","Puerto Rico","Fernando Luis Ribas Dominicci Airport","TJIG","SIG","TJIG Ground","https://www.liveatc.net/play/tjig2_gnd.pls","",""
"North America","United States","San Juan","Puerto Rico","Fernando Luis Ribas Dominicci Airport","TJIG","SIG","TJIG Ground/Tower","https://www.liveatc.net/play/tjig2_gnd_twr.pls","",""
"North America","United States","San Juan","Puerto Rico","Fernando Luis Ribas Dominicci Airport","TJIG","SIG","TJIG Tower","https://www.liveatc.net/play/tjig2_twr.pls","",""
"North America","United States","San Juan","Puerto Rico","Luis Munoz Marin International Airport","TJSJ","SJU","San Juan Approach (128.65)","https://www.liveatc.net/play/tjsj1_app_128650.pls","",""
"North America","United States","San Juan","Puerto Rico","Luis Munoz Marin International Airport","TJSJ","SJU","San Juan Approach (N/E)","https://www.liveatc.net/play/tjsj1_app_120900.pls","",""
"North America","United States","San Juan","Puerto Rico","Luis Munoz Marin International Airport","TJSJ","SJU","San Juan Approach (W/SW)","https://www.liveatc.net/play/tjsj1_app_119400.pls","",""
"North America","United States","San Juan","Puerto Rico","Luis Munoz Marin International Airport","TJSJ","SJU","San Juan Center (118.150)","https://www.liveatc.net/play/tjsj1_ctr_118150.pls","",""
"North America","United States","San Juan","Puerto Rico","Luis Munoz Marin International Airport","TJSJ","SJU","San Juan Center (118.750)","https://www.liveatc.net/play/tjsj1_ctr_118750.pls","",""
"North America","United States","San Juan","Puerto Rico","Luis Munoz Marin International Airport","TJSJ","SJU","San Juan Center (134.3)","https://www.liveatc.net/play/tjsj1_ctr_134300.pls","",""
"North America","United States","San Juan","Puerto Rico","Luis Munoz Marin International Airport","TJSJ","SJU","San Juan Center (135.7)","https://www.liveatc.net/play/tjsj1_ctr_135700.pls","",""
"North America","United States","San Juan","Puerto Rico","Luis Munoz Marin International Airport","TJSJ","SJU","TJSJ ATIS","https://www.liveatc.net/play/tjsj1_atis.pls","",""
"North America","United States","San Juan","Puerto Rico","Luis Munoz Marin International Airport","TJSJ","SJU","TJSJ Center/Oceanic","https://www.liveatc.net/play/tjsj4_app_ctr.pls","",""
"North America","United States","San Juan","Puerto Rico","Luis Munoz Marin International Airport","TJSJ","SJU","TJSJ Ground","https://www.liveatc.net/play/tjsj1_gnd.pls","",""
"North America","United States","San Juan","Puerto Rico","Luis Munoz Marin International Airport","TJSJ","SJU","TJSJ Tower","https://www.liveatc.net/play/tjsj1_twr.pls","",""
"North America","United States","Newport","Rhode Island","Newport State Airport","KUUU","UUU","KUUU CTAF/Del","https://www.liveatc.net/play/kuuu.pls","","KOQU"
"North America","United States","Charleston","South Carolina","Charleston Air Force Base/International Airport","KCHS","CHS","KCHS App/Dep (North)","https://www.liveatc.net/play/kchs1_app_121275.pls","",""
"North America","United States","Charleston","South Carolina","Charleston Air Force Base/International Airport","KCHS","CHS","KCHS App/Dep (South)","https://www.liveatc.net/play/kchs1_app_120700.pls","",""
"North America","United States","Charleston","South Carolina","Charleston Air Force Base/International Airport","KCHS","CHS","KCHS Area Emegency/Guard","https://www.liveatc.net/play/kchs1_guard.pls","",""
"North America","United States","Charleston","South Carolina","Charleston Air Force Base/International Airport","KCHS","CHS","KCHS ATIS","https://www.liveatc.net/play/kchs1_atis.pls","",""
"North America","United States","Charleston","South Carolina","Charleston Air Force Base/International Airport","KCHS","CHS","KCHS Clearance Delivery","https://www.liveatc.net/play/kchs1_del.pls","",""
"North America","United States","Charleston","South Carolina","Charleston Air Force Base/International Airport","KCHS","CHS","KCHS Gnd/Twr/App","https://www.liveatc.net/play/kchs.pls","",""
"North America","United States","Charleston","South Carolina","Charleston Air Force Base/International Airport","KCHS","CHS","KCHS Ground","https://www.liveatc.net/play/kchs1_gnd.pls","",""
"North America","United States","Charleston","South Carolina","Charleston Air Force Base/International Airport","KCHS","CHS","KCHS Tower","https://www.liveatc.net/play/kchs1_twr.pls","",""
"North America","United States","Charleston","South Carolina","Charleston Executive Airport","KJZI","JZI","KJZI CTAF","https://www.liveatc.net/play/kjzi2.pls","",""
"North America","United States","Columbia","South Carolina","Columbia Metropolitan Airport","KCAE","CAE","KCAE Twr/App","https://www.liveatc.net/play/kcae2.pls","",""
"North America","United States","Florence","South Carolina","Florence Regional Airport","KFLO","FLO","KFLO Gnd/Twr/App","https://www.liveatc.net/play/kflo2.pls","",""
"North America","United States","Georgetown","South Carolina","Georgetown County Airport","KGGE","GGE","KGGE CTAF","https://www.liveatc.net/play/kgge2.pls","",""
"North America","United States","Greenville","South Carolina","Greenville Downtown Airport","KGMU","GMU","KGMU ATIS","https://www.liveatc.net/play/kgmu_atis.pls","",""
"North America","United States","Greenville","South Carolina","Greenville Downtown Airport","KGMU","GMU","KGMU Ground","https://www.liveatc.net/play/kgmu_gnd.pls","",""
"North America","United States","Greenville","South Carolina","Greenville Downtown Airport","KGMU","GMU","KGMU Ground/Tower","https://www.liveatc.net/play/kgmu.pls","",""
"North America","United States","Greenville","South Carolina","Greenville Downtown Airport","KGMU","GMU","KGMU Tower","https://www.liveatc.net/play/kgmu_twr.pls","",""
"North America","United States","Greenville","South Carolina","Donaldson Field Airport","KGYH","GYH","KGYH Ground/Tower","https://www.liveatc.net/play/kgyh2.pls","",""
"North America","United States","Greenville","South Carolina","Donaldson Field Airport","KGYH","GYH","KGYH Tower","https://www.liveatc.net/play/kgmu_kgyh_twr.pls","",""
"North America","United States","Greer","South Carolina","Greenville Spartanburg International Airport","KGSP","GSP","KGSP App/Dep (East)","https://www.liveatc.net/play/kgmu_kgsp_app_e.pls","",""
"North America","United States","Greer","South Carolina","Greenville Spartanburg International Airport","KGSP","GSP","KGSP App/Dep (West)","https://www.liveatc.net/play/kgmu_kgsp_app_w.pls","",""
"North America","United States","Greer","South Carolina","Greenville Spartanburg International Airport","KGSP","GSP","KGSP ATIS","https://www.liveatc.net/play/kgmu_kgsp_atis.pls","",""
"North America","United States","Greer","South Carolina","Greenville Spartanburg International Airport","KGSP","GSP","KGSP Tower","https://www.liveatc.net/play/kgmu_kgsp_twr.pls","",""
"North America","United States","Greer","South Carolina","Greenville Spartanburg International Airport","KGSP","GSP","ZTL Atlanta Center (Sector 31)","https://www.liveatc.net/play/kgmu_ztl31.pls","",""
"North America","United States","Greer","South Carolina","Greenville Spartanburg International Airport","KGSP","GSP","ZTL Atlanta Center (Sector 32)","https://www.liveatc.net/play/kgmu_ztl32.pls","",""
"North America","United States","Hilton Head Island","South Carolina","Hilton Head Airport","KHXD","HXD","KHXD Ground/Tower","https://www.liveatc.net/play/khxd.pls","",""
"North America","United States","Mount Pleasant","South Carolina","Mount Pleasant Regional Airport-Faison Field","KLRO","LRO","KLRO CTAF","https://www.liveatc.net/play/klro2.pls","",""
"North America","United States","Myrtle Beach","South Carolina","Myrtle Beach International Airport","KMYR","MYR","KMYR ATIS","https://www.liveatc.net/play/kmyr_atis.pls","",""
"North America","United States","Myrtle Beach","South Carolina","Myrtle Beach International Airport","KMYR","MYR","KMYR Gnd/Twr/App","https://www.liveatc.net/play/kmyr.pls","",""
"North America","United States","Myrtle Beach","South Carolina","Myrtle Beach International Airport","KMYR","MYR","KMYR Gnd/Twr/App (UHF)","https://www.liveatc.net/play/kmyr_mil.pls","",""
"North America","United States","North Myrtle Beach","South Carolina","Grand Strand Airport","KCRE","CRE","KCRE ATIS","https://www.liveatc.net/play/kcre2_atis.pls","",""
"North America","United States","North Myrtle Beach","South Carolina","Grand Strand Airport","KCRE","CRE","KCRE Ground/Tower","https://www.liveatc.net/play/kcre2.pls","",""
"North America","United States","North Myrtle Beach","South Carolina","Grand Strand Airport","KCRE","CRE","KCRE Guard","https://www.liveatc.net/play/kcre2_guard.pls","",""
"North America","United States","Summerville","South Carolina","Summerville Airport","KDYB","DYB","KDYB CTAF","https://www.liveatc.net/play/kdyb2.pls","",""
"North America","United States","Sioux Falls","South Dakota","Joe Foss Field Airport","KFSD","FSD","KFSD Twr/App/Dep/ZMP","https://www.liveatc.net/play/kfsd1.pls","",""
"North America","United States","Bristol/Johnson/Kingsport","Tennessee","Tri-Cities Regional Airport","KTRI","TRI","KTRI Gnd/Twr/App","https://www.liveatc.net/play/ktri.pls","",""
"North America","United States","Chattanooga","Tennessee","Lovell Field Airport","KCHA","CHA","KCHA Twr/App","https://www.liveatc.net/play/kcha2.pls","",""
"North America","United States","Knoxville","Tennessee","Knoxville Downtown Island Airport","KDKX","DKX","KDKX Area Emergency/Guard","https://www.liveatc.net/play/kdkx_guard.pls","",""
"North America","United States","Knoxville","Tennessee","Knoxville Downtown Island Airport","KDKX","DKX","KDKX Clearance Delivery","https://www.liveatc.net/play/kdkx_del.pls","",""
"North America","United States","Knoxville","Tennessee","Knoxville Downtown Island Airport","KDKX","DKX","KDKX CTAF","https://www.liveatc.net/play/kdkx_ctaf.pls","",""
"North America","United States","Knoxville","Tennessee","Knoxville Downtown Island Airport","KDKX","DKX","KDKX Knoxville Approach","https://www.liveatc.net/play/kdkx_app.pls","",""
"North America","United States","Knoxville","Tennessee","McGhee Tyson Airport","KTYS","TYS","KTYS Del/Gnd/Twr/App","https://www.liveatc.net/play/ktys.pls","",""
"North America","United States","Memphis","Tennessee","Memphis International Airport","KMEM","MEM","KMEM Ground (Rwy 09/27)","https://www.liveatc.net/play/kmem4_gnd_121000.pls","",""
"North America","United States","Memphis","Tennessee","Memphis International Airport","KMEM","MEM","KMEM Ground (Rwy 18C/36C, 18L/36R)","https://www.liveatc.net/play/kmem4_gnd_121900.pls","",""
"North America","United States","Memphis","Tennessee","Memphis International Airport","KMEM","MEM","KMEM Ground (Rwy 18R/36L)","https://www.liveatc.net/play/kmem4_gnd_121650.pls","",""
"North America","United States","Memphis","Tennessee","Memphis International Airport","KMEM","MEM","KMEM Tower (Rwy 18C/36C, 18L/36R)","https://www.liveatc.net/play/kmem4_twr_119700.pls","",""
"North America","United States","Memphis","Tennessee","Memphis International Airport","KMEM","MEM","KMEM Tower (Rwy 9/27)","https://www.liveatc.net/play/kmem4_twr_118300.pls","",""
"North America","United States","Memphis","Tennessee","Memphis International Airport","KMEM","MEM","Memphis Approach (East 1)","https://www.liveatc.net/play/kmem4_app_125800.pls","",""
"North America","United States","Memphis","Tennessee","Memphis International Airport","KMEM","MEM","Memphis Approach (East 2)","https://www.liveatc.net/play/kmem4_app_126050.pls","",""
"North America","United States","Memphis","Tennessee","Memphis International Airport","KMEM","MEM","Memphis Approach (West)","https://www.liveatc.net/play/kmem4_app_119100.pls","",""
"North America","United States","Memphis","Tennessee","Memphis International Airport","KMEM","MEM","Memphis Center (Sector 28)","https://www.liveatc.net/play/kmem4_zme_118625.pls","",""
"North America","United States","Memphis","Tennessee","Memphis International Airport","KMEM","MEM","Memphis Departure (East)","https://www.liveatc.net/play/kmem4_dep_124150.pls","",""
"North America","United States","Memphis","Tennessee","Memphis International Airport","KMEM","MEM","Memphis Departure (West)","https://www.liveatc.net/play/kmem4_dep_124650.pls","",""
"North America","United States","Morristown","Tennessee","Moore-Murrell Airport","KMOR","MOR","KMOR CTAF/App","https://www.liveatc.net/play/kmor2.pls","",""
"North America","United States","Nashville","Tennessee","Nashville International Airport","KBNA","BNA","KBNA App/Dep","https://www.liveatc.net/play/kbna_app.pls","",""
"North America","United States","Nashville","Tennessee","Nashville International Airport","KBNA","BNA","KBNA App/Dep (East)","https://www.liveatc.net/play/kbna_app_east.pls","",""
"North America","United States","Nashville","Tennessee","Nashville International Airport","KBNA","BNA","KBNA App/Dep (West)","https://www.liveatc.net/play/kbna_app_west.pls","",""
"North America","United States","Nashville","Tennessee","Nashville International Airport","KBNA","BNA","KBNA Approach (Final)","https://www.liveatc.net/play/kbna_app_final.pls","",""
"North America","United States","Nashville","Tennessee","Nashville International Airport","KBNA","BNA","KBNA Ground","https://www.liveatc.net/play/kbna_gnd.pls","",""
"North America","United States","Nashville","Tennessee","Nashville International Airport","KBNA","BNA","KBNA Ground/Tower","https://www.liveatc.net/play/kbna_gnd_twr.pls","",""
"North America","United States","Nashville","Tennessee","Nashville International Airport","KBNA","BNA","KBNA Tower","https://www.liveatc.net/play/kbna_twr.pls","",""
"North America","United States","Nashville","Tennessee","Nashville International Airport","KBNA","BNA","Nashville Area Helicopter CTAF (BNA)","https://www.liveatc.net/play/kbna_heli.pls","",""
"North America","United States","Nashville","Tennessee","John C Tune Airport","KJWN","JWN","KJWN ATIS","https://www.liveatc.net/play/kjwn1_atis.pls","",""
"North America","United States","Nashville","Tennessee","John C Tune Airport","KJWN","JWN","KJWN Gnd/Twr","https://www.liveatc.net/play/kjwn1_gnd_twr.pls","",""
"North America","United States","Nashville","Tennessee","John C Tune Airport","KJWN","JWN","KJWN Ground","https://www.liveatc.net/play/kjwn1_gnd.pls","",""
"North America","United States","Nashville","Tennessee","John C Tune Airport","KJWN","JWN","KJWN Tower","https://www.liveatc.net/play/kjwn1_twr.pls","",""
"North America","United States","Nashville","Tennessee","John C Tune Airport","KJWN","JWN","Nashville Area Helicopter CTAF (JWN)","https://www.liveatc.net/play/kjwn1_heli.pls","",""
"North America","United States","Smyrna","Tennessee","Smyrna Airport","KMQY","MQY","KMQY Clearance Delivery","https://www.liveatc.net/play/kmqy1_del.pls","",""
"North America","United States","Smyrna","Tennessee","Smyrna Airport","KMQY","MQY","KMQY Emergency/Guard","https://www.liveatc.net/play/kmqy1_guard.pls","",""
"North America","United States","Smyrna","Tennessee","Smyrna Airport","KMQY","MQY","KMQY Ground","https://www.liveatc.net/play/kmqy1_gnd.pls","",""
"North America","United States","Smyrna","Tennessee","Smyrna Airport","KMQY","MQY","KMQY Ground/Tower","https://www.liveatc.net/play/kmqy1_gnd_twr.pls","",""
"North America","United States","Smyrna","Tennessee","Smyrna Airport","KMQY","MQY","KMQY Tower","https://www.liveatc.net/play/kmqy1_twr.pls","",""
"North America","United States","Sparta","Tennessee","Upper Cumberland Regional Airport","KSRB","SRB","KSRB CTAF","https://www.liveatc.net/play/ksrb2.pls","",""
"North America","United States","Abilene","Texas","Abilene Regional Airport","KABI","ABI","KABI Approach","https://www.liveatc.net/play/kabi4_app.pls","",""
"North America","United States","Abilene","Texas","Abilene Regional Airport","KABI","ABI","KABI Departure","https://www.liveatc.net/play/kabi4_dep.pls","",""
"North America","United States","Abilene","Texas","Abilene Regional Airport","KABI","ABI","KABI Emergency/Guard","https://www.liveatc.net/play/kabi4_guard.pls","",""
"North America","United States","Abilene","Texas","Abilene Regional Airport","KABI","ABI","KABI Ground","https://www.liveatc.net/play/kabi4_gnd.pls","",""
"North America","United States","Abilene","Texas","Abilene Regional Airport","KABI","ABI","KABI Tower","https://www.liveatc.net/play/kabi4_twr.pls","",""
"North America","United States","Abilene","Texas","Abilene Regional Airport","KABI","ABI","ZFW 63 (Abilene Low)","https://www.liveatc.net/play/kabi4_zfw_127450.pls","",""
"North America","United States","Amarillo","Texas","Rick Husband Amarillo International Airport","KAMA","AMA","KAMA Gnd/Twr/App/Center","https://www.liveatc.net/play/kama.pls","",""
"North America","United States","Angleton/Lake Jackson","Texas","Texas Gulf Coast Regional Airport","KLBX","LJN","KLBX CTAF","https://www.liveatc.net/play/klbx.pls","",""
"North America","United States","Arlington","Texas","Arlington Municipal Airport","KGKY","","KGKY Ground/Tower","https://www.liveatc.net/play/kgky_gnd_twr.pls","",""
"North America","United States","Austin","Texas","Austin-Bergstrom International Airport","KAUS","AUS","KAUS App/Dep (East) #1","https://www.liveatc.net/play/kaus3_app_e.pls","",""
"North America","United States","Austin","Texas","Austin-Bergstrom International Airport","KAUS","AUS","KAUS App/Dep (SE)","https://www.liveatc.net/play/kaus3_app_se.pls","",""
"North America","United States","Austin","Texas","Austin-Bergstrom International Airport","KAUS","AUS","KAUS App/Dep (South) #1","https://www.liveatc.net/play/kaus3_app_s.pls","",""
"North America","United States","Austin","Texas","Austin-Bergstrom International Airport","KAUS","AUS","KAUS App/Dep (West) #1","https://www.liveatc.net/play/kaus3_app_w.pls","",""
"North America","United States","Austin","Texas","Austin-Bergstrom International Airport","KAUS","AUS","KAUS App/Dep #1","https://www.liveatc.net/play/kaus3_app_dep.pls","",""
"North America","United States","Austin","Texas","Austin-Bergstrom International Airport","KAUS","AUS","KAUS Approach (Final) #1","https://www.liveatc.net/play/kaus3_app_final.pls","",""
"North America","United States","Austin","Texas","Austin-Bergstrom International Airport","KAUS","AUS","KAUS ATIS","https://www.liveatc.net/play/kaus3_atis.pls","",""
"North America","United States","Austin","Texas","Austin-Bergstrom International Airport","KAUS","AUS","KAUS Clearance Delivery #1","https://www.liveatc.net/play/kaus3_del.pls","",""
"North America","United States","Austin","Texas","Austin-Bergstrom International Airport","KAUS","AUS","KAUS FBO (Atlantic Aviation)","https://www.liveatc.net/play/kaus3_fbo_atlantic.pls","",""
"North America","United States","Austin","Texas","Austin-Bergstrom International Airport","KAUS","AUS","KAUS FBO (Millionair)","https://www.liveatc.net/play/kaus3_fbo_millionair.pls","",""
"North America","United States","Austin","Texas","Austin-Bergstrom International Airport","KAUS","AUS","KAUS FBO (Signature)","https://www.liveatc.net/play/kaus3_fbo_signature.pls","",""
"North America","United States","Austin","Texas","Austin-Bergstrom International Airport","KAUS","AUS","KAUS Ground (Secondary) #1","https://www.liveatc.net/play/kaus3_gnd_secondary.pls","",""
"North America","United States","Austin","Texas","Austin-Bergstrom International Airport","KAUS","AUS","KAUS Ground #1","https://www.liveatc.net/play/kaus3_gnd.pls","",""
"North America","United States","Austin","Texas","Austin-Bergstrom International Airport","KAUS","AUS","KAUS Helicopter","https://www.liveatc.net/play/kaus3_helicopter.pls","",""
"North America","United States","Austin","Texas","Austin-Bergstrom International Airport","KAUS","AUS","KAUS Ramp Control","https://www.liveatc.net/play/kaus3_ramp_control.pls","",""
"North America","United States","Austin","Texas","Austin-Bergstrom International Airport","KAUS","AUS","KAUS Tower (Emergency)","https://www.liveatc.net/play/kaus3_twr_emergency.pls","",""
"North America","United States","Austin","Texas","Austin-Bergstrom International Airport","KAUS","AUS","KAUS Tower (Secondary) #1","https://www.liveatc.net/play/kaus3_twr_secondary.pls","",""
"North America","United States","Austin","Texas","Austin-Bergstrom International Airport","KAUS","AUS","KAUS Tower #1","https://www.liveatc.net/play/kaus3_twr.pls","",""
"North America","United States","Austin","Texas","Austin-Bergstrom International Airport","KAUS","AUS","ZHU Houston Center (Sector 78)","https://www.liveatc.net/play/zhu_aus2.pls","",""
"North America","United States","Austin","Texas","Austin-Bergstrom International Airport","KAUS","AUS","ZHU Houston Center (Sector 80)","https://www.liveatc.net/play/zhu_aus3.pls","",""
"North America","United States","Austin","Texas","Austin-Bergstrom International Airport","KAUS","AUS","ZHU Houston Center (Sector 96)","https://www.liveatc.net/play/zhu_aus1.pls","",""
"North America","United States","Austin","Texas","Austin Executive Airport","KEDC","","KEDC ATIS","https://www.liveatc.net/play/kedc1_atis.pls","",""
"North America","United States","Austin","Texas","Austin Executive Airport","KEDC","","KEDC Austin App/Dep","https://www.liveatc.net/play/kedc1_app.pls","",""
"North America","United States","Austin","Texas","Austin Executive Airport","KEDC","","KEDC Clearance Delivery","https://www.liveatc.net/play/kedc1_del.pls","",""
"North America","United States","Austin","Texas","Austin Executive Airport","KEDC","","KEDC Clearance/Ground","https://www.liveatc.net/play/kedc1_del_gnd.pls","",""
"North America","United States","Austin","Texas","Austin Executive Airport","KEDC","","KEDC Del/Gnd/Twr","https://www.liveatc.net/play/kedc1_del_gnd_twr.pls","",""
"North America","United States","Austin","Texas","Austin Executive Airport","KEDC","","KEDC Ground","https://www.liveatc.net/play/kedc1_gnd.pls","",""
"North America","United States","Austin","Texas","Austin Executive Airport","KEDC","","KEDC Ground/Tower","https://www.liveatc.net/play/kedc1_gnd_twr.pls","",""
"North America","United States","Austin","Texas","Austin Executive Airport","KEDC","","KEDC Tower","https://www.liveatc.net/play/kedc1_twr.pls","",""
"North America","United States","Austin","Texas","San Marcos Municipal Airport","KHYI","HYI","KHYI Gnd/Twr/Misc","https://www.liveatc.net/play/khyi1.pls","",""
"North America","United States","Brownsville","Texas","Brownsville/South Padre Island International Airport","KBRO","BRO","KBRO App/Dep","https://www.liveatc.net/play/kbro2_app.pls","",""
"North America","United States","Brownsville","Texas","Brownsville/South Padre Island International Airport","KBRO","BRO","KBRO Tower","https://www.liveatc.net/play/kbro2_twr.pls","",""
"North America","United States","Burnet","Texas","Burnet Municipal Kate Craddock Field","KBMQ","","Emergency/Guard","https://www.liveatc.net/play/kbmq1_guard.pls","",""
"North America","United States","Burnet","Texas","Burnet Municipal Kate Craddock Field","KBMQ","","KBMQ/KDZB CTAF","https://www.liveatc.net/play/kbmq1_ctaf.pls","",""
"North America","United States","Dallas","Texas","Addison Airport","KADS","ADS","KADS ATIS","https://www.liveatc.net/play/kads_atis.pls","",""
"North America","United States","Dallas","Texas","Addison Airport","KADS","ADS","KADS Ground","https://www.liveatc.net/play/kads1_2.pls","",""
"North America","United States","Dallas","Texas","Addison Airport","KADS","ADS","KADS Tower","https://www.liveatc.net/play/kads1_1.pls","",""
"North America","United States","Dallas","Texas","Addison Airport","KADS","ADS","KDAL App/Dep (East Side North Low)","https://www.liveatc.net/play/kdfw1_app_124300.pls","",""
"North America","United States","Dallas","Texas","Dallas Love Field Airport","KDAL","DAL","KDAL App/Dep (East Side North Low)","https://www.liveatc.net/play/kdfw1_app_124300.pls","",""
"North America","United States","Dallas","Texas","Dallas/Fort Worth International Airport","KDFW","DFW","KDFW ATIS (Arrival)","https://www.liveatc.net/play/kdfw1_atis_arr.pls","",""
"North America","United States","Dallas","Texas","Dallas/Fort Worth International Airport","KDFW","DFW","KDFW ATIS (Departure)","https://www.liveatc.net/play/kdfw2_atis_dep.pls","",""
"North America","United States","Dallas","Texas","Dallas/Fort Worth International Airport","KDFW","DFW","KDFW Clearance Delivery","https://www.liveatc.net/play/kdfw2_del.pls","",""
"North America","United States","Dallas","Texas","Dallas/Fort Worth International Airport","KDFW","DFW","KDFW Ground (East/121.65)","https://www.liveatc.net/play/kdfw1_gnd_e_12165.pls","",""
"North America","United States","Dallas","Texas","Dallas/Fort Worth International Airport","KDFW","DFW","KDFW Ground (East/121.8)","https://www.liveatc.net/play/kdfw1_gnd_e_1218.pls","",""
"North America","United States","Dallas","Texas","Dallas/Fort Worth International Airport","KDFW","DFW","KDFW Ground (West)","https://www.liveatc.net/play/kdfw1_gnd_w.pls","",""
"North America","United States","Dallas","Texas","Dallas/Fort Worth International Airport","KDFW","DFW","KDFW Tower (East)","https://www.liveatc.net/play/kdfw1_twr1_e.pls","https://youtu.be/49jHI8c5EuY",""
"North America","United States","Dallas","Texas","Dallas/Fort Worth International Airport","KDFW","DFW","KDFW Tower (East/126.55)","https://www.liveatc.net/play/kdfw1_twr1_e_126550.pls","https://youtu.be/49jHI8c5EuY",""
"North America","United States","Dallas","Texas","Dallas/Fort Worth International Airport","KDFW","DFW","KDFW Tower (East/127.5)","https://www.liveatc.net/play/kdfw1_twr1_e_127500.pls","https://youtu.be/49jHI8c5EuY",""
"North America","United States","Dallas","Texas","Dallas/Fort Worth International Airport","KDFW","DFW","KDFW Tower (Emergency)","https://www.liveatc.net/play/kdfw1_twr_emerg.pls","https://youtu.be/49jHI8c5EuY",""
"North America","United States","Dallas","Texas","Dallas/Fort Worth International Airport","KDFW","DFW","KDFW Tower (West)","https://www.liveatc.net/play/kdfw1_twr1_w.pls","https://youtu.be/49jHI8c5EuY",""
"North America","United States","Dallas","Texas","Dallas/Fort Worth International Airport","KDFW","DFW","KDFW Tower (West/Rwy 13R/31L)","https://www.liveatc.net/play/kdfw2_twr2_w.pls","https://youtu.be/49jHI8c5EuY",""
"North America","United States","Dallas","Texas","Dallas/Fort Worth International Airport","KDFW","DFW","Lone Star Approach (17/35C Final)","https://www.liveatc.net/play/kdfw1_app_fin_17c.pls","",""
"North America","United States","Dallas","Texas","Dallas/Fort Worth International Airport","KDFW","DFW","Lone Star Approach (17L/35R Final)","https://www.liveatc.net/play/kdfw1_app_fin_17l.pls","",""
"North America","United States","Dallas","Texas","Dallas/Fort Worth International Airport","KDFW","DFW","Lone Star Approach (Feeder East)","https://www.liveatc.net/play/kdfw1_app_fe1.pls","",""
"North America","United States","Dallas","Texas","Dallas/Fort Worth International Airport","KDFW","DFW","Lone Star Approach (Feeder West)","https://www.liveatc.net/play/kafw1_dfw_app_119875.pls","",""
"North America","United States","Dallas","Texas","Dallas/Fort Worth International Airport","KDFW","DFW","Lone Star Approach (North)","https://www.liveatc.net/play/kafw1_app_n.pls","",""
"North America","United States","Dallas","Texas","Dallas/Fort Worth International Airport","KDFW","DFW","Lone Star Approach 18R/36L Final","https://www.liveatc.net/play/kdfw1_app_fin_18r.pls","",""
"North America","United States","Dallas","Texas","Dallas/Fort Worth International Airport","KDFW","DFW","Lone Star Departure  (East)","https://www.liveatc.net/play/kdfw1_dep_east.pls","",""
"North America","United States","Dallas","Texas","Dallas/Fort Worth International Airport","KDFW","DFW","Lone Star Departure (North/South)","https://www.liveatc.net/play/kdfw1_dep_n_s.pls","",""
"North America","United States","Dallas","Texas","Dallas/Fort Worth International Airport","KDFW","DFW","Lone Star Departure (West)","https://www.liveatc.net/play/kdfw1_dep_w.pls","",""
"North America","United States","Dallas","Texas","McKinney National Airport","KTKI","","KTKI Gnd/Twr","https://www.liveatc.net/play/ktki1.pls","",""
"North America","United States","Denton","Texas","Denton Municipal Airport","KDTO","","KDTO ASOS/ATIS","https://www.liveatc.net/play/kdto_atis.pls","",""
"North America","United States","Denton","Texas","Denton Municipal Airport","KDTO","","KDTO Gnd/Twr","https://www.liveatc.net/play/kdto.pls","",""
"North America","United States","Denton","Texas","Denton Municipal Airport","KDTO","","KDTO Tower","https://www.liveatc.net/play/kdto_twr.pls","",""
"North America","United States","El Paso","Texas","El Paso International Airport","KELP","ELP","KELP App/Dep (North)","https://www.liveatc.net/play/kelp1_app_n.pls","",""
"North America","United States","El Paso","Texas","El Paso International Airport","KELP","ELP","KELP Approach","https://www.liveatc.net/play/kelp1_app_e.pls","",""
"North America","United States","El Paso","Texas","El Paso International Airport","KELP","ELP","KELP Gnd/Twr/App/Dep","https://www.liveatc.net/play/kelp1.pls","",""
"North America","United States","El Paso","Texas","El Paso International Airport","KELP","ELP","KELP Ground","https://www.liveatc.net/play/kelp1_gnd.pls","",""
"North America","United States","El Paso","Texas","El Paso International Airport","KELP","ELP","KELP Tower","https://www.liveatc.net/play/kelp1_twr.pls","",""
"North America","United States","Fort Worth","Texas","Fort Worth Alliance Airport","KAFW","AFW","KAFW Clearance Delivery/Ground","https://www.liveatc.net/play/kafw1_del_gnd.pls","",""
"North America","United States","Fort Worth","Texas","Fort Worth Alliance Airport","KAFW","AFW","KAFW Tower","https://www.liveatc.net/play/kafw1_twr.pls","",""
"North America","United States","Fort Worth","Texas","Fort Worth Alliance Airport","KAFW","AFW","KAFW Tower (All)","https://www.liveatc.net/play/kafw1_twr_both.pls","",""
"North America","United States","Fort Worth","Texas","Fort Worth Alliance Airport","KAFW","AFW","KAFW Tower (Heli)","https://www.liveatc.net/play/kafw1_twr_heli.pls","",""
"North America","United States","Fort Worth","Texas","Fort Worth Alliance Airport","KAFW","AFW","Lone Star Approach (North)","https://www.liveatc.net/play/kafw1_app_n.pls","",""
"North America","United States","Fort Worth","Texas","Fort Worth Meacham International Airport","KFTW","FTW","KFTW Del/Gnd/Twr","https://www.liveatc.net/play/kftw1.pls","",""
"North America","United States","Fort Worth","Texas","Fort Worth Meacham International Airport","KFTW","FTW","KFTW Del/Ground","https://www.liveatc.net/play/kftw1_2.pls","",""
"North America","United States","Fort Worth","Texas","Fort Worth Meacham International Airport","KFTW","FTW","KFTW Tower","https://www.liveatc.net/play/kftw1_1.pls","",""
"North America","United States","Fort Worth","Texas","Fort Worth Meacham International Airport","KFTW","FTW","Regional App (Meacham North)","https://www.liveatc.net/play/kftw2_1.pls","",""
"North America","United States","Fort Worth","Texas","Fort Worth Meacham International Airport","KFTW","FTW","Regional App (Meacham South)","https://www.liveatc.net/play/kdfw2_app_ftw_s.pls","",""
"North America","United States","Fort Worth","Texas","Fort Worth Meacham International Airport","KFTW","FTW","Regional Approach (Meacham North/South)","https://www.liveatc.net/play/kftw2.pls","",""
"North America","United States","Fort Worth","Texas","Fort Worth Spinks Airport","KFWS","","KFWS Ground/Tower","https://www.liveatc.net/play/kfws.pls","",""
"North America","United States","Georgetown","Texas","Georgetown Municipal Airport","KGTU","GTU","KAUS App/Dep (East) #1","https://www.liveatc.net/play/kaus3_app_e.pls","",""
"North America","United States","Georgetown","Texas","Georgetown Municipal Airport","KGTU","GTU","KAUS App/Dep (West) #1","https://www.liveatc.net/play/kaus3_app_w.pls","",""
"North America","United States","Georgetown","Texas","Georgetown Municipal Airport","KGTU","GTU","KGTU ATIS","https://www.liveatc.net/play/kgtu1_atis.pls","",""
"North America","United States","Georgetown","Texas","Georgetown Municipal Airport","KGTU","GTU","KGTU Gnd/Twr","https://www.liveatc.net/play/kgtu1_gnd_twr.pls","",""
"North America","United States","Georgetown","Texas","Georgetown Municipal Airport","KGTU","GTU","KGTU Ground","https://www.liveatc.net/play/kgtu1_gnd.pls","",""
"North America","United States","Georgetown","Texas","Georgetown Municipal Airport","KGTU","GTU","KGTU Tower","https://www.liveatc.net/play/kgtu1_twr.pls","",""
"North America","United States","Graham","Texas","Graham Municipal Airport","KRPH","","KRPH Area Emergency/Guard","https://www.liveatc.net/play/krph1_guard.pls","",""
"North America","United States","Graham","Texas","Graham Municipal Airport","KRPH","","KRPH CTAF","https://www.liveatc.net/play/krph1_ctaf.pls","",""
"North America","United States","Hamilton","Texas","Hamilton Municipal Airport","KMNZ","","KMNZ CTAF","https://www.liveatc.net/play/kmnz2.pls","",""
"North America","United States","Houston","Texas","Houston Southwest Airport","KAXH","","KAXH CTAF","https://www.liveatc.net/play/kaxh2.pls","",""
"North America","United States","Houston","Texas","David Wayne Hooks Memorial Airport","KDWH","DWH","KDWH Del/ Gnd/Twr","https://www.liveatc.net/play/kdwh2.pls","",""
"North America","United States","Houston","Texas","Ellington Airport","KEFD","EFD","KEFD Tower","https://www.liveatc.net/play/kefd3_twr.pls","",""
"North America","United States","Houston","Texas","George Bush Intercontinental/Houston Airport","KIAH","IAH","Houston Approach (Far East)","https://www.liveatc.net/play/kiah2_app_121300.pls","",""
"North America","United States","Houston","Texas","George Bush Intercontinental/Houston Airport","KIAH","IAH","Houston Approach (Far NW Satellite)","https://www.liveatc.net/play/kiah3_app_134300.pls","",""
"North America","United States","Houston","Texas","George Bush Intercontinental/Houston Airport","KIAH","IAH","Houston Approach (Far West)","https://www.liveatc.net/play/kiah2_app_124225.pls","",""
"North America","United States","Houston","Texas","George Bush Intercontinental/Houston Airport","KIAH","IAH","Houston Approach (Final 8L/26R)","https://www.liveatc.net/play/kiah2_app_119100.pls","",""
"North America","United States","Houston","Texas","George Bush Intercontinental/Houston Airport","KIAH","IAH","Houston Approach (Final 8R/26L)","https://www.liveatc.net/play/kiah2_app_120650.pls","",""
"North America","United States","Houston","Texas","George Bush Intercontinental/Houston Airport","KIAH","IAH","Houston Approach (Final 9/27)","https://www.liveatc.net/play/kiah2_app_134000.pls","",""
"North America","United States","Houston","Texas","George Bush Intercontinental/Houston Airport","KIAH","IAH","Houston Approach (Final HOU/EFD)","https://www.liveatc.net/play/kiah3_app_133050.pls","",""
"North America","United States","Houston","Texas","George Bush Intercontinental/Houston Airport","KIAH","IAH","Houston Approach (NE)","https://www.liveatc.net/play/kiah2_app_120050.pls","",""
"North America","United States","Houston","Texas","George Bush Intercontinental/Houston Airport","KIAH","IAH","Houston Approach (NW)","https://www.liveatc.net/play/kiah2_app_124350.pls","",""
"North America","United States","Houston","Texas","George Bush Intercontinental/Houston Airport","KIAH","IAH","Houston Approach (SE)","https://www.liveatc.net/play/kiah2_app_119625.pls","",""
"North America","United States","Houston","Texas","George Bush Intercontinental/Houston Airport","KIAH","IAH","Houston Approach (SW)","https://www.liveatc.net/play/kiah2_app_119175.pls","",""
"North America","United States","Houston","Texas","George Bush Intercontinental/Houston Airport","KIAH","IAH","Houston Approach (West VHF)","https://www.liveatc.net/play/kiah2_app_123800.pls","",""
"North America","United States","Houston","Texas","George Bush Intercontinental/Houston Airport","KIAH","IAH","Houston Center (Sector 36)","https://www.liveatc.net/play/kiah3_zhu_124700.pls","",""
"North America","United States","Houston","Texas","George Bush Intercontinental/Houston Airport","KIAH","IAH","Houston Center (Sector 46)","https://www.liveatc.net/play/kiah3_zhu_132775.pls","",""
"North America","United States","Houston","Texas","George Bush Intercontinental/Houston Airport","KIAH","IAH","Houston Departure (East)","https://www.liveatc.net/play/kiah2_dep_133600.pls","",""
"North America","United States","Houston","Texas","George Bush Intercontinental/Houston Airport","KIAH","IAH","Houston Departure (NE High)","https://www.liveatc.net/play/kiah2_dep_132250.pls","",""
"North America","United States","Houston","Texas","George Bush Intercontinental/Houston Airport","KIAH","IAH","Houston Departure (North Satellite)","https://www.liveatc.net/play/kiah2_dep_119700.pls","",""
"North America","United States","Houston","Texas","George Bush Intercontinental/Houston Airport","KIAH","IAH","Houston Departure (South Satellite)","https://www.liveatc.net/play/kiah2_dep_134450.pls","",""
"North America","United States","Houston","Texas","George Bush Intercontinental/Houston Airport","KIAH","IAH","Houston Departure (South)","https://www.liveatc.net/play/kiah2_app_127125.pls","",""
"North America","United States","Houston","Texas","George Bush Intercontinental/Houston Airport","KIAH","IAH","Houston Departure (West VHF)","https://www.liveatc.net/play/kiah2_app_126675.pls","",""
"North America","United States","Houston","Texas","George Bush Intercontinental/Houston Airport","KIAH","IAH","KIAH ATIS (Main)","https://www.liveatc.net/play/kiah2_atis_main.pls","",""
"North America","United States","Houston","Texas","George Bush Intercontinental/Houston Airport","KIAH","IAH","KIAH Clearance Delivery","https://www.liveatc.net/play/kiah3_del.pls","",""
"North America","United States","Houston","Texas","George Bush Intercontinental/Houston Airport","KIAH","IAH","KIAH Gnd (North/Rwys 8/26LR)","https://www.liveatc.net/play/kiah2_gnd_n.pls","",""
"North America","United States","Houston","Texas","George Bush Intercontinental/Houston Airport","KIAH","IAH","KIAH Gnd (South/Rwy 9/27)","https://www.liveatc.net/play/kiah2_gnd_s.pls","",""
"North America","United States","Houston","Texas","George Bush Intercontinental/Houston Airport","KIAH","IAH","KIAH Gnd (West/Rwys 15/33LR)","https://www.liveatc.net/play/kiah2_gnd_w.pls","",""
"North America","United States","Houston","Texas","George Bush Intercontinental/Houston Airport","KIAH","IAH","KIAH Metering","https://www.liveatc.net/play/kiah2_meter.pls","",""
"North America","United States","Houston","Texas","George Bush Intercontinental/Houston Airport","KIAH","IAH","KIAH Ramp (International)","https://www.liveatc.net/play/kiah3_ramp_intl.pls","",""
"North America","United States","Houston","Texas","George Bush Intercontinental/Houston Airport","KIAH","IAH","KIAH Ramp (North)","https://www.liveatc.net/play/kiah3_ramp_n.pls","",""
"North America","United States","Houston","Texas","George Bush Intercontinental/Houston Airport","KIAH","IAH","KIAH Ramp (South)","https://www.liveatc.net/play/kiah3_ramp_s.pls","",""
"North America","United States","Houston","Texas","George Bush Intercontinental/Houston Airport","KIAH","IAH","KIAH Ramp (West)","https://www.liveatc.net/play/kiah2_ramp_w.pls","",""
"North America","United States","Houston","Texas","George Bush Intercontinental/Houston Airport","KIAH","IAH","KIAH Twr (Rwy 8L/26R)","https://www.liveatc.net/play/kiah2_twr_8l26r.pls","",""
"North America","United States","Houston","Texas","George Bush Intercontinental/Houston Airport","KIAH","IAH","KIAH Twr (Rwy 8R/26L)","https://www.liveatc.net/play/kiah2_twr_8r26l.pls","",""
"North America","United States","Houston","Texas","George Bush Intercontinental/Houston Airport","KIAH","IAH","KIAH Twr (Rwy 9/27)","https://www.liveatc.net/play/kiah3_twr_9_27.pls","",""
"North America","United States","Houston","Texas","George Bush Intercontinental/Houston Airport","KIAH","IAH","KIAH Twr (Rwys 15/33RL)","https://www.liveatc.net/play/kiah2_twr_15_33.pls","",""
"North America","United States","Houston","Texas","West Houston Airport","KIWS","IWS","KIWS CTAF","https://www.liveatc.net/play/kiws2_ctaf.pls","","KTME"
"North America","United States","Houston","Texas","Pearland Regional Airport","KLVJ","","KLVJ CTAF","https://www.liveatc.net/play/klvj1.pls","",""
"North America","United States","Houston","Texas","Sugar Land Regional Airport","KSGR","SGR","KSGR Ground/Tower","https://www.liveatc.net/play/ksgr2.pls","",""
"North America","United States","Houston","Texas","Houston Executive Airport","KTME","","KTME Tower","https://www.liveatc.net/play/ktme2_twr.pls","",""
"North America","United States","Longview","Texas","East Texas Regional Airport","KGGG","GGG","KGGG App/Dep","https://www.liveatc.net/play/kggg_app.pls","",""
"North America","United States","Lufkin","Texas","Angelina County Airport","KLFK","LFK","KLFK/KOCH CTAF","https://www.liveatc.net/play/klfk1_ctaf.pls","",""
"North America","United States","Midland","Texas","Midland International Airport","KMAF","MAF","KODO/KMAF/KMDD Misc","https://www.liveatc.net/play/kodo2.pls","",""
"North America","United States","Midlothian/Waxahachie","Texas","Mid Way Regional Airport","KJWY","","KJWY/T56 CTAF/Unicom","https://www.liveatc.net/play/kjwy2.pls","",""
"North America","United States","Mineral Wells","Texas","Mineral Wells Airport","KMWL","MWL","Forth Worth Center (Sector 20)","https://www.liveatc.net/play/kmwl_zfw_127000.pls","",""
"North America","United States","Mineral Wells","Texas","Mineral Wells Airport","KMWL","MWL","Forth Worth Center (Sector 32)","https://www.liveatc.net/play/kmwl_zfw_120350.pls","",""
"North America","United States","Mineral Wells","Texas","Mineral Wells Airport","KMWL","MWL","Forth Worth Center (Sector 39)","https://www.liveatc.net/play/kmwl_zfw_121375.pls","",""
"North America","United States","Mineral Wells","Texas","Mineral Wells Airport","KMWL","MWL","KMWL Area Guard","https://www.liveatc.net/play/kmwl_guard.pls","",""
"North America","United States","Mineral Wells","Texas","Mineral Wells Airport","KMWL","MWL","KMWL CTAF","https://www.liveatc.net/play/kmwl_ctaf.pls","",""
"North America","United States","New Braunfels","Texas","New Braunfels Municipal Airport","KBAZ","BAZ","KBAZ Tower","https://www.liveatc.net/play/kbaz2.pls","",""
"North America","United States","Paris","Texas","Cox Field Airport","KPRX","PRX","KPRX AWOS","https://www.liveatc.net/play/kprx1_awos.pls","",""
"North America","United States","Paris","Texas","Cox Field Airport","KPRX","PRX","KPRX CTAF","https://www.liveatc.net/play/kprx1_ctaf.pls","",""
"North America","United States","Paris","Texas","Cox Field Airport","KPRX","PRX","ZFW Sector 42","https://www.liveatc.net/play/kprx1_zfw42.pls","",""
"North America","United States","San Angelo","Texas","San Angelo Regional Airport/Mathis Field","KSJT","SJT","KSJT Tower/Approach","https://www.liveatc.net/play/ksjt1.pls","",""
"North America","United States","San Antonio","Texas","San Antonio International Airport","KSAT","SAT","Houston Center (Sector 76 High)","https://www.liveatc.net/play/ksat1_zhu_125625.pls","",""
"North America","United States","San Antonio","Texas","San Antonio International Airport","KSAT","SAT","KSAT ATIS","https://www.liveatc.net/play/ksat1_atis.pls","",""
"North America","United States","San Antonio","Texas","San Antonio International Airport","KSAT","SAT","KSAT Clearance Delivery","https://www.liveatc.net/play/ksat1_del.pls","",""
"North America","United States","San Antonio","Texas","San Antonio International Airport","KSAT","SAT","KSAT Clearance/Ground","https://www.liveatc.net/play/ksat1_del_gnd.pls","",""
"North America","United States","San Antonio","Texas","San Antonio International Airport","KSAT","SAT","KSAT Ground","https://www.liveatc.net/play/ksat1_gnd.pls","",""
"North America","United States","San Antonio","Texas","San Antonio International Airport","KSAT","SAT","KSAT Ground/Tower","https://www.liveatc.net/play/ksat1_gnd_twr.pls","",""
"North America","United States","San Antonio","Texas","San Antonio International Airport","KSAT","SAT","KSAT Tower","https://www.liveatc.net/play/ksat1_twr.pls","",""
"North America","United States","San Antonio","Texas","San Antonio International Airport","KSAT","SAT","San Antonio App/Dep (NW Arr/Dep N/E/S)","https://www.liveatc.net/play/ksat1_app_125700.pls","",""
"North America","United States","San Antonio","Texas","San Antonio International Airport","KSAT","SAT","San Antonio Approach (Final)","https://www.liveatc.net/play/ksat1_app_120550.pls","",""
"North America","United States","San Antonio","Texas","San Antonio International Airport","KSAT","SAT","San Antonio Approach/Departure","https://www.liveatc.net/play/ksat2_app.pls","",""
"North America","United States","San Antonio","Texas","San Antonio International Airport","KSAT","SAT","San Antonio Departure (South)","https://www.liveatc.net/play/ksat1_app_127100.pls","",""
"North America","United States","San Antonio","Texas","San Antonio International Airport","KSAT","SAT","San Antonio Departure (West/NW)","https://www.liveatc.net/play/ksat1_app_125100.pls","",""
"North America","United States","Tyler","Texas","Tyler Pounds Regional Airport","KTYR","TYR","KTYR App/Dep","https://www.liveatc.net/play/ktyr2_app.pls","",""
"North America","United States","Tyler","Texas","Tyler Pounds Regional Airport","KTYR","TYR","KTYR ATIS","https://www.liveatc.net/play/ktyr2_atis.pls","",""
"North America","United States","Tyler","Texas","Tyler Pounds Regional Airport","KTYR","TYR","KTYR Ground","https://www.liveatc.net/play/ktyr2_gnd.pls","",""
"North America","United States","Tyler","Texas","Tyler Pounds Regional Airport","KTYR","TYR","KTYR Ground/Tower","https://www.liveatc.net/play/ktyr2_gnd_twr.pls","",""
"North America","United States","Tyler","Texas","Tyler Pounds Regional Airport","KTYR","TYR","KTYR Tower","https://www.liveatc.net/play/ktyr2_twr.pls","",""
"North America","United States","Tyler","Texas","Tyler Pounds Regional Airport","KTYR","TYR","KTYR UNICOM","https://www.liveatc.net/play/ktyr2_unicom.pls","",""
"North America","United States","Tyler","Texas","Tyler Pounds Regional Airport","KTYR","TYR","ZFW Sector 25","https://www.liveatc.net/play/ktyr2_ctr.pls","",""
"North America","United States","Brigham City","Utah","Brigham City Regional Airport","KBMC","BMC","KBMC CTAF","https://www.liveatc.net/play/kbmc_ctaf.pls","",""
"North America","United States","Moab","Utah","Canyonlands Regional Airport","KCNY","CNY","KCNY CTAF/Misc","https://www.liveatc.net/play/kcny2.pls","",""
"North America","United States","Ogden","Utah","Ogden-Hinckley Airport","KOGD","OGD","KOGD Ogden Ground/Tower","https://www.liveatc.net/play/kogd.pls","",""
"North America","United States","Provo","Utah","Provo Municipal Airport","KPVU","PVU","KPVU Tower","https://www.liveatc.net/play/kpvu2.pls","",""
"North America","United States","Salt Lake City","Utah","Salt Lake City International Airport","KSLC","SLC","KSLC Approach/Departure","https://www.liveatc.net/play/kslc1_app1.pls","",""
"North America","United States","Salt Lake City","Utah","Salt Lake City International Airport","KSLC","SLC","KSLC Del/Ground","https://www.liveatc.net/play/kslc1_del_gnd.pls","",""
"North America","United States","Salt Lake City","Utah","Salt Lake City International Airport","KSLC","SLC","KSLC Tower","https://www.liveatc.net/play/kslc1_twr.pls","",""
"North America","United States","Salt Lake City","Utah","Salt Lake City International Airport","KSLC","SLC","ZLC Sectors 03/04/07/11/32","https://www.liveatc.net/play/kslc1_zlc.pls","",""
"North America","United States","Salt Lake City","Utah","South Valley Regional","KSVR","","U42 AWOS","https://www.liveatc.net/play/u42_awos.pls","",""
"North America","United States","Salt Lake City","Utah","South Valley Regional","KSVR","","U42 CTAF/App","https://www.liveatc.net/play/u42_ctaf.pls","",""
"North America","United States","Spanish Fork","Utah","Spanish Fork Municipal Airport/Woodhouse Field","KSPK","SPK","KSPK CTAF","https://www.liveatc.net/play/kspk2.pls","https://youtu.be/3NZYi-BCCDY",""
"North America","United States","Burlington","Vermont","Patrick Leahy Burlington International Airport","KBTV","BTV","KBTV App/Dep","https://www.liveatc.net/play/kbtv_app.pls","https://youtu.be/3NZYi-BCCDY",""
"North America","United States","Burlington","Vermont","Patrick Leahy Burlington International Airport","KBTV","BTV","KBTV ATIS","https://www.liveatc.net/play/kbtv_atis.pls","https://youtu.be/3NZYi-BCCDY",""
"North America","United States","Burlington","Vermont","Patrick Leahy Burlington International Airport","KBTV","BTV","KBTV Del/Gnd/Twr","https://www.liveatc.net/play/kbtv_del_gnd_twr.pls","https://youtu.be/3NZYi-BCCDY",""
"North America","United States","Burlington","Vermont","Patrick Leahy Burlington International Airport","KBTV","BTV","KBTV Del/Gnd/Twr/App #1","https://www.liveatc.net/play/kbtv.pls","https://youtu.be/3NZYi-BCCDY",""
"North America","United States","Burlington","Vermont","Patrick Leahy Burlington International Airport","KBTV","BTV","KBTV Del/Gnd/Twr/App #2","https://www.liveatc.net/play/kbtv2.pls","https://youtu.be/3NZYi-BCCDY",""
"North America","United States","Blacksburg","Virginia","Virginia Tech/Montgomery Executive Airport","KBCB","BCB","KBCB AWOS","https://www.liveatc.net/play/kbcb2_awos.pls","",""
"North America","United States","Blacksburg","Virginia","Virginia Tech/Montgomery Executive Airport","KBCB","BCB","KBCB CTAF","https://www.liveatc.net/play/kbcb2_ctaf.pls","",""
"North America","United States","Charlottesville","Virginia","Charlottesville-Albemarle Airport","KCHO","CHO","KCHO App/Dep","https://www.liveatc.net/play/kcho3_app.pls","",""
"North America","United States","Charlottesville","Virginia","Charlottesville-Albemarle Airport","KCHO","CHO","KCHO Tower","https://www.liveatc.net/play/kcho3_ctf.pls","",""
"North America","United States","Charlottesville","Virginia","Charlottesville-Albemarle Airport","KCHO","CHO","ZDC Sector 01","https://www.liveatc.net/play/kcho3_zdc_128600.pls","",""
"North America","United States","Charlottesville","Virginia","Charlottesville-Albemarle Airport","KCHO","CHO","ZDC Sector 01/02/05","https://www.liveatc.net/play/kcho3_zdc_125.pls","",""
"North America","United States","Charlottesville","Virginia","Charlottesville-Albemarle Airport","KCHO","CHO","ZDC Sector 2","https://www.liveatc.net/play/kcho3_zdc_133200.pls","",""
"North America","United States","Charlottesville","Virginia","Charlottesville-Albemarle Airport","KCHO","CHO","ZDC Sector 30/72","https://www.liveatc.net/play/kcho3_zdc_127925.pls","",""
"North America","United States","Charlottesville","Virginia","Charlottesville-Albemarle Airport","KCHO","CHO","ZDC Sector 37","https://www.liveatc.net/play/kcho3_zdc_133025.pls","",""
"North America","United States","Charlottesville","Virginia","Charlottesville-Albemarle Airport","KCHO","CHO","ZDC Sector 60","https://www.liveatc.net/play/kcho3_zdc_121675.pls","",""
"North America","United States","Fort Belvoir","Virginia","Davison Army Airfield","KDAA","DAA","KDAA Tower","https://www.liveatc.net/play/kdaa2_twr.pls","",""
"North America","United States","Leesburg","Virginia","Leesburg Executive Airport","KJYO","JYO","KJYO AWOS","https://www.liveatc.net/play/kjyo3_awos.pls","",""
"North America","United States","Leesburg","Virginia","Leesburg Executive Airport","KJYO","JYO","KJYO Ground","https://www.liveatc.net/play/kjyo3_gnd.pls","",""
"North America","United States","Leesburg","Virginia","Leesburg Executive Airport","KJYO","JYO","KJYO Tower","https://www.liveatc.net/play/kjyo3_twr.pls","",""
"North America","United States","Leesburg","Virginia","Leesburg Executive Airport","KJYO","JYO","ZDC Guard Dog","https://www.liveatc.net/play/kiad2_zdc_gd.pls","",""
"North America","United States","Leesburg","Virginia","Leesburg Executive Airport","KJYO","JYO","ZDC Sectors 04","https://www.liveatc.net/play/kiad2_zdc04_133975.pls","",""
"North America","United States","Leesburg","Virginia","Leesburg Executive Airport","KJYO","JYO","ZDC Sectors 12","https://www.liveatc.net/play/kiad2_zdc12_126875.pls","",""
"North America","United States","Louisa","Virginia","Louisa County Airport/Freeman Field","KLKU","LKU","KLKU Air to Air","https://www.liveatc.net/play/klku2_a2a.pls","",""
"North America","United States","Louisa","Virginia","Louisa County Airport/Freeman Field","KLKU","LKU","KLKU CTAF #1","https://www.liveatc.net/play/klku2.pls","",""
"North America","United States","Louisa","Virginia","Louisa County Airport/Freeman Field","KLKU","LKU","KLKU Emergency/Guard","https://www.liveatc.net/play/klku2_guard.pls","",""
"North America","United States","Luray","Virginia","Luray Caverns Airport","KLUA","","KLUA CTAF","https://www.liveatc.net/play/klua.pls","",""
"North America","United States","Lynchburg","Virginia","Lynchburg Regional Airport/Preston Glenn Field","KLYH","LYH","KLYH Ground","https://www.liveatc.net/play/klyh2_gnd.pls","",""
"North America","United States","Lynchburg","Virginia","Lynchburg Regional Airport/Preston Glenn Field","KLYH","LYH","KLYH Roanoke Approach","https://www.liveatc.net/play/klyh_roa_app.pls","",""
"North America","United States","Lynchburg","Virginia","Lynchburg Regional Airport/Preston Glenn Field","KLYH","LYH","KLYH Tower","https://www.liveatc.net/play/klyh2_twr.pls","",""
"North America","United States","Manassas","Virginia","Manassas Regional Airport/Harry P. Davis Field","KHEF","HEF","KHEF Del/Gnd/Twr","https://www.liveatc.net/play/khef.pls","",""
"North America","United States","Newport News","Virginia","Newport News/Williamsburg International Airport","KPHF","PHF","KPHF Ground/Tower","https://www.liveatc.net/play/kphf.pls","",""
"North America","United States","Norfolk","Virginia","Norfolk Naval Station (Chambers Field)","KNGU","NGU","KNGU Del/Gnd/Twr","https://www.liveatc.net/play/kngu1.pls","",""
"North America","United States","Norfolk","Virginia","Norfolk International Airport","KORF","ORF","KORF ATIS","https://www.liveatc.net/play/korf1_atis.pls","",""
"North America","United States","Norfolk","Virginia","Norfolk International Airport","KORF","ORF","KORF Gnd/Twr","https://www.liveatc.net/play/korf1_gnd_twr.pls","",""
"North America","United States","Norfolk","Virginia","Norfolk International Airport","KORF","ORF","KORF Gnd/Twr/App/Radar","https://www.liveatc.net/play/korf1.pls","",""
"North America","United States","Norfolk","Virginia","Norfolk International Airport","KORF","ORF","KORF Ground #1","https://www.liveatc.net/play/korf1_gnd.pls","",""
"North America","United States","Norfolk","Virginia","Norfolk International Airport","KORF","ORF","KORF Ground #2","https://www.liveatc.net/play/korf3_gnd.pls","",""
"North America","United States","Norfolk","Virginia","Norfolk International Airport","KORF","ORF","KORF Tower #1","https://www.liveatc.net/play/korf1_twr.pls","",""
"North America","United States","Norfolk","Virginia","Norfolk International Airport","KORF","ORF","KORF Tower #2","https://www.liveatc.net/play/korf3_twr.pls","",""
"North America","United States","Norfolk","Virginia","Norfolk International Airport","KORF","ORF","Norfolk Approach (Arrival) #1","https://www.liveatc.net/play/korf1_app_118900.pls","",""
"North America","United States","Norfolk","Virginia","Norfolk International Airport","KORF","ORF","Norfolk Approach (Arrival) #2","https://www.liveatc.net/play/korf3_app_118900.pls","",""
"North America","United States","Norfolk","Virginia","Norfolk International Airport","KORF","ORF","Norfolk Approach (East Feeder)","https://www.liveatc.net/play/korf1_app_126050.pls","",""
"North America","United States","Norfolk","Virginia","Norfolk International Airport","KORF","ORF","Norfolk Approach (West Feeder)","https://www.liveatc.net/play/korf1_app_119450.pls","",""
"North America","United States","Norfolk","Virginia","Norfolk International Airport","KORF","ORF","Norfolk Departure #1","https://www.liveatc.net/play/korf1_app_125200.pls","",""
"North America","United States","Richmond","Virginia","Richmond International Airport","KRIC","RIC","KRIC Area Guard","https://www.liveatc.net/play/kric2_guard.pls","",""
"North America","United States","Richmond","Virginia","Richmond International Airport","KRIC","RIC","KRIC Ground","https://www.liveatc.net/play/kric2_gnd.pls","",""
"North America","United States","Richmond","Virginia","Richmond International Airport","KRIC","RIC","KRIC Tower","https://www.liveatc.net/play/kric2_twr.pls","",""
"North America","United States","Richmond/Ashland","Virginia","Hanover County Municipal Airport","KOFP","OFP","KOFP CTAF","https://www.liveatc.net/play/kofp2_ctaf.pls","",""
"North America","United States","Roanoke","Virginia","Roanoke Regional Airport/Woodrum Field","KROA","ROA","KLYH Roanoke Approach","https://www.liveatc.net/play/klyh_roa_app.pls","",""
"North America","United States","Roanoke","Virginia","Roanoke Regional Airport/Woodrum Field","KROA","ROA","KROA App/Dep (133.225)","https://www.liveatc.net/play/kroa_app_133225.pls","",""
"North America","United States","Roanoke","Virginia","Roanoke Regional Airport/Woodrum Field","KROA","ROA","KROA App/Dep #1","https://www.liveatc.net/play/kroa2_app.pls","",""
"North America","United States","Roanoke","Virginia","Roanoke Regional Airport/Woodrum Field","KROA","ROA","KROA App/Dep #2","https://www.liveatc.net/play/kroa_app.pls","",""
"North America","United States","Roanoke","Virginia","Roanoke Regional Airport/Woodrum Field","KROA","ROA","KROA ATIS","https://www.liveatc.net/play/kroa_atis.pls","",""
"North America","United States","Roanoke","Virginia","Roanoke Regional Airport/Woodrum Field","KROA","ROA","KROA Clearance Delivery","https://www.liveatc.net/play/kroa_del.pls","",""
"North America","United States","Roanoke","Virginia","Roanoke Regional Airport/Woodrum Field","KROA","ROA","KROA Del/Gnd","https://www.liveatc.net/play/kroa_del_gnd.pls","",""
"North America","United States","Roanoke","Virginia","Roanoke Regional Airport/Woodrum Field","KROA","ROA","KROA Gnd/Twr #1","https://www.liveatc.net/play/kroa2_twr.pls","",""
"North America","United States","Roanoke","Virginia","Roanoke Regional Airport/Woodrum Field","KROA","ROA","KROA Gnd/Twr/App #1","https://www.liveatc.net/play/kroa2.pls","",""
"North America","United States","Roanoke","Virginia","Roanoke Regional Airport/Woodrum Field","KROA","ROA","KROA Ground","https://www.liveatc.net/play/kroa_gnd.pls","",""
"North America","United States","Roanoke","Virginia","Roanoke Regional Airport/Woodrum Field","KROA","ROA","KROA Tower","https://www.liveatc.net/play/kroa_twr.pls","",""
"North America","United States","Virginia Beach","Virginia","Oceana Naval Air Station (Apollo Soucek Field)","KNTU","NTU","KNTU Giant Killer","https://www.liveatc.net/play/korf_gk.pls","",""
"North America","United States","Virginia Beach","Virginia","Oceana Naval Air Station (Apollo Soucek Field)","KNTU","NTU","KNTU Gnd/Twr/App","https://www.liveatc.net/play/kntu3_uhf.pls","",""
"North America","United States","Virginia Beach","Virginia","Oceana Naval Air Station (Apollo Soucek Field)","KNTU","NTU","KNTU Gnd/Twr/App/Radar","https://www.liveatc.net/play/kntu1.pls","",""
"North America","United States","Arlington","Washington","Arlington Municipal Airport","KAWO","AWO","KAWO CTAF","https://www.liveatc.net/play/kawo3_ctaf.pls","",""
"North America","United States","Arlington","Washington","Arlington Municipal Airport","KAWO","AWO","KAWO CTAF/Clearance","https://www.liveatc.net/play/kawo3.pls","",""
"North America","United States","Arlington","Washington","Arlington Municipal Airport","KAWO","AWO","Seattle Approach (KAWO)","https://www.liveatc.net/play/kawo3_app.pls","",""
"North America","United States","Bellingham","Washington","Bellingham International Airport","KBLI","BLI","KBLI ATIS","https://www.liveatc.net/play/kbli2_atis.pls","",""
"North America","United States","Bellingham","Washington","Bellingham International Airport","KBLI","BLI","KBLI Ground","https://www.liveatc.net/play/kbli2_gnd.pls","",""
"North America","United States","Bellingham","Washington","Bellingham International Airport","KBLI","BLI","KBLI Tower","https://www.liveatc.net/play/kbli2_twr.pls","",""
"North America","United States","Bremerton","Washington","Bremerton National Airport","KPWT","PWT","KPWT CTAF","https://www.liveatc.net/play/kpwt.pls","",""
"North America","United States","Chehalis","Washington","Chehalis-Centralia Airport","KCLS","CLS","KCLS CTAF","https://www.liveatc.net/play/kcls2_ctaf.pls","",""
"North America","United States","Chehalis","Washington","Chehalis-Centralia Airport","KCLS","CLS","Seattle Approach (KCLS Area)","https://www.liveatc.net/play/kcls2_app.pls","",""
"North America","United States","Everett","Washington","Snohomish County Airport (Paine Field)","KPAE","PAE","KPAE Gnd/Twr/App","https://www.liveatc.net/play/kpae2.pls","",""
"North America","United States","Everett","Washington","Snohomish County Airport (Paine Field)","KPAE","PAE","KPAE Tower/Approach","https://www.liveatc.net/play/kpae3.pls","",""
"North America","United States","Moses Lake","Washington","Grant Co International Airport","KMWH","MWH","KMWH Gnd/Twr/App/Misc","https://www.liveatc.net/play/kmwh2.pls","",""
"North America","United States","Olympia","Washington","Olympia Regional Airport","KOLM","OLM","KOLM Ground","https://www.liveatc.net/play/kolm4_gnd.pls","",""
"North America","United States","Olympia","Washington","Olympia Regional Airport","KOLM","OLM","KOLM Ground/Tower","https://www.liveatc.net/play/kolm4_gnd_twr.pls","",""
"North America","United States","Olympia","Washington","Olympia Regional Airport","KOLM","OLM","KOLM Seattle Approach","https://www.liveatc.net/play/kolm4_app.pls","",""
"North America","United States","Olympia","Washington","Olympia Regional Airport","KOLM","OLM","KOLM Tower","https://www.liveatc.net/play/kolm4_twr.pls","",""
"North America","United States","Pasco","Washington","Tri-Cities Airport","KPSC","PSC","KPSC/KRLD/S98/ZSE","https://www.liveatc.net/play/kpsc.pls","",""
"North America","United States","Puyallup","Washington","Pierce County Airport - Thun Field","KPLU","PLU","KPLU Del/CTAF/App","https://www.liveatc.net/play/kplu2.pls","",""
"North America","United States","Renton","Washington","Renton Municipal Airport","KRNT","RNT","KRNT Emergency/Guard","https://www.liveatc.net/play/krnt2_guard.pls","",""
"North America","United States","Renton","Washington","Renton Municipal Airport","KRNT","RNT","KRNT Gnd/Twr","https://www.liveatc.net/play/krnt2_gnd_twr.pls","",""
"North America","United States","Renton","Washington","Renton Municipal Airport","KRNT","RNT","KRNT Gnd/Twr/Unicom","https://www.liveatc.net/play/krnt.pls","",""
"North America","United States","Renton","Washington","Renton Municipal Airport","KRNT","RNT","KRNT Ground","https://www.liveatc.net/play/krnt2_gnd.pls","",""
"North America","United States","Renton","Washington","Renton Municipal Airport","KRNT","RNT","KRNT Tower","https://www.liveatc.net/play/krnt2_twr.pls","",""
"North America","United States","Seattle","Washington","Boeing Field King County International Airport","KBFI","BFI","KBFI Ground/Tower","https://www.liveatc.net/play/kbfi.pls","",""
"North America","United States","Seattle","Washington","Seattle-Tacoma International Airport","KSEA","SEA","KSEA Approach (East)","https://www.liveatc.net/play/ksea3_app_e.pls","https://youtu.be/4j2kPoNNlMw",""
"North America","United States","Seattle","Washington","Seattle-Tacoma International Airport","KSEA","SEA","KSEA Approach (SE)","https://www.liveatc.net/play/ksea3_app_se.pls","https://youtu.be/4j2kPoNNlMw",""
"North America","United States","Seattle","Washington","Seattle-Tacoma International Airport","KSEA","SEA","KSEA Approach (Secondary)","https://www.liveatc.net/play/ksea3_app_bu.pls","https://youtu.be/4j2kPoNNlMw",""
"North America","United States","Seattle","Washington","Seattle-Tacoma International Airport","KSEA","SEA","KSEA Approach (South)","https://www.liveatc.net/play/ksea3_app_s.pls","https://youtu.be/4j2kPoNNlMw",""
"North America","United States","Seattle","Washington","Seattle-Tacoma International Airport","KSEA","SEA","KSEA Approach (West)","https://www.liveatc.net/play/ksea3_app_west.pls","https://youtu.be/4j2kPoNNlMw",""
"North America","United States","Seattle","Washington","Seattle-Tacoma International Airport","KSEA","SEA","KSEA Area Emergency/Guard","https://www.liveatc.net/play/ksea3_guard.pls","https://youtu.be/4j2kPoNNlMw",""
"North America","United States","Seattle","Washington","Seattle-Tacoma International Airport","KSEA","SEA","KSEA Departure (East)","https://www.liveatc.net/play/ksea3_dep_east.pls","https://youtu.be/4j2kPoNNlMw",""
"North America","United States","Seattle","Washington","Seattle-Tacoma International Airport","KSEA","SEA","KSEA Departure (West)","https://www.liveatc.net/play/ksea3_dep_west.pls","https://youtu.be/4j2kPoNNlMw",""
"North America","United States","Seattle","Washington","Seattle-Tacoma International Airport","KSEA","SEA","KSEA Gate Hold","https://www.liveatc.net/play/ksea3_gate_hold.pls","https://youtu.be/4j2kPoNNlMw",""
"North America","United States","Seattle","Washington","Seattle-Tacoma International Airport","KSEA","SEA","KSEA Ground","https://www.liveatc.net/play/ksea3_gnd.pls","https://youtu.be/4j2kPoNNlMw",""
"North America","United States","Seattle","Washington","Seattle-Tacoma International Airport","KSEA","SEA","KSEA Ramp (North/Cargo)","https://www.liveatc.net/play/ksea3_ramp_n_cargo.pls","https://youtu.be/4j2kPoNNlMw",""
"North America","United States","Seattle","Washington","Seattle-Tacoma International Airport","KSEA","SEA","KSEA Ramp (South)","https://www.liveatc.net/play/ksea3_ramp_s.pls","https://youtu.be/4j2kPoNNlMw",""
"North America","United States","Seattle","Washington","Seattle-Tacoma International Airport","KSEA","SEA","KSEA Tower (16L/34R,16C/34C)","https://www.liveatc.net/play/ksea3_twr_east.pls","https://youtu.be/4j2kPoNNlMw",""
"North America","United States","Seattle","Washington","Seattle-Tacoma International Airport","KSEA","SEA","KSEA Tower (16R/34L)","https://www.liveatc.net/play/ksea3_twr_west.pls","https://youtu.be/4j2kPoNNlMw",""
"North America","United States","Seattle","Washington","Seattle-Tacoma International Airport","KSEA","SEA","Seattle Center (Sector 32 Low/Hi)","https://www.liveatc.net/play/ksea_zse_126600.pls","",""
"North America","United States","Spokane","Washington","Spokane International Airport","KGEG","GEG","KGEG Del/Gnd/Twr/App","https://www.liveatc.net/play/kgeg.pls","",""
"North America","United States","Spokane","Washington","Felts Field Airport","KSFF","SFF","KSFF ATIS","https://www.liveatc.net/play/ksff2_atis.pls","",""
"North America","United States","Spokane","Washington","Felts Field Airport","KSFF","SFF","KSFF Ground","https://www.liveatc.net/play/ksff2_gnd.pls","",""
"North America","United States","Spokane","Washington","Felts Field Airport","KSFF","SFF","KSFF Tower","https://www.liveatc.net/play/ksff2_twr.pls","",""
"North America","United States","Spokane","Washington","Felts Field Airport","KSFF","SFF","Spokane Approach/Departure","https://www.liveatc.net/play/ksff2_app.pls","",""
"North America","United States","Tacoma","Washington","Tacoma Narrows Airport","KTIW","TIW","KTIW Tower","https://www.liveatc.net/play/ktiw3.pls","",""
"North America","United States","Vancouver","Washington","Pearson Field Airport","KVUO","VUO","KVUO CTAF/Guard","https://www.liveatc.net/play/kpdx_pearson.pls","",""
"North America","United States","Yakima","Washington","Yakima Air Terminal/McAllister Field","KYKM","YKM","KYKM App/Dep","https://www.liveatc.net/play/kykm1_app.pls","",""
"North America","United States","Yakima","Washington","Yakima Air Terminal/McAllister Field","KYKM","YKM","KYKM Ground","https://www.liveatc.net/play/kykm1_gnd.pls","",""
"North America","United States","Yakima","Washington","Yakima Air Terminal/McAllister Field","KYKM","YKM","KYKM Tower","https://www.liveatc.net/play/kykm1_twr.pls","",""
"North America","United States","Yakima","Washington","Yakima Air Terminal/McAllister Field","KYKM","YKM","Seattle Center (Sector 09 Low)","https://www.liveatc.net/play/kykm1_zse_132600.pls","",""
"North America","United States","Charleston","West Virginia","Yeager Airport","KCRW","CRW","KCRW Tower/Approach","https://www.liveatc.net/play/kcrw.pls","",""
"North America","United States","Clarksburg","West Virginia","North Central West Virginia Airport","KCKB","CKB","KCKB App/Dep","https://www.liveatc.net/play/kckb_app.pls","",""
"North America","United States","Clarksburg","West Virginia","North Central West Virginia Airport","KCKB","CKB","KCKB App/Dep (East)","https://www.liveatc.net/play/kckb_app_east.pls","",""
"North America","United States","Clarksburg","West Virginia","North Central West Virginia Airport","KCKB","CKB","KCKB App/Dep (West)","https://www.liveatc.net/play/kckb_app_west.pls","",""
"North America","United States","Clarksburg","West Virginia","North Central West Virginia Airport","KCKB","CKB","KCKB ATIS","https://www.liveatc.net/play/kckb_atis.pls","",""
"North America","United States","Clarksburg","West Virginia","North Central West Virginia Airport","KCKB","CKB","KCKB Emergency/Guard","https://www.liveatc.net/play/kckb_guard.pls","",""
"North America","United States","Clarksburg","West Virginia","North Central West Virginia Airport","KCKB","CKB","KCKB Ground","https://www.liveatc.net/play/kckb_gnd.pls","",""
"North America","United States","Clarksburg","West Virginia","North Central West Virginia Airport","KCKB","CKB","KCKB Ground/Tower","https://www.liveatc.net/play/kckb_gnd_twr.pls","",""
"North America","United States","Clarksburg","West Virginia","North Central West Virginia Airport","KCKB","CKB","KCKB Tower","https://www.liveatc.net/play/kckb_twr.pls","",""
"North America","United States","Clarksburg","West Virginia","North Central West Virginia Airport","KCKB","CKB","ZOB Sector 61 Morgantown Low","https://www.liveatc.net/play/zob_ckb.pls","",""
"North America","United States","Morgantown","West Virginia","Morgantown Municipal Airport","KMGW","MGW","KMGW ASOS","https://www.liveatc.net/play/kmgw1_asos.pls","",""
"North America","United States","Morgantown","West Virginia","Morgantown Municipal Airport","KMGW","MGW","KMGW Ground","https://www.liveatc.net/play/kmgw1_gnd.pls","",""
"North America","United States","Morgantown","West Virginia","Morgantown Municipal Airport","KMGW","MGW","KMGW Ground/Tower","https://www.liveatc.net/play/kmgw2.pls","",""
"North America","United States","Morgantown","West Virginia","Morgantown Municipal Airport","KMGW","MGW","KMGW Tower","https://www.liveatc.net/play/kmgw1_twr.pls","",""
"North America","United States","Appleton","Wisconsin","Appleton International Airport","KATW","ATW","KATW Tower","https://www.liveatc.net/play/katw2.pls","",""
"North America","United States","Camp Douglas","Wisconsin","Volk Field","KVOK","VOK","KVOK ATIS","https://www.liveatc.net/play/kvok2_atis.pls","",""
"North America","United States","Camp Douglas","Wisconsin","Volk Field","KVOK","VOK","KVOK Ground","https://www.liveatc.net/play/kvok2_gnd.pls","",""
"North America","United States","Camp Douglas","Wisconsin","Volk Field","KVOK","VOK","KVOK Ground (UHF)","https://www.liveatc.net/play/kvok2_gnd_uhf.pls","",""
"North America","United States","Camp Douglas","Wisconsin","Volk Field","KVOK","VOK","KVOK Tower","https://www.liveatc.net/play/kvok2_twr.pls","",""
"North America","United States","Camp Douglas","Wisconsin","Volk Field","KVOK","VOK","KVOK Tower (UHF)","https://www.liveatc.net/play/kvok2_twr_uhf.pls","",""
"North America","United States","Camp Douglas","Wisconsin","Volk Field","KVOK","VOK","KVOK Volk App/Dep","https://www.liveatc.net/play/kvok2_app.pls","",""
"North America","United States","Camp Douglas","Wisconsin","Volk Field","KVOK","VOK","KVOK Volk App/Dep (UHF)","https://www.liveatc.net/play/kvok2_app_uhf.pls","",""
"North America","United States","Camp Douglas","Wisconsin","Volk Field","KVOK","VOK","KVOK Volk MOA (Blue)","https://www.liveatc.net/play/kvok2_blue.pls","",""
"North America","United States","Camp Douglas","Wisconsin","Volk Field","KVOK","VOK","KVOK Volk MOA (Phoenix)","https://www.liveatc.net/play/kvok2_phoenix.pls","",""
"North America","United States","Camp Douglas","Wisconsin","Volk Field","KVOK","VOK","KVOK Volk MOA (Red)","https://www.liveatc.net/play/kvok2_red.pls","",""
"North America","United States","Eagle River","Wisconsin","Eagle River Union Airport","KEGV","EGV","KEGV CTAF","https://www.liveatc.net/play/ksbm3.pls","",""
"North America","United States","Eau Claire","Wisconsin","Chippewa Valley Regional Airport","KEAU","EAU","KEAU ATIS","https://www.liveatc.net/play/keau_atis.pls","",""
"North America","United States","Eau Claire","Wisconsin","Chippewa Valley Regional Airport","KEAU","EAU","KEAU Ground","https://www.liveatc.net/play/keau_gnd.pls","",""
"North America","United States","Eau Claire","Wisconsin","Chippewa Valley Regional Airport","KEAU","EAU","KEAU Ground/Tower","https://www.liveatc.net/play/keau2_gnd_twr.pls","",""
"North America","United States","Eau Claire","Wisconsin","Chippewa Valley Regional Airport","KEAU","EAU","KEAU Tower","https://www.liveatc.net/play/keau_twr.pls","",""
"North America","United States","Eau Claire","Wisconsin","Chippewa Valley Regional Airport","KEAU","EAU","KEAU UNICOM","https://www.liveatc.net/play/keau_unicom.pls","",""
"North America","United States","Eau Claire","Wisconsin","Chippewa Valley Regional Airport","KEAU","EAU","ZMP Sector 05 (125.3)","https://www.liveatc.net/play/keau_zmp05_125300.pls","",""
"North America","United States","Eau Claire","Wisconsin","Chippewa Valley Regional Airport","KEAU","EAU","ZMP Sector 06 (134.3)","https://www.liveatc.net/play/keau_zmp06_134300.pls","",""
"North America","United States","Eau Claire","Wisconsin","Chippewa Valley Regional Airport","KEAU","EAU","ZMP Sector 16 (133.75)","https://www.liveatc.net/play/keau_zmp16_133750.pls","",""
"North America","United States","Eau Claire","Wisconsin","Chippewa Valley Regional Airport","KEAU","EAU","ZMP Sector 22 (127.425)","https://www.liveatc.net/play/keau_zmp22_127425.pls","",""
"North America","United States","Green Bay","Wisconsin","Austin Straubel International Airport","KGRB","GRB","KGRB App/Dep","https://www.liveatc.net/play/kgrb1_app.pls","",""
"North America","United States","Green Bay","Wisconsin","Austin Straubel International Airport","KGRB","GRB","KGRB ATIS","https://www.liveatc.net/play/kgrb1_atis.pls","",""
"North America","United States","Green Bay","Wisconsin","Austin Straubel International Airport","KGRB","GRB","KGRB Gnd/Twr","https://www.liveatc.net/play/kgrb1_gnd_twr.pls","",""
"North America","United States","Green Bay","Wisconsin","Austin Straubel International Airport","KGRB","GRB","ZMP Sector 04/14","https://www.liveatc.net/play/kgrb1_zmp.pls","",""
"North America","United States","Janesville","Wisconsin","Southern Wisconsin Regional Airport","KJVL","JVL","KJVL Area Emergency/Guard","https://www.liveatc.net/play/kjvl1_guard.pls","",""
"North America","United States","Janesville","Wisconsin","Southern Wisconsin Regional Airport","KJVL","JVL","KJVL ATIS","https://www.liveatc.net/play/kjvl1_atis.pls","",""
"North America","United States","Janesville","Wisconsin","Southern Wisconsin Regional Airport","KJVL","JVL","KJVL Ground","https://www.liveatc.net/play/kjvl1_gnd.pls","",""
"North America","United States","Janesville","Wisconsin","Southern Wisconsin Regional Airport","KJVL","JVL","KJVL Ground/Tower","https://www.liveatc.net/play/kjvl1_gnd_twr.pls","",""
"North America","United States","Janesville","Wisconsin","Southern Wisconsin Regional Airport","KJVL","JVL","KJVL Tower","https://www.liveatc.net/play/kjvl1_twr.pls","",""
"North America","United States","Janesville","Wisconsin","Southern Wisconsin Regional Airport","KJVL","JVL","Rockford App/Dep","https://www.liveatc.net/play/krfd2_app.pls","",""
"North America","United States","Kenosha","Wisconsin","Kenosha Regional Airport","KENW","ENW","KENW Ground/Tower","https://www.liveatc.net/play/kenw.pls","",""
"North America","United States","La Crosse","Wisconsin","La Crosse Municipal Airport","KLSE","LSE","KLSE Ground","https://www.liveatc.net/play/klse2_gnd.pls","",""
"North America","United States","La Crosse","Wisconsin","La Crosse Municipal Airport","KLSE","LSE","KLSE Tower","https://www.liveatc.net/play/klse2_twr.pls","",""
"North America","United States","La Crosse","Wisconsin","La Crosse Municipal Airport","KLSE","LSE","Minneapolis Center (Sector 05 LSE Area)","https://www.liveatc.net/play/klse2_zmp_128600.pls","",""
"North America","United States","Madison","Wisconsin","Dane County Regional Airport-Truax Field","KMSN","MSN","KMSN Approach (East)","https://www.liveatc.net/play/kmsn2_app_east.pls","",""
"North America","United States","Madison","Wisconsin","Dane County Regional Airport-Truax Field","KMSN","MSN","KMSN Approach (West)","https://www.liveatc.net/play/kmsn2_app_west.pls","",""
"North America","United States","Madison","Wisconsin","Dane County Regional Airport-Truax Field","KMSN","MSN","KMSN Approach/Departure #1","https://www.liveatc.net/play/kmsn1_app.pls","",""
"North America","United States","Madison","Wisconsin","Dane County Regional Airport-Truax Field","KMSN","MSN","KMSN Approach/Departure #2","https://www.liveatc.net/play/kmsn2_app.pls","",""
"North America","United States","Madison","Wisconsin","Dane County Regional Airport-Truax Field","KMSN","MSN","KMSN ATIS #1","https://www.liveatc.net/play/kmsn1_atis.pls","",""
"North America","United States","Madison","Wisconsin","Dane County Regional Airport-Truax Field","KMSN","MSN","KMSN Clearance Delivery #1","https://www.liveatc.net/play/kmsn1_del.pls","",""
"North America","United States","Madison","Wisconsin","Dane County Regional Airport-Truax Field","KMSN","MSN","KMSN Clearance Delivery #2","https://www.liveatc.net/play/kmsn2_del.pls","",""
"North America","United States","Madison","Wisconsin","Dane County Regional Airport-Truax Field","KMSN","MSN","KMSN Emergency/Guard #1","https://www.liveatc.net/play/kmsn1_guard.pls","",""
"North America","United States","Madison","Wisconsin","Dane County Regional Airport-Truax Field","KMSN","MSN","KMSN Emergency/Guard #2","https://www.liveatc.net/play/kmsn2_guard.pls","",""
"North America","United States","Madison","Wisconsin","Dane County Regional Airport-Truax Field","KMSN","MSN","KMSN Ground #1","https://www.liveatc.net/play/kmsn1_gnd.pls","",""
"North America","United States","Madison","Wisconsin","Dane County Regional Airport-Truax Field","KMSN","MSN","KMSN Ground #2","https://www.liveatc.net/play/kmsn2_gnd.pls","",""
"North America","United States","Madison","Wisconsin","Dane County Regional Airport-Truax Field","KMSN","MSN","KMSN Tower #1","https://www.liveatc.net/play/kmsn1_twr.pls","",""
"North America","United States","Madison","Wisconsin","Dane County Regional Airport-Truax Field","KMSN","MSN","KMSN Tower #2","https://www.liveatc.net/play/kmsn2_twr.pls","",""
"North America","United States","Madison","Wisconsin","Dane County Regional Airport-Truax Field","KMSN","MSN","KMSN Twr/App","https://www.liveatc.net/play/kmsn.pls","",""
"North America","United States","Milwaukee","Wisconsin","General Mitchell International Airport","KMKE","MKE","KMKE Approach/Departure","https://www.liveatc.net/play/kmke3_app_dep.pls","",""
"North America","United States","Milwaukee","Wisconsin","General Mitchell International Airport","KMKE","MKE","KMKE Ground","https://www.liveatc.net/play/kmke3_gnd.pls","",""
"North America","United States","Milwaukee","Wisconsin","General Mitchell International Airport","KMKE","MKE","KMKE Tower","https://www.liveatc.net/play/kmke3_twr.pls","",""
"North America","United States","Milwaukee","Wisconsin","Lawrence J Timmerman Airport","KMWC","MWC","KMWC Gnd/Twr","https://www.liveatc.net/play/kmke3_kmwc.pls","",""
"North America","United States","Minocqua-Woodruff","Wisconsin","Lakeland-Noble F. Lee Memorial field","KARV","ARV","KARV CTAF","https://www.liveatc.net/play/d25_122700.pls","",""
"North America","United States","New Richmond","Wisconsin","New Richmond Regional Airport","KRNH","RNH","KRNH CTAF/Clearance","https://www.liveatc.net/play/krnh.pls","",""
"North America","United States","Oshkosh","Wisconsin","Wittman Regional Airport","KOSH","OSH","KOSH Arrival ATIS","https://www.liveatc.net/play/kosh6.pls","",""
"North America","United States","Oshkosh","Wisconsin","Wittman Regional Airport","KOSH","OSH","KOSH Arrival ATIS #2","https://www.liveatc.net/play/kosh_arr_atis.pls","",""
"North America","United States","Oshkosh","Wisconsin","Wittman Regional Airport","KOSH","OSH","KOSH Basler FBO","https://www.liveatc.net/play/kosh_fbo.pls","",""
"North America","United States","Oshkosh","Wisconsin","Wittman Regional Airport","KOSH","OSH","KOSH Emergency/Guard","https://www.liveatc.net/play/kosh_guard.pls","",""
"North America","United States","Oshkosh","Wisconsin","Wittman Regional Airport","KOSH","OSH","KOSH Gnd/Twr/App #1","https://www.liveatc.net/play/kosh_perm.pls","",""
"North America","United States","Oshkosh","Wisconsin","Wittman Regional Airport","KOSH","OSH","KOSH Green Bay Radio","https://www.liveatc.net/play/kosh_gbr.pls","",""
"North America","United States","Oshkosh","Wisconsin","Wittman Regional Airport","KOSH","OSH","KOSH Green Bay Radio #1","https://www.liveatc.net/play/kosh_gbr2.pls","",""
"North America","United States","Oshkosh","Wisconsin","Wittman Regional Airport","KOSH","OSH","KOSH Ground #3","https://www.liveatc.net/play/kosh9_gnd.pls","",""
"North America","United States","Oshkosh","Wisconsin","Wittman Regional Airport","KOSH","OSH","KOSH Tower #1","https://www.liveatc.net/play/kosh.pls","",""
"North America","United States","Oshkosh","Wisconsin","Wittman Regional Airport","KOSH","OSH","KOSH Tower #2","https://www.liveatc.net/play/kosh_s_twr1.pls","",""
"North America","United States","Oshkosh","Wisconsin","Wittman Regional Airport","KOSH","OSH","KOSH Tower #3","https://www.liveatc.net/play/kosh9_twr_n.pls","",""
"North America","United States","Oshkosh","Wisconsin","Wittman Regional Airport","KOSH","OSH","Milwaukee App (OSH) #1","https://www.liveatc.net/play/kosh8.pls","",""
"North America","United States","Oshkosh","Wisconsin","Wittman Regional Airport","KOSH","OSH","Milwaukee App (OSH) #2","https://www.liveatc.net/play/kosh9_app.pls","",""
"North America","United States","Oshkosh","Wisconsin","Wittman Regional Airport","KOSH","OSH","Oshkosh Seaplane Base (EAA) #1","https://www.liveatc.net/play/kosh7_spb.pls","",""
"North America","United States","Oshkosh","Wisconsin","Wittman Regional Airport","KOSH","OSH","Oshkosh Seaplane Base (EAA) #2","https://www.liveatc.net/play/kosh_spb1.pls","",""
"North America","United States","Oshkosh","Wisconsin","Wittman Regional Airport","KOSH","OSH","ZAU Chicago Center (Lone Rock, Low)","https://www.liveatc.net/play/zau_osh.pls","",""
"North America","United States","Park Falls","Wisconsin","Park Falls Municipal Airport","KPKF","PKF","KPKF CTAF","https://www.liveatc.net/play/d25_122900.pls","","KPBH"
"North America","United States","Platteville","Wisconsin","Platteville Municipal Airport","KPVB","PVB","KPVB AWOS","https://www.liveatc.net/play/kpvb1_awos.pls","",""
"North America","United States","Platteville","Wisconsin","Platteville Municipal Airport","KPVB","PVB","KPVB/KSFY CTAF","https://www.liveatc.net/play/kpvb1_122700.pls","",""
"North America","United States","Sheboygan","Wisconsin","Sheboygan County Memorial Airport","KSBM","SBM","KSBM Area Guard (Emergency)","https://www.liveatc.net/play/ksbm1_guard.pls","",""
"North America","United States","Sheboygan","Wisconsin","Sheboygan County Memorial Airport","KSBM","SBM","KSBM CTAF","https://www.liveatc.net/play/ksbm1_ctaf.pls","",""
"North America","United States","Sheboygan","Wisconsin","Sheboygan County Memorial Airport","KSBM","SBM","Milwaukee Approach (SBM)","https://www.liveatc.net/play/ksbm1_app.pls","",""
"North America","United States","Solon Springs","Wisconsin","Solon Springs Municipal Airport","KOLG","OLG","KOLG CTAF","https://www.liveatc.net/play/3cu_kolg_ctaf.pls","",""
"North America","United States","Waukesha","Wisconsin","Waukesha County Airport","KUES","UES","KUES Del/Gnd/Twr","https://www.liveatc.net/play/kues.pls","",""
"North America","United States","Waukesha","Wisconsin","Waukesha County Airport","KUES","UES","KUES Gnd/Twr","https://www.liveatc.net/play/kues4.pls","",""
"North America","United States","Waupaca","Wisconsin","Waupaca Municipal Airport","KPCZ","PCZ","KPCZ/KCLI/Y50/W23/KEZS CTAF","https://www.liveatc.net/play/kpcz2.pls","https://youtu.be/NlUXfUwJBiY",""
"North America","United States","Casper","Wyoming","Casper/Natrona County International Airport","KCPR","CPR","KCPR Gnd/Twr/App","https://www.liveatc.net/play/kcpr2.pls","",""
"North America","United States","Casper","Wyoming","Casper/Natrona County International Airport","KCPR","CPR","KCPR Twr/App/ZDV/Radio","https://www.liveatc.net/play/kcpr.pls","",""
"North America","United States","Cheyenne","Wyoming","Cheyenne Regional Airport/Jerry Olson Field","KCYS","CYS","KCYS Gnd/Twr/App/Center","https://www.liveatc.net/play/kcys.pls","https://2-fss-2.streamhoster.com/pl_126/200612-2294418-1/playlist.m3u8",""
"North America","United States","Jackson","Wyoming","Jackson Hole Airport","KJAC","JAC","KJAC ATIS","https://www.liveatc.net/play/kjac1_atis.pls","",""
"North America","United States","Jackson","Wyoming","Jackson Hole Airport","KJAC","JAC","KJAC Ground","https://www.liveatc.net/play/kjac1_gnd.pls","",""
"North America","United States","Jackson","Wyoming","Jackson Hole Airport","KJAC","JAC","KJAC Tower","https://www.liveatc.net/play/kjac1_twr.pls","",""
"North America","United States","Jackson","Wyoming","Jackson Hole Airport","KJAC","JAC","Salt Lake Center (JAC)","https://www.liveatc.net/play/kjac1_zlc.pls","",""
"Oceania","Australia","Canberra","Australian Capital Territory","Canberra International Airport","YSCB","CBR","Melbourne Center (124.1)","https://www.liveatc.net/play/yscb2_ctr_124100.pls","",""
"Oceania","Australia","Canberra","Australian Capital Territory","Canberra International Airport","YSCB","CBR","Melbourne Center (128.4)","https://www.liveatc.net/play/yscb2_ctr_128400.pls","",""
"Oceania","Australia","Canberra","Australian Capital Territory","Canberra International Airport","YSCB","CBR","YSCB App/Dep","https://www.liveatc.net/play/yscb2_app.pls","",""
"Oceania","Australia","Canberra","Australian Capital Territory","Canberra International Airport","YSCB","CBR","YSCB App/Dep (East)","https://www.liveatc.net/play/yscb2_app_e.pls","",""
"Oceania","Australia","Canberra","Australian Capital Territory","Canberra International Airport","YSCB","CBR","YSCB App/Dep (West)","https://www.liveatc.net/play/yscb2_app_w.pls","",""
"Oceania","Australia","Canberra","Australian Capital Territory","Canberra International Airport","YSCB","CBR","YSCB ATIS","https://www.liveatc.net/play/yscb2_atis.pls","",""
"Oceania","Australia","Canberra","Australian Capital Territory","Canberra International Airport","YSCB","CBR","YSCB Tower","https://www.liveatc.net/play/yscb2_twr.pls","",""
"Oceania","Australia","Canberra","Australian Capital Territory","Canberra International Airport","YSCB","CBR","YSCB Twr/App/Dep","https://www.liveatc.net/play/yscb2_all.pls","https://s107.ipcamlive.com/streams/6bhaj2puksjq0e45i/stream.m3u8",""
"Oceania","Australia","Bankstown","New South Wales","Sydney Bankstown Airport","YSBK","BWU","YSBK ATIS","https://www.liveatc.net/play/ysbk_twr.pls","",""
"Oceania","Australia","Bankstown","New South Wales","Sydney Bankstown Airport","YSBK","BWU","YSBK R407B VFR","https://www.liveatc.net/play/ysbk_r405a.pls","",""
"Oceania","Australia","Bankstown","New South Wales","Sydney Bankstown Airport","YSBK","BWU","YSBK Tower","https://www.liveatc.net/play/ysbk_atis.pls","",""
"Oceania","Australia","Bourke","New South Wales","Bourke Airport","YBKE","BRK","YBKE CTAF/Center","https://www.liveatc.net/play/ybke_ctaf.pls","",""
"Oceania","Australia","Camden","New South Wales","Camden General Airport","YSCN","CDU","YSCN Tower/CTAF","https://www.liveatc.net/play/yscn3.pls","",""
"Oceania","Australia","Griffith","New South Wales","Griffith Airport","YGTH","GFF","YGTH AWIS","https://www.liveatc.net/play/ygth_awis.pls","",""
"Oceania","Australia","Griffith","New South Wales","Griffith Airport","YGTH","GFF","YGTH CTAF","https://www.liveatc.net/play/ygth.pls","",""
"Oceania","Australia","Inverell","New South Wales","Inverell Airport","YIVL","IVR","YIVL CTAF/Center","https://www.liveatc.net/play/yivl2.pls","","YSTW"
"Oceania","Australia","Port Macquarie","New South Wales","Port Macquarie Airport","YPMQ","PQQ","YPMQ CTAF","https://www.liveatc.net/play/ypmq2.pls","",""
"Oceania","Australia","Richmond","New South Wales","RAAF Base Richmond","YSRI","XRH","YSRI Tower","https://www.liveatc.net/play/ysri2_twr.pls","",""
"Oceania","Australia","Sydney","New South Wales","Sydney International Airport","YSSY","SYD","Brisbane Center (124.625/YSSY)","https://www.liveatc.net/play/yssy1_ctr_124625.pls","",""
"Oceania","Australia","Sydney","New South Wales","Sydney International Airport","YSSY","SYD","Brisbane Center (124.95/YSSY)","https://www.liveatc.net/play/yssy1_ctr_124950.pls","",""
"Oceania","Australia","Sydney","New South Wales","Sydney International Airport","YSSY","SYD","Brisbane Center (125.0/YSSY)","https://www.liveatc.net/play/yssy1_ctr_125000.pls","",""
"Oceania","Australia","Sydney","New South Wales","Sydney International Airport","YSSY","SYD","Brisbane Center (128.6/YSSY)","https://www.liveatc.net/play/yssy1_ctr_128600.pls","",""
"Oceania","Australia","Sydney","New South Wales","Sydney International Airport","YSSY","SYD","YSSY Approach (North/East)","https://www.liveatc.net/play/yssy1_app_n.pls","",""
"Oceania","Australia","Sydney","New South Wales","Sydney International Airport","YSSY","SYD","YSSY Approach (South)","https://www.liveatc.net/play/yssy1_app_s.pls","",""
"Oceania","Australia","Sydney","New South Wales","Sydney International Airport","YSSY","SYD","YSSY ATIS","https://www.liveatc.net/play/yssy1_atis1.pls","",""
"Oceania","Australia","Sydney","New South Wales","Sydney International Airport","YSSY","SYD","YSSY Center (South/West)","https://www.liveatc.net/play/yssy1_ctr_s.pls","",""
"Oceania","Australia","Sydney","New South Wales","Sydney International Airport","YSSY","SYD","YSSY Del/Gnd","https://www.liveatc.net/play/yssy1_del_gnd.pls","",""
"Oceania","Australia","Sydney","New South Wales","Sydney International Airport","YSSY","SYD","YSSY Departure (North/East)","https://www.liveatc.net/play/yssy1_dep_ne.pls","",""
"Oceania","Australia","Sydney","New South Wales","Sydney International Airport","YSSY","SYD","YSSY Departure (South/West)","https://www.liveatc.net/play/yssy1_dep_s.pls","",""
"Oceania","Australia","Sydney","New South Wales","Sydney International Airport","YSSY","SYD","YSSY Director (East)","https://www.liveatc.net/play/yssy1_dir_e.pls","",""
"Oceania","Australia","Sydney","New South Wales","Sydney International Airport","YSSY","SYD","YSSY Tower (Both)","https://www.liveatc.net/play/yssy1_twr.pls","",""
"Oceania","Australia","Sydney","New South Wales","Sydney International Airport","YSSY","SYD","YSSY Tower (Rwy 16L/34R)","https://www.liveatc.net/play/yssy1_twr2.pls","",""
"Oceania","Australia","Sydney","New South Wales","Sydney International Airport","YSSY","SYD","YSSY Tower (Rwys 16R/34L,7/25)","https://www.liveatc.net/play/yssy1_twr1.pls","",""
"Oceania","Australia","Tamworth","New South Wales","Tamworth Regional Airport","YSTW","TMW","YSTW Gnd/Twr/Center","https://www.liveatc.net/play/ystw3.pls","",""
"Oceania","Australia","Wedderburn","New South Wales","Wedderburn Airport","YWBN","","YWBN CTAF/Center","https://www.liveatc.net/play/ywbn2.pls","","YSWS"
"Oceania","Australia","Alice Springs","Northern Territory","Alice Springs Airport","YBAS","ASP","YBAS Tower/Center","https://www.liveatc.net/play/ybas.pls","",""
"Oceania","Australia","Darwin","Northern Territory","Darwin International Airport","YPDN","DRW","YPDN Gnd/Twr/App/Dep","https://www.liveatc.net/play/ypdn.pls","",""
"Oceania","Australia","Brisbane","Queensland","Brisbane Archerfield Airport","YBAF","","YBAF Gnd/Twr","https://www.liveatc.net/play/ybaf4_gnd_twr.pls","",""
"Oceania","Australia","Brisbane","Queensland","Brisbane Archerfield Airport","YBAF","","YBAF Ground","https://www.liveatc.net/play/ybaf4_gnd.pls","",""
"Oceania","Australia","Brisbane","Queensland","Brisbane Archerfield Airport","YBAF","","YBAF Tower (North/South)","https://www.liveatc.net/play/ybaf4_twr.pls","",""
"Oceania","Australia","Brisbane","Queensland","Brisbane Archerfield Airport","YBAF","","YBAF Tower (South)","https://www.liveatc.net/play/ybaf4_twr_s.pls","",""
"Oceania","Australia","Brisbane","Queensland","Brisbane International Airport","YBBN","BNE","YBBN Brisbane Center (128.6)","https://www.liveatc.net/play/yssy1_ctr_128600.pls","",""
"Oceania","Australia","Brisbane","Queensland","Brisbane International Airport","YBBN","BNE","YBBN Tower (North/South)","https://www.liveatc.net/play/ybbn7_twr.pls","",""
"Oceania","Australia","Caboolture","Queensland","Caboolture Airport","YCAB","","YCAB CTAF","https://www.liveatc.net/play/yred2_ycab_ctaf.pls","","YBBN"
"Oceania","Australia","Cairns","Queensland","Cairns International Airport","YBCS","CNS","YBCS App/Dep (all)","https://www.liveatc.net/play/ybcs_app_dep_both.pls","",""
"Oceania","Australia","Cairns","Queensland","Cairns International Airport","YBCS","CNS","YBCS App/Dep #1","https://www.liveatc.net/play/ybcs_app_dep.pls","",""
"Oceania","Australia","Cairns","Queensland","Cairns International Airport","YBCS","CNS","YBCS App/Dep #2","https://www.liveatc.net/play/ybcs_dep.pls","",""
"Oceania","Australia","Cairns","Queensland","Cairns International Airport","YBCS","CNS","YBCS Brisbane Centre","https://www.liveatc.net/play/ybcs_centre.pls","",""
"Oceania","Australia","Cairns","Queensland","Cairns International Airport","YBCS","CNS","YBCS Emergency/Guard","https://www.liveatc.net/play/ybcs_guard.pls","",""
"Oceania","Australia","Cairns","Queensland","Cairns International Airport","YBCS","CNS","YBCS Ground","https://www.liveatc.net/play/ybcs_gnd.pls","",""
"Oceania","Australia","Cairns","Queensland","Cairns International Airport","YBCS","CNS","YBCS Ground/Tower","https://www.liveatc.net/play/ybcs_gnd_twr.pls","",""
"Oceania","Australia","Cairns","Queensland","Cairns International Airport","YBCS","CNS","YBCS Tower","https://www.liveatc.net/play/ybcs_twr.pls","",""
"Oceania","Australia","Charleville","Queensland","Charleville Airport","YBCV","CTL","YBCV CTAF/Brisbane Center","https://www.liveatc.net/play/ybcv.pls","",""
"Oceania","Australia","Gold Coast City","Queensland","Gold Coast Airport","YBCG","OOL","YBCG Approach","https://www.liveatc.net/play/ybcg3_app.pls","",""
"Oceania","Australia","Gold Coast City","Queensland","Gold Coast Airport","YBCG","OOL","YBCG Area CTAF","https://www.liveatc.net/play/ybcg3_area_ctaf.pls","",""
"Oceania","Australia","Gold Coast City","Queensland","Gold Coast Airport","YBCG","OOL","YBCG Brisbane Centre","https://www.liveatc.net/play/ybcg3_centre.pls","",""
"Oceania","Australia","Gold Coast City","Queensland","Gold Coast Airport","YBCG","OOL","YBCG Ground","https://www.liveatc.net/play/ybcg3_gnd.pls","",""
"Oceania","Australia","Gold Coast City","Queensland","Gold Coast Airport","YBCG","OOL","YBCG Ground/Tower","https://www.liveatc.net/play/ybcg3_gnd_twr.pls","",""
"Oceania","Australia","Gold Coast City","Queensland","Gold Coast Airport","YBCG","OOL","YBCG Tower #1","https://www.liveatc.net/play/ybcg3_twr.pls","",""
"Oceania","Australia","Oakey","Queensland","Oakey Airport","YBOK","OKY","YBOK Del/Gnd/Twr/App","https://www.liveatc.net/play/ybok.pls","",""
"Oceania","Australia","Redcliffe","Queensland","Redcliffe Airport","YRED","","Brisbane Center (YRED Area)","https://www.liveatc.net/play/yred2_ctr.pls","","YBBN"
"Oceania","Australia","Redcliffe","Queensland","Redcliffe Airport","YRED","","YRED CTAF","https://www.liveatc.net/play/yred2_ctaf.pls","","YBBN"
"Oceania","Australia","Southport","Queensland","Southport Airfield","YSPT","SHQ","YSPT CTAF","https://www.liveatc.net/play/yspt2.pls","","YBCG;YBBN"
"Oceania","Australia","Townsville","Queensland","Townsville Airport","YBTL","TSV","YBTL Approach/Departure","https://www.liveatc.net/play/ybtl1_app.pls","",""
"Oceania","Australia","Townsville","Queensland","Townsville Airport","YBTL","TSV","YBTL ATIS","https://www.liveatc.net/play/ybtl1_atis.pls","",""
"Oceania","Australia","Townsville","Queensland","Townsville Airport","YBTL","TSV","YBTL Brisbane Center","https://www.liveatc.net/play/ybtl1_ctr.pls","",""
"Oceania","Australia","Townsville","Queensland","Townsville Airport","YBTL","TSV","YBTL Clearance Delivery","https://www.liveatc.net/play/ybtl1_del.pls","",""
"Oceania","Australia","Townsville","Queensland","Townsville Airport","YBTL","TSV","YBTL Ground","https://www.liveatc.net/play/ybtl1_gnd.pls","",""
"Oceania","Australia","Townsville","Queensland","Townsville Airport","YBTL","TSV","YBTL Tower","https://www.liveatc.net/play/ybtl1_twr.pls","",""
"Oceania","Australia","Wellcamp","Queensland","Toowoomba Wellcamp Airport","YBWW","WTB","YBWW CTAF","https://www.liveatc.net/play/ybww_ctaf.pls","",""
"Oceania","Australia","Adelaide","South Australia","Adelaide International Airport","YPAD","ADL","YPAD Del/Gnd/Twr/App","https://www.liveatc.net/play/ypad2_misc.pls","",""
"Oceania","Australia","Aldinga","South Australia","Aldinga Airport","YADG","","YADG CTAF","https://www.liveatc.net/play/yadg2.pls","","YPAD"
"Oceania","Australia","Gawler","South Australia","Gawler Airport","YGAW","","YGAW CTAF","https://www.liveatc.net/play/ygaw2.pls","","YPAD"
"Oceania","Australia","Burnie","Tasmania","Burnie Airport Wynyard Airport","YWYY","BWT","YWYY CTAF/Center","https://www.liveatc.net/play/ywyy2.pls","",""
"Oceania","Australia","Cambridge","Tasmania","Hobart International Airport","YMHB","HBA","YMHB Twr/Centre/Misc","https://www.liveatc.net/play/ymhb2.pls","",""
"Oceania","Australia","Avalon","Victoria","Avalon Airport","YMAV","AVV","YMAV Del/App","https://www.liveatc.net/play/ymav2.pls","",""
"Oceania","Australia","Bendigo","Victoria","Bendigo Airport","YBDG","BXG","YBDG Center","https://www.liveatc.net/play/ybdg3_ctr.pls","",""
"Oceania","Australia","Bendigo","Victoria","Bendigo Airport","YBDG","BXG","YBDG CTAF","https://www.liveatc.net/play/ybdg3.pls","",""
"Oceania","Australia","Melbourne","Victoria","Melbourne International Airport","YMML","MEL","YMML Twr/App/Center","https://www.liveatc.net/play/ymml3.pls","",""
"Oceania","Australia","Raywood","Victoria","Raywood","YRYW","","YRYW 122.5","https://www.liveatc.net/play/yryw1_122500.pls","","YBDG"
"Oceania","Australia","Raywood","Victoria","Raywood","YRYW","","YRYW 122.7","https://www.liveatc.net/play/yryw1_122700.pls","","YBDG"
"Oceania","Australia","Raywood","Victoria","Raywood","YRYW","","YRYW 122.9","https://www.liveatc.net/play/yryw1_122900.pls","","YBDG"
"Oceania","Australia","Raywood","Victoria","Raywood","YRYW","","YRYW CTAF","https://www.liveatc.net/play/yryw1_ctaf.pls","","YBDG"
"Oceania","Australia","Perth","Western Australia","Perth Jandakot Airport","YPJT","JAD","YPJT Gnd/Twr","https://www.liveatc.net/play/ypjt2_misc.pls","",""
"Oceania","Australia","Perth","Western Australia","Perth Jandakot Airport","YPJT","JAD","YPJT Ground","https://www.liveatc.net/play/ypjt3_gnd.pls","",""
"Oceania","Australia","Perth","Western Australia","Perth Jandakot Airport","YPJT","JAD","YPJT Melbourne Center","https://www.liveatc.net/play/ypjt2_melb_ctr.pls","",""
"Oceania","Australia","Perth","Western Australia","Perth Jandakot Airport","YPJT","JAD","YPJT Perth Center","https://www.liveatc.net/play/ypjt2_ctr.pls","",""
"Oceania","Australia","Perth","Western Australia","Perth Jandakot Airport","YPJT","JAD","YPJT Tower","https://www.liveatc.net/play/ypjt3_twr.pls","",""
"Oceania","Australia","Perth","Western Australia","Perth International Airport","YPPH","PER","YPPH Approach (132.95)","https://www.liveatc.net/play/ypjt2_ypph_app.pls","",""
"Oceania","Australia","Perth","Western Australia","Perth International Airport","YPPH","PER","YPPH Approach #1 (123.6)","https://www.liveatc.net/play/ypph_app.pls","",""
"Oceania","Australia","Perth","Western Australia","Perth International Airport","YPPH","PER","YPPH Approach #2 (123.6)","https://www.liveatc.net/play/ypph2_app.pls","",""
"Oceania","Australia","Perth","Western Australia","Perth International Airport","YPPH","PER","YPPH Departure","https://www.liveatc.net/play/ypph_dep.pls","",""
"Oceania","Australia","Perth","Western Australia","Perth International Airport","YPPH","PER","YPPH Ground","https://www.liveatc.net/play/ypph_gnd.pls","",""
"Oceania","Australia","Perth","Western Australia","Perth International Airport","YPPH","PER","YPPH Tower #1","https://www.liveatc.net/play/ypph_twr.pls","",""
"Oceania","Australia","Perth","Western Australia","Perth International Airport","YPPH","PER","YPPH Tower #2","https://www.liveatc.net/play/ypph2_twr.pls","",""
"South America","Argentina","Buenos Aires","Buenos-Aires-F-D-","Jorge Newbery Airpark","SABE","AEP","SABE Gnd/Twr/App","https://www.liveatc.net/play/sabe4_twrgnd.pls","",""
"South America","Argentina","Cordoba","","Ing A L V Tarravella International Airport","SACO","COR","SACO TMA","https://www.liveatc.net/play/saco2_tma.pls","",""
"South America","Argentina","Cordoba","","Ing A L V Tarravella International Airport","SACO","COR","SACO Tower","https://www.liveatc.net/play/saco2_twr.pls","",""
"South America","Argentina","Cordoba","","Ing A L V Tarravella International Airport","SACO","COR","SACO Tower (Aux 1)","https://www.liveatc.net/play/saco2_twr_aux1.pls","",""
"South America","Argentina","Cordoba","","Ing A L V Tarravella International Airport","SACO","COR","SACO Tower (Aux 2)","https://www.liveatc.net/play/saco2_twr_aux2.pls","",""
"South America","Argentina","La Plata","","La Plata Airport","SADL","LPG","SADL Misc","https://www.liveatc.net/play/sadl2.pls","",""
"South America","Argentina","Rio Negro","","San Carlos de Bariloche Airport","SAZS","BRC","SAZS ATIS","https://www.liveatc.net/play/sazs_atis.pls","",""
"South America","Argentina","Rio Negro","","San Carlos de Bariloche Airport","SAZS","BRC","SAZS Gnd/Twr/App","https://www.liveatc.net/play/sazs.pls","",""
"South America","Argentina","Salta","","Martin Miguel de Guemes International Airport","SASA","SLA","SASA Twr/App","https://www.liveatc.net/play/sasa.pls","",""
"South America","Aruba","Oranjestad","","Queen Beatrix International Airport","TNCA","AUA","TNCA Twr/App/Apron","https://www.liveatc.net/play/tnca.pls","",""
"South America","Bonaire","Kralendijk","","Flamingo International Airport","TNCB","BON","TNCB ATIS","https://www.liveatc.net/play/tncb_atis.pls","",""
"South America","Bonaire","Kralendijk","","Flamingo International Airport","TNCB","BON","TNCB Tower","https://www.liveatc.net/play/tncb.pls","",""
"South America","Brazil","Aracaju","","Santa Maria Airport","SBAR","AJU","SBAR Twr/App","https://www.liveatc.net/play/sbar2.pls","",""
"South America","Brazil","Boa Vista","","Boa Vista International Airport","SBBV","BVB","SBBV Tower/Approach","https://www.liveatc.net/play/sbbv3.pls","",""
"South America","Brazil","Campina Grande","","Campina Grande/Presidente Joao Suassuna Airport","SBKG","CPV","SBKG Tower","https://www.liveatc.net/play/sbkg3.pls","",""
"South America","Brazil","Campinas","","Viracopos International Airport","SBKP","VCP","SBKP Tower #2","https://www.liveatc.net/play/sbkp3_twr.pls","",""
"South America","Brazil","Curitiba","","Afonso Pena Airport","SBCT","CWB","SBCT Gnd/Twr/App","https://www.liveatc.net/play/sbct2.pls","",""
"South America","Brazil","Fortaleza","","Pinto Martins International Airport","SBFZ","FOR","SBFZ Gnd/Twr/App","https://www.liveatc.net/play/sbfz6.pls","",""
"South America","Brazil","Fortaleza","","Pinto Martins International Airport","SBFZ","FOR","SBFZ Twr/App/Center","https://www.liveatc.net/play/sbfz4.pls","",""
"South America","Brazil","Ilheus","","Jorge Amado Airport","SBIL","IOS","Ilheus Control/Misc","https://www.liveatc.net/play/sbil2.pls","https://youtu.be/gE_49P-BBvg",""
"South America","Brazil","Ilheus","","Jorge Amado Airport","SBIL","IOS","Recife Center (Sectors 11/13/14)","https://www.liveatc.net/play/sbil2_ctr.pls","https://youtu.be/gE_49P-BBvg",""
"South America","Brazil","Juazeiro do Norte","","Juazeiro do Norte Airport","SBJU","JDO","SBJU Tower/Center","https://www.liveatc.net/play/sbju.pls","",""
"South America","Brazil","Londrina","","Londrina Airport","SBLO","LDB","SBLO Twr/App/Center","https://www.liveatc.net/play/sblo.pls","",""
"South America","Brazil","Maringa","","Regional de Maringa Silvio Name Junior Airport","SBMG","MGF","SBMG Twr/App","https://www.liveatc.net/play/sbmg.pls","",""
"South America","Brazil","Montes Claros","","Montes Claros Airport","SBMK","MOC","SBMK RDO/Center","https://www.liveatc.net/play/sbmk.pls","",""
"South America","Brazil","Parnaiba","","Joao Silva Filho International Airport","SBPB","PHB","SBPB Info","https://www.liveatc.net/play/sbpb2.pls","",""
"South America","Brazil","Paulo Afonso","","Paulo Afonso Airport","SBUF","PAV","SBRE Recife ACC","https://www.liveatc.net/play/sbre1.pls","",""
"South America","Brazil","Paulo Afonso","","Paulo Afonso Airport","SBUF","PAV","SBUF AFIS/Center","https://www.liveatc.net/play/sbuf.pls","",""
"South America","Brazil","Petrolina","","Petrolina Airport","SBPL","PNZ","SBPL RDO/ACC","https://www.liveatc.net/play/sbpl.pls","",""
"South America","Brazil","Porto Alegre","","Salgado Filho International Airport","SBPA","POA","SBPA Gnd/Twr/App/Center","https://www.liveatc.net/play/sbpa2.pls","https://youtu.be/CJeaqFJPP1o",""
"South America","Brazil","Recife","","Guararapes International (Gilberto Freyre International)","SBRF","REC","SBRF App 129.60","https://www.liveatc.net/play/sbrf_12960.pls","",""
"South America","Brazil","Recife","","Guararapes International (Gilberto Freyre International)","SBRF","REC","SBRF Gol Ops","https://www.liveatc.net/play/sbrf_gol.pls","",""
"South America","Brazil","Recife","","Guararapes International (Gilberto Freyre International)","SBRF","REC","SBRF Ground","https://www.liveatc.net/play/sbrf_gnd.pls","",""
"South America","Brazil","Recife","","Guararapes International (Gilberto Freyre International)","SBRF","REC","SBRF LATAM Ops","https://www.liveatc.net/play/sbrf_latam.pls","",""
"South America","Brazil","Recife","","Guararapes International (Gilberto Freyre International)","SBRF","REC","SBRF Recife ACC","https://www.liveatc.net/play/sbrf_acc.pls","",""
"South America","Brazil","Recife","","Guararapes International (Gilberto Freyre International)","SBRF","REC","SBRF Tower","https://www.liveatc.net/play/sbrf_11835.pls","",""
"South America","Brazil","Santarem","","Santarem-Maestro Wilson Fonseca Airport","SBSN","STM","SBSN Twr/App/ACC","https://www.liveatc.net/play/sbsn.pls","",""
"South America","Brazil","Sao Goncalo do Amarante","","Greater Natal International Airport","SBSG","NAT","SBSG Gnd/Twr/App","https://www.liveatc.net/play/sbsg3.pls","",""
"South America","Brazil","Sao Jose do Rio Preto","","Sao Jose do Rio Preto Airport","SBSR","SJP","SBSR AFIS/App/Center","https://www.liveatc.net/play/sbsr.pls","",""
"South America","Brazil","Teresina","","Teresina-Senador Petronio Portella Airport","SBTE","THE","SBTE Twr/App","https://www.liveatc.net/play/sbte2.pls","",""
"South America","Chile","Santiago","","Arturo Merino Benitez International Airport","SCEL","SCL","SCEL Gnd/Twr/Radar","https://www.liveatc.net/play/scel.pls","",""
"South America","Colombia","Armenia","Quindio","El Eden Airport","SKAR","AXM","SKAR Tower","https://www.liveatc.net/play/skbo7_skar_twr_118500.pls","",""
"South America","Colombia","Cartago","Valle-del-Cauca","Santa Ana Airport","SKGO","CRC","SKGO Tower","https://www.liveatc.net/play/skbo7_skgo_twr_118300.pls","",""
"South America","Colombia","Bogota","","El Nuevo Dorado International Airport","SKBO","BOG","SKBO Bogota Control 125.1","https://www.liveatc.net/play/skbo7_bog_ctl_125100.pls","",""
"South America","Colombia","Cali","","Alfonso Bonilla Aragon International Airport","SKCL","CLO","SKCL Approach","https://www.liveatc.net/play/skbo7_cali_app_119100.pls","",""
"South America","Colombia","Cali","","Alfonso Bonilla Aragon International Airport","SKCL","CLO","SKCL Cali Control 126.7","https://www.liveatc.net/play/skbo7_cali_ctl_126700.pls","",""
"South America","Colombia","Pereira","","Matecana International Airport","SKPE","PEI","SKPE Approach 120.7","https://www.liveatc.net/play/skbo7_per_app_120700.pls","",""
"South America","Colombia","Pereira","","Matecana International Airport","SKPE","PEI","SKPE Tower","https://www.liveatc.net/play/skbo7_skpe_twr_118700.pls","",""
"South America","Colombia","Rionegro","","Rionegro/Jose Maria Cordova Airport","SKRG","MDE","SKRG Medellin Control 127.2","https://www.liveatc.net/play/skbo7_med_ctl_127200.pls","",""
"South America","Costa Rica","San Jose","","Juan Santamaria International Airport","MROC","SJO","CENAMER/Panama ACC","https://www.liveatc.net/play/mroc_ctr.pls","",""
"South America","Costa Rica","San Jose","","Juan Santamaria International Airport","MROC","SJO","MROC Approach/Control","https://www.liveatc.net/play/mroc_app_control.pls","",""
"South America","Costa Rica","San Jose","","Juan Santamaria International Airport","MROC","SJO","MROC Del/Gnd/Twr/App/Center/Misc","https://www.liveatc.net/play/mroc.pls","",""
"South America","Costa Rica","San Jose","","Juan Santamaria International Airport","MROC","SJO","MROC Gnd/Twr/App/Center","https://www.liveatc.net/play/mroc5.pls","",""
"South America","Curacao","Willemstad","","Aeropuerto Hato","TNCC","CUR","TNCC Control","https://www.liveatc.net/play/tncc.pls","",""
"South America","Curacao","Willemstad","","Aeropuerto Hato","TNCC","CUR","TNCC Terminal","https://www.liveatc.net/play/tncc3_rdr1.pls","",""
"South America","Curacao","Willemstad","","Aeropuerto Hato","TNCC","CUR","TNCC Tower","https://www.liveatc.net/play/tncc3_twr.pls","",""
"South America","Curacao","Willemstad","","Aeropuerto Hato","TNCC","CUR","TNCC Twr/Radar/Control","https://www.liveatc.net/play/tncc1.pls","",""
"South America","El Salvador","San Salvador","","Ilopango International Airport","MSSS","ILS","MSSS Gnd/Twr/App","https://www.liveatc.net/play/msss4.pls","",""
"South America","Peru","Arequipa","","Rodriguez Ballon International Airport","SPQU","AQP","SPQU Ground","https://www.liveatc.net/play/spqu2_gnd.pls","",""
"South America","Peru","Arequipa","","Rodriguez Ballon International Airport","SPQU","AQP","SPQU Misc","https://www.liveatc.net/play/spqu2_misc.pls","",""
"South America","Peru","Arequipa","","Rodriguez Ballon International Airport","SPQU","AQP","SPQU Tower/Guard","https://www.liveatc.net/play/spqu2_twr.pls","",""
"South America","Peru","Cusco","","Alejandro Velasco Astete International Airport","SPZO","CUZ","SPZO Ground","https://www.liveatc.net/play/spzo2_gnd.pls","",""
"South America","Peru","Cusco","","Alejandro Velasco Astete International Airport","SPZO","CUZ","SPZO Misc","https://www.liveatc.net/play/spzo2_misc.pls","",""
"South America","Peru","Cusco","","Alejandro Velasco Astete International Airport","SPZO","CUZ","SPZO Tower","https://www.liveatc.net/play/spzo2_twr.pls","",""
"South America","Peru","Pisco","","Capitan FAP Renan Elias Olivera Airport","SPSO","PIO","SPSO Misc","https://www.liveatc.net/play/spso2_misc.pls","",""
"South America","Peru","Pisco","","Capitan FAP Renan Elias Olivera Airport","SPSO","PIO","SPSO Tower","https://www.liveatc.net/play/spso2_twr.pls","",""
"South America","Peru","Tarapoto","","Cadete FAP Guillermo del Castillo Paredes Airport","SPST","TPP","SPST Tower","https://www.liveatc.net/play/spst2.pls","",""
"South America","Suriname","Paramaribo","","Zorg en Hoop Airport","SMZO","ORG","SMZO Tower","https://www.liveatc.net/play/smzo2.pls","",""
"South America","Trinidad and Tobago","Port of Spain","","Piarco International Airport","TTPP","POS","TTPP Apron/Gnd/Twr","https://www.liveatc.net/play/ttpp_twr.pls","",""
"South America","Trinidad and Tobago","Port of Spain","","Piarco International Airport","TTPP","POS","TTPP Piarco App/Center","https://www.liveatc.net/play/ttpp_app.pls","",""
"South America","Trinidad and Tobago","Scarborough","","A. N. R. Robinson International Airport","TTCP","TAB","TTCP Gnd/Twr/App","https://www.liveatc.net/play/ttcp2.pls","",""
"South America","Uruguay","Maldonado","Maldonado","El Jaguel / Punta del Este Airport","SUPE","","SUPE CTAF","https://www.liveatc.net/play/suls2_supe.pls","","SULS"
"South America","Uruguay","Durazno","","Santa Bernardina International Airport","SUDU","DZO","SUDU Twr/App/FIR","https://www.liveatc.net/play/sudu1_twr_app.pls","",""
"South America","Uruguay","Montevideo","","Carrasco General Cesareo L. Berisso International Airport","SUMU","MVD","Montevideo Control (Antena Este)","https://www.liveatc.net/play/sumu3_ctl.pls","",""
"South America","Uruguay","Montevideo","","Carrasco General Cesareo L. Berisso International Airport","SUMU","MVD","SUMU App/Dep","https://www.liveatc.net/play/sumu_app_ctr.pls","",""
"South America","Uruguay","Montevideo","","Carrasco General Cesareo L. Berisso International Airport","SUMU","MVD","SUMU ATIS","https://www.liveatc.net/play/sumu4_atis.pls","",""
"South America","Uruguay","Montevideo","","Carrasco General Cesareo L. Berisso International Airport","SUMU","MVD","SUMU Twr/App","https://www.liveatc.net/play/sumu2.pls","",""
"South America","Uruguay","Montevideo","","Carrasco General Cesareo L. Berisso International Airport","SUMU","MVD","SUMU Twr/Info","https://www.liveatc.net/play/sumu_twr_info.pls","",""
"South America","Uruguay","Paysandu","","Paysandu Airport","SUPU","PDU","SUPU AFIS","https://www.liveatc.net/play/supu1_afis.pls","",""
"South America","Uruguay","Punta del Este","","Capitan Corbeta C A Curbelo International Airport","SULS","PDP","SULS Tower","https://www.liveatc.net/play/suls2_twr.pls","",""
"South America","Uruguay","Salto","","Nueva Hesperides International Airport","SUSO","STY","SUSO Tower/Ramp","https://www.liveatc.net/play/suso1.pls","",""
"South America","Venezuela","Caracas","Vargas","Maiquetia (Simon Bolivar Internacional) Airport","SVMI","CCS","SVMI/SVZM FIR","https://www.liveatc.net/play/svzm2.pls","",""
"South America","Venezuela","Ciudad Guayana","","Manuel Carlos Piar Guayana Airport","SVPR","PZO","SVPR Twr/App/FIR","https://www.liveatc.net/play/svpr2.pls","","SVBC"
